ISO-10303-21;
HEADER;
FILE_DESCRIPTION (( 'STEP AP214' ),
    '1' );
FILE_NAME ('ACS71240KEXBLT-050U5.STEP',
    '2025-12-10T17:08:42',
    ( '' ),
    ( '' ),
    'SwSTEP 2.0',
    'SolidWorks 2021',
    '' );
FILE_SCHEMA (( 'AUTOMOTIVE_DESIGN' ));
ENDSEC;

DATA;
#1 = EDGE_CURVE ( 'NONE', #4979, #3112, #5376, .T. ) ;
#2 = ORIENTED_EDGE ( 'NONE', *, *, #5065, .F. ) ;
#3 = LINE ( 'NONE', #3608, #4714 ) ;
#4 = ORIENTED_EDGE ( 'NONE', *, *, #3674, .F. ) ;
#5 = FACE_OUTER_BOUND ( 'NONE', #3372, .T. ) ;
#6 = CARTESIAN_POINT ( 'NONE',  ( 1.449999999999999956, 0.07499999999999999722, -0.3750000000000105471 ) ) ;
#7 = EDGE_LOOP ( 'NONE', ( #2139, #5881, #2305, #2673 ) ) ;
#8 = ORIENTED_EDGE ( 'NONE', *, *, #3822, .T. ) ;
#9 = ORIENTED_EDGE ( 'NONE', *, *, #2273, .F. ) ;
#10 = CARTESIAN_POINT ( 'NONE',  ( 0.000000000000000000, 0.1499999999999999944, -0.1499999999999999667 ) ) ;
#11 = CARTESIAN_POINT ( 'NONE',  ( 0.000000000000000000, 0.000000000000000000, 0.000000000000000000 ) ) ;
#12 = ORIENTED_EDGE ( 'NONE', *, *, #2053, .F. ) ;
#13 = DIRECTION ( 'NONE',  ( 4.857225732735066175E-14, 0.000000000000000000, 1.000000000000000000 ) ) ;
#14 = PLANE ( 'NONE',  #6046 ) ;
#15 = VERTEX_POINT ( 'NONE', #6370 ) ;
#16 = EDGE_CURVE ( 'NONE', #5028, #4457, #6330, .T. ) ;
#17 = CARTESIAN_POINT ( 'NONE',  ( 0.9249999999999994893, 0.1499999999999999944, 1.500000000000000000 ) ) ;
#18 = DIRECTION ( 'NONE',  ( -1.000000000000000000, 0.000000000000000000, -7.885106708985491006E-16 ) ) ;
#19 = DIRECTION ( 'NONE',  ( 0.000000000000000000, 0.000000000000000000, 1.000000000000000000 ) ) ;
#20 = ADVANCED_FACE ( 'NONE', ( #733 ), #2817, .T. ) ;
#21 = DIRECTION ( 'NONE',  ( 0.7071067811865517916, 0.000000000000000000, 0.7071067811865432429 ) ) ;
#22 = CARTESIAN_POINT ( 'NONE',  ( -1.154999999999991589, 0.1499999999999999944, 1.155000000000005356 ) ) ;
#23 = DIRECTION ( 'NONE',  ( -0.000000000000000000, -1.000000000000000000, -0.000000000000000000 ) ) ;
#24 = VERTEX_POINT ( 'NONE', #2231 ) ;
#25 = FACE_OUTER_BOUND ( 'NONE', #2517, .T. ) ;
#26 = EDGE_CURVE ( 'NONE', #4333, #4295, #4665, .T. ) ;
#27 = EDGE_CURVE ( 'NONE', #3215, #5539, #2106, .T. ) ;
#28 = CARTESIAN_POINT ( 'NONE',  ( -1.450000000000000400, 0.07499999999999999722, -1.450000000000000178 ) ) ;
#29 = ORIENTED_EDGE ( 'NONE', *, *, #703, .F. ) ;
#30 = DIRECTION ( 'NONE',  ( -1.000000000000000000, 0.000000000000000000, -3.942553354492745503E-16 ) ) ;
#31 = CARTESIAN_POINT ( 'NONE',  ( 0.4249999999999996003, 0.1499999999999999944, 1.499999999999996669 ) ) ;
#32 = VERTEX_POINT ( 'NONE', #5885 ) ;
#33 = DIRECTION ( 'NONE',  ( 0.7071067811865464625, 0.000000000000000000, -0.7071067811865486830 ) ) ;
#34 = VERTEX_POINT ( 'NONE', #6460 ) ;
#35 = PLANE ( 'NONE',  #5499 ) ;
#36 = EDGE_CURVE ( 'NONE', #6461, #6101, #214, .T. ) ;
#37 = LINE ( 'NONE', #487, #2373 ) ;
#38 = EDGE_LOOP ( 'NONE', ( #1374, #6632, #386, #5323 ) ) ;
#39 = VERTEX_POINT ( 'NONE', #4888 ) ;
#40 = ORIENTED_EDGE ( 'NONE', *, *, #5805, .T. ) ;
#41 = ORIENTED_EDGE ( 'NONE', *, *, #256, .F. ) ;
#42 = EDGE_LOOP ( 'NONE', ( #6528, #5693, #2688, #3806, #6213 ) ) ;
#43 = CARTESIAN_POINT ( 'NONE',  ( -0.7000000000000003997, 0.000000000000000000, -0.8950000000000000178 ) ) ;
#44 = DIRECTION ( 'NONE',  ( 1.000000000000000000, 0.000000000000000000, -0.000000000000000000 ) ) ;
#45 = COLOUR_RGB ( '',0.7921568627450980005, 0.8196078431372548767, 0.9333333333333333481 ) ;
#46 = ADVANCED_FACE ( 'NONE', ( #246 ), #790, .T. ) ;
#47 = DIRECTION ( 'NONE',  ( 1.000000000000000000, 0.000000000000000000, -0.000000000000000000 ) ) ;
#48 = ORIENTED_EDGE ( 'NONE', *, *, #4738, .T. ) ;
#49 = FACE_OUTER_BOUND ( 'NONE', #3930, .T. ) ;
#50 = AXIS2_PLACEMENT_3D ( 'NONE', #3044, #481, #3989 ) ;
#51 = AXIS2_PLACEMENT_3D ( 'NONE', #4240, #5188, #636 ) ;
#52 = FACE_OUTER_BOUND ( 'NONE', #2336, .T. ) ;
#53 = VERTEX_POINT ( 'NONE', #317 ) ;
#54 = DIRECTION ( 'NONE',  ( 1.000000000000000000, 0.000000000000000000, -0.000000000000000000 ) ) ;
#55 = PLANE ( 'NONE',  #1050 ) ;
#56 = VECTOR ( 'NONE', #33, 999.9999999999998863 ) ;
#57 = EDGE_CURVE ( 'NONE', #903, #4265, #4459, .T. ) ;
#58 = LINE ( 'NONE', #6281, #5773 ) ;
#59 = DIRECTION ( 'NONE',  ( 0.000000000000000000, 0.000000000000000000, 1.000000000000000000 ) ) ;
#60 = VECTOR ( 'NONE', #914, 1000.000000000000000 ) ;
#61 = CARTESIAN_POINT ( 'NONE',  ( -3.898199629254493495E-14, 0.1499999999999999944, -0.8749999999999539257 ) ) ;
#62 = CARTESIAN_POINT ( 'NONE',  ( 0.4249999999999996003, 0.1499999999999999944, -1.499999999999996669 ) ) ;
#63 = DIRECTION ( 'NONE',  ( 1.000000000000000000, 0.000000000000000000, -4.455085290576799120E-14 ) ) ;
#64 = VECTOR ( 'NONE', #2319, 1000.000000000000000 ) ;
#65 = DIRECTION ( 'NONE',  ( 0.000000000000000000, -1.000000000000000000, 0.000000000000000000 ) ) ;
#66 = AXIS2_PLACEMENT_3D ( 'NONE', #4926, #431, #1833 ) ;
#67 = EDGE_CURVE ( 'NONE', #5059, #4504, #2374, .T. ) ;
#68 = ORIENTED_EDGE ( 'NONE', *, *, #3574, .F. ) ;
#69 = MECHANICAL_DESIGN_GEOMETRIC_PRESENTATION_REPRESENTATION (  '', ( #1619 ), #1828 ) ;
#70 = CARTESIAN_POINT ( 'NONE',  ( 0.000000000000000000, 0.000000000000000000, 0.000000000000000000 ) ) ;
#71 = AXIS2_PLACEMENT_3D ( 'NONE', #2221, #2796, #4776 ) ;
#72 = CARTESIAN_POINT ( 'NONE',  ( -1.450000000000000400, 0.07499999999999999722, -0.1499999999999999667 ) ) ;
#73 = CARTESIAN_POINT ( 'NONE',  ( -1.460000000000000631, 0.07499999999999999722, 0.8500000000000000888 ) ) ;
#74 = ORIENTED_EDGE ( 'NONE', *, *, #6588, .F. ) ;
#75 = COLOUR_RGB ( '',0.7921568627450980005, 0.8196078431372548767, 0.9333333333333333481 ) ;
#76 = ORIENTED_EDGE ( 'NONE', *, *, #1854, .T. ) ;
#77 = VECTOR ( 'NONE', #3490, 1000.000000000000000 ) ;
#78 = ADVANCED_FACE ( 'NONE', ( #3402 ), #5471, .F. ) ;
#79 = VERTEX_POINT ( 'NONE', #4963 ) ;
#80 = ORIENTED_EDGE ( 'NONE', *, *, #3113, .F. ) ;
#81 = VECTOR ( 'NONE', #5554, 1000.000000000000000 ) ;
#82 = DIRECTION ( 'NONE',  ( 0.000000000000000000, -0.000000000000000000, 1.000000000000000000 ) ) ;
#83 = VECTOR ( 'NONE', #782, 1000.000000000000000 ) ;
#84 = DIRECTION ( 'NONE',  ( 1.516366674804902060E-16, 0.000000000000000000, -1.000000000000000000 ) ) ;
#85 = LINE ( 'NONE', #1299, #4845 ) ;
#86 = ORIENTED_EDGE ( 'NONE', *, *, #2302, .T. ) ;
#87 = ORIENTED_EDGE ( 'NONE', *, *, #6098, .T. ) ;
#88 = VECTOR ( 'NONE', #3379, 1000.000000000000000 ) ;
#89 = LINE ( 'NONE', #1646, #3950 ) ;
#90 = EDGE_CURVE ( 'NONE', #4759, #1849, #178, .T. ) ;
#91 = LINE ( 'NONE', #4645, #1491 ) ;
#92 = ORIENTED_EDGE ( 'NONE', *, *, #1307, .F. ) ;
#93 = CARTESIAN_POINT ( 'NONE',  ( 0.000000000000000000, 0.07499999999999999722, 0.000000000000000000 ) ) ;
#94 = DIRECTION ( 'NONE',  ( 0.000000000000000000, 0.000000000000000000, -1.000000000000000000 ) ) ;
#95 = LINE ( 'NONE', #1677, #234 ) ;
#96 = CARTESIAN_POINT ( 'NONE',  ( 1.499999999999999778, 0.07499999999999999722, 0.6249999999999893419 ) ) ;
#97 = CARTESIAN_POINT ( 'NONE',  ( 1.449999999999999956, 0.07499999999999999722, -0.3750000000000104361 ) ) ;
#98 = ORIENTED_EDGE ( 'NONE', *, *, #232, .T. ) ;
#99 = CARTESIAN_POINT ( 'NONE',  ( 9.184792940293066228E-17, 0.000000000000000000, 0.3750000000000104361 ) ) ;
#100 = FACE_OUTER_BOUND ( 'NONE', #2810, .T. ) ;
#101 = DIRECTION ( 'NONE',  ( 1.000000000000000000, -0.000000000000000000, 0.000000000000000000 ) ) ;
#102 = ORIENTED_EDGE ( 'NONE', *, *, #4187, .F. ) ;
#103 = LINE ( 'NONE', #4283, #2781 ) ;
#104 = EDGE_CURVE ( 'NONE', #1160, #2486, #2274, .T. ) ;
#105 = DIRECTION ( 'NONE',  ( 0.000000000000000000, 0.000000000000000000, -1.000000000000000000 ) ) ;
#106 = DIRECTION ( 'NONE',  ( 0.000000000000000000, 0.000000000000000000, -1.000000000000000000 ) ) ;
#107 = ORIENTED_EDGE ( 'NONE', *, *, #4935, .T. ) ;
#108 = EDGE_CURVE ( 'NONE', #491, #2896, #4358, .T. ) ;
#109 = ADVANCED_FACE ( 'NONE', ( #4524 ), #3537, .T. ) ;
#110 = ORIENTED_EDGE ( 'NONE', *, *, #4653, .T. ) ;
#111 = ORIENTED_EDGE ( 'NONE', *, *, #1655, .F. ) ;
#112 = ORIENTED_EDGE ( 'NONE', *, *, #5997, .F. ) ;
#113 = LINE ( 'NONE', #3762, #2368 ) ;
#114 = PLANE ( 'NONE',  #5171 ) ;
#115 = CARTESIAN_POINT ( 'NONE',  ( 1.449999999999999956, 0.07499999999999999722, -0.6250000000000021094 ) ) ;
#116 = CARTESIAN_POINT ( 'NONE',  ( 1.449999999999999956, 0.000000000000000000, 1.450000000000000178 ) ) ;
#117 = ORIENTED_EDGE ( 'NONE', *, *, #3684, .T. ) ;
#118 = EDGE_CURVE ( 'NONE', #6225, #1902, #5644, .T. ) ;
#119 = ADVANCED_FACE ( 'NONE', ( #2543 ), #929, .T. ) ;
#120 = EDGE_LOOP ( 'NONE', ( #5960, #359, #325, #5069 ) ) ;
#121 = DIRECTION ( 'NONE',  ( 1.000000000000000000, -0.000000000000000000, 0.000000000000000000 ) ) ;
#122 = VERTEX_POINT ( 'NONE', #4089 ) ;
#123 = LINE ( 'NONE', #2216, #5168 ) ;
#124 = EDGE_CURVE ( 'NONE', #1305, #3294, #6011, .T. ) ;
#125 = CARTESIAN_POINT ( 'NONE',  ( 0.4249999999999996003, 0.000000000000000000, 0.000000000000000000 ) ) ;
#126 = CARTESIAN_POINT ( 'NONE',  ( -1.500000000000000222, 0.1499999999999999944, 0.1499999999999999667 ) ) ;
#127 = CARTESIAN_POINT ( 'NONE',  ( -1.450000000000000400, 0.1499999999999999944, -0.1499999999999999667 ) ) ;
#128 = PLANE ( 'NONE',  #2362 ) ;
#129 = LINE ( 'NONE', #1531, #3994 ) ;
#130 = CARTESIAN_POINT ( 'NONE',  ( -1.500000000000000222, 0.000000000000000000, -1.500000000000000000 ) ) ;
#131 = ADVANCED_FACE ( 'NONE', ( #1397 ), #3439, .T. ) ;
#132 = LINE ( 'NONE', #5745, #5943 ) ;
#133 = CARTESIAN_POINT ( 'NONE',  ( -1.449999999999999956, 0.1499999999999999944, -0.3500000000000000333 ) ) ;
#134 = ORIENTED_EDGE ( 'NONE', *, *, #373, .F. ) ;
#135 = DIRECTION ( 'NONE',  ( 0.000000000000000000, 1.000000000000000000, -0.000000000000000000 ) ) ;
#136 = LINE ( 'NONE', #4814, #729 ) ;
#137 = CARTESIAN_POINT ( 'NONE',  ( -1.450000000000000400, 0.1499999999999999944, 0.6500000000000000222 ) ) ;
#138 = VERTEX_POINT ( 'NONE', #3993 ) ;
#139 = EDGE_CURVE ( 'NONE', #5489, #3110, #6051, .T. ) ;
#140 = EDGE_LOOP ( 'NONE', ( #2522, #4133, #5612, #41 ) ) ;
#141 = ORIENTED_EDGE ( 'NONE', *, *, #6005, .F. ) ;
#142 = ORIENTED_EDGE ( 'NONE', *, *, #6552, .F. ) ;
#143 = VECTOR ( 'NONE', #2724, 1000.000000000000000 ) ;
#144 = CARTESIAN_POINT ( 'NONE',  ( 0.9249999999999998224, 0.1499999999999999944, 1.224999999999996536 ) ) ;
#145 = DIRECTION ( 'NONE',  ( 0.000000000000000000, -1.000000000000000000, 0.000000000000000000 ) ) ;
#146 = PRESENTATION_STYLE_ASSIGNMENT (( #3090 ) ) ;
#147 = DIRECTION ( 'NONE',  ( -0.7071067811865464625, 0.000000000000000000, 0.7071067811865486830 ) ) ;
#148 = ORIENTED_EDGE ( 'NONE', *, *, #5465, .T. ) ;
#149 = VERTEX_POINT ( 'NONE', #31 ) ;
#150 = LINE ( 'NONE', #4768, #143 ) ;
#151 = LINE ( 'NONE', #4965, #164 ) ;
#152 = EDGE_CURVE ( 'NONE', #2483, #6323, #4250, .T. ) ;
#153 = ORIENTED_EDGE ( 'NONE', *, *, #2740, .T. ) ;
#154 = ADVANCED_FACE ( 'NONE', ( #4186 ), #3686, .T. ) ;
#155 = CARTESIAN_POINT ( 'NONE',  ( 1.500000000000003331, 0.1499999999999999944, 0.6249999999999893419 ) ) ;
#156 = LINE ( 'NONE', #2118, #2672 ) ;
#157 = ORIENTED_EDGE ( 'NONE', *, *, #2821, .F. ) ;
#158 = VECTOR ( 'NONE', #6407, 1000.000000000000000 ) ;
#159 = DIRECTION ( 'NONE',  ( 0.000000000000000000, 1.000000000000000000, 0.000000000000000000 ) ) ;
#160 = ADVANCED_FACE ( 'NONE', ( #5356 ), #714, .T. ) ;
#161 = PLANE ( 'NONE',  #2473 ) ;
#162 = FACE_OUTER_BOUND ( 'NONE', #2841, .T. ) ;
#163 = VECTOR ( 'NONE', #6447, 1000.000000000000000 ) ;
#164 = VECTOR ( 'NONE', #6374, 1000.000000000000000 ) ;
#165 = SURFACE_SIDE_STYLE ('',( #2762 ) ) ;
#166 = AXIS2_PLACEMENT_3D ( 'NONE', #5646, #1559, #6659 ) ;
#167 = LINE ( 'NONE', #5260, #4961 ) ;
#168 = ORIENTED_EDGE ( 'NONE', *, *, #3620, .F. ) ;
#169 = EDGE_CURVE ( 'NONE', #5111, #3511, #1281, .T. ) ;
#170 = DIRECTION ( 'NONE',  ( 0.000000000000000000, -0.000000000000000000, 1.000000000000000000 ) ) ;
#171 = DIRECTION ( 'NONE',  ( 1.000000000000000000, 0.000000000000000000, -3.863702287402771662E-14 ) ) ;
#172 = AXIS2_PLACEMENT_3D ( 'NONE', #3494, #5018, #4482 ) ;
#173 = AXIS2_PLACEMENT_3D ( 'NONE', #6726, #1957, #1482 ) ;
#174 = FACE_OUTER_BOUND ( 'NONE', #3803, .T. ) ;
#175 = CARTESIAN_POINT ( 'NONE',  ( -0.7000000000000002887, 0.1499999999999999944, 0.8950000000000000178 ) ) ;
#176 = ORIENTED_EDGE ( 'NONE', *, *, #4718, .F. ) ;
#177 = VECTOR ( 'NONE', #3304, 1000.000000000000000 ) ;
#178 = LINE ( 'NONE', #688, #6648 ) ;
#179 = AXIS2_PLACEMENT_3D ( 'NONE', #4201, #6294, #6268 ) ;
#180 = ORIENTED_EDGE ( 'NONE', *, *, #4921, .T. ) ;
#181 = VERTEX_POINT ( 'NONE', #2833 ) ;
#182 = CARTESIAN_POINT ( 'NONE',  ( 0.2999999999999999334, 0.1499999999999999944, 1.099999999999996758 ) ) ;
#183 = PLANE ( 'NONE',  #4518 ) ;
#184 = DIRECTION ( 'NONE',  ( 1.000000000000000000, 0.000000000000000000, -3.942553354492745503E-16 ) ) ;
#185 = VECTOR ( 'NONE', #3370, 1000.000000000000000 ) ;
#186 = LINE ( 'NONE', #251, #740 ) ;
#187 = ORIENTED_EDGE ( 'NONE', *, *, #1829, .F. ) ;
#188 = VECTOR ( 'NONE', #1366, 1000.000000000000000 ) ;
#189 = ORIENTED_EDGE ( 'NONE', *, *, #1038, .T. ) ;
#190 = VECTOR ( 'NONE', #5810, 1000.000000000000000 ) ;
#191 = DIRECTION ( 'NONE',  ( 0.000000000000000000, -1.000000000000000000, 0.000000000000000000 ) ) ;
#192 = ORIENTED_EDGE ( 'NONE', *, *, #1053, .F. ) ;
#193 = CARTESIAN_POINT ( 'NONE',  ( 0.000000000000000000, 0.07499999999999999722, 0.000000000000000000 ) ) ;
#194 = CARTESIAN_POINT ( 'NONE',  ( -0.7000000000000003997, 0.1499999999999999944, -0.8950000000000000178 ) ) ;
#195 = AXIS2_PLACEMENT_3D ( 'NONE', #3458, #4009, #1472 ) ;
#196 = VECTOR ( 'NONE', #267, 1000.000000000000000 ) ;
#197 = ORIENTED_EDGE ( 'NONE', *, *, #612, .T. ) ;
#198 = EDGE_CURVE ( 'NONE', #2618, #4103, #2225, .T. ) ;
#199 = CARTESIAN_POINT ( 'NONE',  ( 0.000000000000000000, 0.1499999999999999944, 0.000000000000000000 ) ) ;
#200 = LINE ( 'NONE', #1273, #519 ) ;
#201 = CARTESIAN_POINT ( 'NONE',  ( 0.000000000000000000, 0.1499999999999999944, 0.000000000000000000 ) ) ;
#202 = CARTESIAN_POINT ( 'NONE',  ( 9.184792940293066228E-17, 0.1499999999999999944, 0.3750000000000104361 ) ) ;
#203 = DIRECTION ( 'NONE',  ( 0.000000000000000000, -1.000000000000000000, 0.000000000000000000 ) ) ;
#204 = EDGE_CURVE ( 'NONE', #2850, #685, #5462, .T. ) ;
#205 = LINE ( 'NONE', #1279, #4536 ) ;
#206 = CARTESIAN_POINT ( 'NONE',  ( -1.450000000000000400, 0.07499999999999999722, 1.450000000000000178 ) ) ;
#207 = EDGE_LOOP ( 'NONE', ( #2678, #1989, #2183, #3922 ) ) ;
#208 = CARTESIAN_POINT ( 'NONE',  ( 1.499999999999999778, 0.07499999999999999722, 1.500000000000000000 ) ) ;
#209 = FILL_AREA_STYLE ('',( #4719 ) ) ;
#210 = DIRECTION ( 'NONE',  ( -1.000000000000000000, 0.000000000000000000, -6.023345402696833799E-16 ) ) ;
#211 = ORIENTED_EDGE ( 'NONE', *, *, #3111, .F. ) ;
#212 = EDGE_CURVE ( 'NONE', #6606, #2457, #3464, .T. ) ;
#213 = VECTOR ( 'NONE', #3419, 1000.000000000000000 ) ;
#214 = LINE ( 'NONE', #1362, #1264 ) ;
#215 = ORIENTED_EDGE ( 'NONE', *, *, #4572, .T. ) ;
#216 = ORIENTED_EDGE ( 'NONE', *, *, #3942, .F. ) ;
#217 = DIRECTION ( 'NONE',  ( 0.000000000000000000, 0.000000000000000000, 1.000000000000000000 ) ) ;
#218 = DIRECTION ( 'NONE',  ( 0.000000000000000000, 0.000000000000000000, 1.000000000000000000 ) ) ;
#219 = FACE_OUTER_BOUND ( 'NONE', #4534, .T. ) ;
#220 = PLANE ( 'NONE',  #4000 ) ;
#221 = ORIENTED_EDGE ( 'NONE', *, *, #1098, .T. ) ;
#222 = ORIENTED_EDGE ( 'NONE', *, *, #439, .F. ) ;
#223 = ORIENTED_EDGE ( 'NONE', *, *, #4075, .T. ) ;
#224 = CARTESIAN_POINT ( 'NONE',  ( 3.380739501477607037E-14, 0.1499999999999999944, 0.8750000000000470735 ) ) ;
#225 = FACE_OUTER_BOUND ( 'NONE', #1566, .T. ) ;
#226 = ORIENTED_EDGE ( 'NONE', *, *, #2591, .T. ) ;
#227 = EDGE_CURVE ( 'NONE', #5712, #976, #4580, .T. ) ;
#228 = DIRECTION ( 'NONE',  ( 0.000000000000000000, 0.000000000000000000, -1.000000000000000000 ) ) ;
#229 = DIRECTION ( 'NONE',  ( 0.000000000000000000, -0.000000000000000000, 1.000000000000000000 ) ) ;
#230 = DIRECTION ( 'NONE',  ( 0.000000000000000000, 0.000000000000000000, 1.000000000000000000 ) ) ;
#231 = FACE_OUTER_BOUND ( 'NONE', #2309, .T. ) ;
#232 = EDGE_CURVE ( 'NONE', #2040, #3820, #1956, .T. ) ;
#233 = CARTESIAN_POINT ( 'NONE',  ( -1.450000000000000400, 0.1499999999999999944, -0.6500000000000001332 ) ) ;
#234 = VECTOR ( 'NONE', #2633, 1000.000000000000000 ) ;
#235 = LINE ( 'NONE', #5430, #4006 ) ;
#236 = CARTESIAN_POINT ( 'NONE',  ( -1.415000000000000036, 0.1499999999999999944, -0.6150000000000003242 ) ) ;
#237 = ORIENTED_EDGE ( 'NONE', *, *, #6134, .F. ) ;
#238 = CARTESIAN_POINT ( 'NONE',  ( -0.1800000000000122891, 0.1499999999999999944, 0.3750000000000103251 ) ) ;
#239 = EDGE_CURVE ( 'NONE', #6375, #314, #3569, .T. ) ;
#240 = EDGE_CURVE ( 'NONE', #4258, #5026, #6652, .T. ) ;
#241 = LINE ( 'NONE', #4956, #3233 ) ;
#242 = DIRECTION ( 'NONE',  ( 0.000000000000000000, 0.000000000000000000, -1.000000000000000000 ) ) ;
#243 = DIRECTION ( 'NONE',  ( -1.000000000000000000, 0.000000000000000000, 8.673617379884040205E-15 ) ) ;
#244 = EDGE_LOOP ( 'NONE', ( #3380, #1219, #1758, #3087 ) ) ;
#245 = ORIENTED_EDGE ( 'NONE', *, *, #4512, .F. ) ;
#246 = FACE_OUTER_BOUND ( 'NONE', #1492, .T. ) ;
#247 = VERTEX_POINT ( 'NONE', #6140 ) ;
#248 = ADVANCED_FACE ( 'NONE', ( #2057 ), #6307, .T. ) ;
#249 = CARTESIAN_POINT ( 'NONE',  ( -1.154999999999994920, 0.07499999999999999722, -1.155000000000003357 ) ) ;
#250 = CARTESIAN_POINT ( 'NONE',  ( 0.000000000000000000, 0.07499999999999999722, 0.000000000000000000 ) ) ;
#251 = CARTESIAN_POINT ( 'NONE',  ( 0.1750000000000000167, 0.1499999999999999944, -1.499999999999996669 ) ) ;
#252 = DIRECTION ( 'NONE',  ( -1.000000000000000000, 0.000000000000000000, -3.114617150049426547E-14 ) ) ;
#253 = ORIENTED_EDGE ( 'NONE', *, *, #4229, .T. ) ;
#254 = AXIS2_PLACEMENT_3D ( 'NONE', #2827, #4873, #5799 ) ;
#255 = VERTEX_POINT ( 'NONE', #3635 ) ;
#256 = EDGE_CURVE ( 'NONE', #3269, #527, #1030, .T. ) ;
#257 = CARTESIAN_POINT ( 'NONE',  ( -1.450000000000000400, 0.1499999999999999944, 0.3499999999999997002 ) ) ;
#258 = CARTESIAN_POINT ( 'NONE',  ( 1.357148173950387145E-16, 0.1499999999999999944, 0.8949999999999999067 ) ) ;
#259 = LINE ( 'NONE', #2352, #2277 ) ;
#260 = ORIENTED_EDGE ( 'NONE', *, *, #4877, .T. ) ;
#261 = LINE ( 'NONE', #366, #1144 ) ;
#262 = CARTESIAN_POINT ( 'NONE',  ( 0.000000000000000000, 0.07499999999999999722, 0.000000000000000000 ) ) ;
#263 = CARTESIAN_POINT ( 'NONE',  ( 0.6749999999999998224, 0.000000000000000000, 1.450000000000000178 ) ) ;
#264 = LINE ( 'NONE', #2960, #410 ) ;
#265 = EDGE_CURVE ( 'NONE', #2569, #1047, #2089, .T. ) ;
#266 = MECHANICAL_DESIGN_GEOMETRIC_PRESENTATION_REPRESENTATION (  '', ( #3100 ), #1804 ) ;
#267 = DIRECTION ( 'NONE',  ( 0.7071067811865464625, 0.000000000000000000, 0.7071067811865486830 ) ) ;
#268 = COLOUR_RGB ( '',0.7921568627450980005, 0.8196078431372548767, 0.9333333333333333481 ) ;
#269 = VECTOR ( 'NONE', #866, 1000.000000000000000 ) ;
#270 = VERTEX_POINT ( 'NONE', #5741 ) ;
#271 = CARTESIAN_POINT ( 'NONE',  ( -1.100000000000000311, 0.8000000000000000444, -1.350000000000000311 ) ) ;
#272 = PLANE ( 'NONE',  #4616 ) ;
#273 = CARTESIAN_POINT ( 'NONE',  ( -1.415000000000000036, 0.1499999999999999944, 0.000000000000000000 ) ) ;
#274 = LINE ( 'NONE', #5976, #1595 ) ;
#275 = ORIENTED_EDGE ( 'NONE', *, *, #2251, .T. ) ;
#276 =( GEOMETRIC_REPRESENTATION_CONTEXT ( 3 ) GLOBAL_UNCERTAINTY_ASSIGNED_CONTEXT ( ( #2565 ) ) GLOBAL_UNIT_ASSIGNED_CONTEXT ( ( #2705, #678, #3844 ) ) REPRESENTATION_CONTEXT ( 'NONE', 'WORKASPACE' ) );
#277 = VECTOR ( 'NONE', #2535, 1000.000000000000000 ) ;
#278 = VERTEX_POINT ( 'NONE', #3162 ) ;
#279 = EDGE_CURVE ( 'NONE', #3618, #1322, #5459, .T. ) ;
#280 = PRODUCT ( 'ACS71240KEXBLT-050U5', 'ACS71240KEXBLT-050U5', '', ( #1357 ) ) ;
#281 = ORIENTED_EDGE ( 'NONE', *, *, #6416, .T. ) ;
#282 = ORIENTED_EDGE ( 'NONE', *, *, #2218, .F. ) ;
#283 = VECTOR ( 'NONE', #4575, 1000.000000000000000 ) ;
#284 = LINE ( 'NONE', #2234, #6582 ) ;
#285 = PLANE ( 'NONE',  #5711 ) ;
#286 = DIRECTION ( 'NONE',  ( 1.000000000000000000, -0.000000000000000000, 0.000000000000000000 ) ) ;
#287 = ORIENTED_EDGE ( 'NONE', *, *, #1052, .T. ) ;
#288 = CARTESIAN_POINT ( 'NONE',  ( -1.100000000000000311, 0.8000000000000000444, -1.100000000000000311 ) ) ;
#289 = VERTEX_POINT ( 'NONE', #575 ) ;
#290 = VECTOR ( 'NONE', #5586, 1000.000000000000000 ) ;
#291 = EDGE_CURVE ( 'NONE', #5077, #1104, #6204, .T. ) ;
#292 = ORIENTED_EDGE ( 'NONE', *, *, #4555, .F. ) ;
#293 = ORIENTED_EDGE ( 'NONE', *, *, #5997, .T. ) ;
#294 = VECTOR ( 'NONE', #5056, 1000.000000000000000 ) ;
#295 = CARTESIAN_POINT ( 'NONE',  ( 0.6749999999999996003, 0.07499999999999999722, 1.500000000000000000 ) ) ;
#296 = AXIS2_PLACEMENT_3D ( 'NONE', #1120, #3581, #2645 ) ;
#297 = DIRECTION ( 'NONE',  ( 0.000000000000000000, 0.000000000000000000, 1.000000000000000000 ) ) ;
#298 = VECTOR ( 'NONE', #660, 1000.000000000000000 ) ;
#299 = CARTESIAN_POINT ( 'NONE',  ( 1.500000000000005107, 0.1499999999999999944, -0.1250000000000108524 ) ) ;
#300 = VERTEX_POINT ( 'NONE', #2193 ) ;
#301 =( GEOMETRIC_REPRESENTATION_CONTEXT ( 3 ) GLOBAL_UNCERTAINTY_ASSIGNED_CONTEXT ( ( #1206 ) ) GLOBAL_UNIT_ASSIGNED_CONTEXT ( ( #1691, #3753, #1726 ) ) REPRESENTATION_CONTEXT ( 'NONE', 'WORKASPACE' ) );
#302 = EDGE_CURVE ( 'NONE', #566, #830, #2567, .T. ) ;
#303 = DIRECTION ( 'NONE',  ( -1.000000000000000000, 0.000000000000000000, -0.000000000000000000 ) ) ;
#304 = FACE_OUTER_BOUND ( 'NONE', #1074, .T. ) ;
#305 = DIRECTION ( 'NONE',  ( 1.000000000000000000, 0.000000000000000000, 0.000000000000000000 ) ) ;
#306 = DIRECTION ( 'NONE',  ( 0.000000000000000000, -1.000000000000000000, 0.000000000000000000 ) ) ;
#307 = VECTOR ( 'NONE', #5227, 1000.000000000000000 ) ;
#308 = AXIS2_PLACEMENT_3D ( 'NONE', #5230, #6351, #2671 ) ;
#309 = CARTESIAN_POINT ( 'NONE',  ( -0.5499999999999894973, 0.1499999999999999944, -0.1499999999999999667 ) ) ;
#310 = CARTESIAN_POINT ( 'NONE',  ( 1.500000000000030198, 0.1499999999999999944, -7.285838599102142986E-14 ) ) ;
#311 = LINE ( 'NONE', #208, #2142 ) ;
#312 = ORIENTED_EDGE ( 'NONE', *, *, #4954, .T. ) ;
#313 = FACE_OUTER_BOUND ( 'NONE', #4995, .T. ) ;
#314 = VERTEX_POINT ( 'NONE', #3193 ) ;
#315 = EDGE_CURVE ( 'NONE', #4856, #987, #3600, .T. ) ;
#316 = CARTESIAN_POINT ( 'NONE',  ( 0.000000000000000000, 0.000000000000000000, 0.1499999999999999667 ) ) ;
#317 = CARTESIAN_POINT ( 'NONE',  ( 1.449999999999999956, 0.000000000000000000, -0.6250000000000021094 ) ) ;
#318 = DIRECTION ( 'NONE',  ( 0.000000000000000000, 0.000000000000000000, 1.000000000000000000 ) ) ;
#319 = EDGE_LOOP ( 'NONE', ( #654, #6642, #5717, #2475 ) ) ;
#320 = LINE ( 'NONE', #4590, #3019 ) ;
#321 = LINE ( 'NONE', #2412, #3015 ) ;
#322 = EDGE_CURVE ( 'NONE', #5310, #6266, #1713, .T. ) ;
#323 = CARTESIAN_POINT ( 'NONE',  ( 0.000000000000000000, 0.1499999999999999944, 0.3499999999999999223 ) ) ;
#324 = ORIENTED_EDGE ( 'NONE', *, *, #322, .F. ) ;
#325 = ORIENTED_EDGE ( 'NONE', *, *, #4635, .F. ) ;
#326 = ORIENTED_EDGE ( 'NONE', *, *, #4325, .F. ) ;
#327 = ORIENTED_EDGE ( 'NONE', *, *, #1468, .T. ) ;
#328 = EDGE_CURVE ( 'NONE', #4210, #4886, #5938, .T. ) ;
#329 = DIRECTION ( 'NONE',  ( 0.000000000000000000, -1.000000000000000000, 0.000000000000000000 ) ) ;
#330 = EDGE_CURVE ( 'NONE', #3105, #3548, #6481, .T. ) ;
#331 = LINE ( 'NONE', #2526, #854 ) ;
#332 = ORIENTED_EDGE ( 'NONE', *, *, #3639, .F. ) ;
#333 = DIRECTION ( 'NONE',  ( -0.000000000000000000, -1.000000000000000000, 0.000000000000000000 ) ) ;
#334 = FACE_OUTER_BOUND ( 'NONE', #2125, .T. ) ;
#335 = DIRECTION ( 'NONE',  ( 0.000000000000000000, 0.000000000000000000, 1.000000000000000000 ) ) ;
#336 = EDGE_CURVE ( 'NONE', #3376, #4051, #1851, .T. ) ;
#337 = AXIS2_PLACEMENT_3D ( 'NONE', #1840, #5445, #6432 ) ;
#338 = PLANE ( 'NONE',  #3984 ) ;
#339 = LINE ( 'NONE', #2803, #1496 ) ;
#340 = VERTEX_POINT ( 'NONE', #3840 ) ;
#341 = ADVANCED_FACE ( 'NONE', ( #6382 ), #746, .F. ) ;
#342 = CARTESIAN_POINT ( 'NONE',  ( -1.450000000000000400, 0.07499999999999999722, 1.450000000000000178 ) ) ;
#343 =( NAMED_UNIT ( * ) PLANE_ANGLE_UNIT ( ) SI_UNIT ( $, .RADIAN. ) );
#344 = CARTESIAN_POINT ( 'NONE',  ( -1.450000000000000400, 0.07499999999999999722, -1.450000000000000178 ) ) ;
#345 = ORIENTED_EDGE ( 'NONE', *, *, #265, .F. ) ;
#346 = ORIENTED_EDGE ( 'NONE', *, *, #2542, .F. ) ;
#347 = AXIS2_PLACEMENT_3D ( 'NONE', #642, #3729, #3736 ) ;
#348 = DIRECTION ( 'NONE',  ( 0.000000000000000000, -1.000000000000000000, 0.000000000000000000 ) ) ;
#349 = ORIENTED_EDGE ( 'NONE', *, *, #2383, .T. ) ;
#350 = LINE ( 'NONE', #4796, #3970 ) ;
#351 = VERTEX_POINT ( 'NONE', #5289 ) ;
#352 = CARTESIAN_POINT ( 'NONE',  ( 0.6750000000000010436, 0.1499999999999999944, 5.322447028565214342E-16 ) ) ;
#353 = PLANE ( 'NONE',  #2595 ) ;
#354 = CARTESIAN_POINT ( 'NONE',  ( -0.7000000000000003997, 0.1499999999999999944, -0.8950000000000000178 ) ) ;
#355 = EDGE_CURVE ( 'NONE', #5483, #5133, #4774, .T. ) ;
#356 = VERTEX_POINT ( 'NONE', #5870 ) ;
#357 = ORIENTED_EDGE ( 'NONE', *, *, #6458, .F. ) ;
#358 = DIRECTION ( 'NONE',  ( 0.000000000000000000, -1.000000000000000000, 0.000000000000000000 ) ) ;
#359 = ORIENTED_EDGE ( 'NONE', *, *, #1755, .F. ) ;
#360 = ORIENTED_EDGE ( 'NONE', *, *, #4757, .T. ) ;
#361 = CARTESIAN_POINT ( 'NONE',  ( -1.100000000000000311, 0.7500000000000000000, -1.350000000000000311 ) ) ;
#362 = CARTESIAN_POINT ( 'NONE',  ( 1.449999999999999956, 0.000000000000000000, 0.3749999999999898415 ) ) ;
#363 = LINE ( 'NONE', #4473, #4110 ) ;
#364 = ORIENTED_EDGE ( 'NONE', *, *, #227, .F. ) ;
#365 = ADVANCED_FACE ( 'NONE', ( #2588 ), #6122, .T. ) ;
#366 = CARTESIAN_POINT ( 'NONE',  ( 0.000000000000000000, 0.1499999999999999944, 0.1499999999999999667 ) ) ;
#367 = EDGE_CURVE ( 'NONE', #5887, #4890, #4033, .T. ) ;
#368 = FACE_OUTER_BOUND ( 'NONE', #3352, .T. ) ;
#369 = PLANE ( 'NONE',  #505 ) ;
#370 = DIRECTION ( 'NONE',  ( -1.000000000000000000, 0.000000000000000000, -0.000000000000000000 ) ) ;
#371 = AXIS2_PLACEMENT_3D ( 'NONE', #4366, #5267, #592 ) ;
#372 = CARTESIAN_POINT ( 'NONE',  ( 1.499999999999999778, 0.07499999999999999722, 1.500000000000000000 ) ) ;
#373 = EDGE_CURVE ( 'NONE', #340, #6417, #4698, .T. ) ;
#374 = CARTESIAN_POINT ( 'NONE',  ( 0.000000000000000000, 0.1499999999999999944, 0.1000000000000000056 ) ) ;
#375 = DIRECTION ( 'NONE',  ( -0.000000000000000000, -1.000000000000000000, -0.000000000000000000 ) ) ;
#376 = CARTESIAN_POINT ( 'NONE',  ( 1.225000000000013856, 0.1499999999999999944, -0.7500000000000086597 ) ) ;
#377 = VERTEX_POINT ( 'NONE', #4666 ) ;
#378 = VECTOR ( 'NONE', #805, 1000.000000000000000 ) ;
#379 = CARTESIAN_POINT ( 'NONE',  ( -1.460000000000000409, 0.1499999999999999944, -0.8500000000000000888 ) ) ;
#380 = CARTESIAN_POINT ( 'NONE',  ( -1.500000000000000222, 0.07499999999999999722, 0.8500000000000000888 ) ) ;
#381 = VERTEX_POINT ( 'NONE', #1346 ) ;
#382 = ORIENTED_EDGE ( 'NONE', *, *, #6125, .T. ) ;
#383 = AXIS2_PLACEMENT_3D ( 'NONE', #2838, #4355, #3337 ) ;
#384 = VECTOR ( 'NONE', #3404, 1000.000000000000000 ) ;
#385 = CARTESIAN_POINT ( 'NONE',  ( 0.9250000000000012657, 0.1499999999999999944, 1.094058555871723778E-15 ) ) ;
#386 = ORIENTED_EDGE ( 'NONE', *, *, #1955, .F. ) ;
#387 = DIRECTION ( 'NONE',  ( 0.000000000000000000, 0.000000000000000000, 1.000000000000000000 ) ) ;
#388 = VERTEX_POINT ( 'NONE', #5456 ) ;
#389 = CARTESIAN_POINT ( 'NONE',  ( -1.415000000000000036, 0.1499999999999999944, 0.6149999999999997691 ) ) ;
#390 = LINE ( 'NONE', #2481, #5273 ) ;
#391 = VECTOR ( 'NONE', #4419, 1000.000000000000000 ) ;
#392 = DIRECTION ( 'NONE',  ( 0.000000000000000000, -1.000000000000000000, 0.000000000000000000 ) ) ;
#393 = ORIENTED_EDGE ( 'NONE', *, *, #4750, .F. ) ;
#394 = ORIENTED_EDGE ( 'NONE', *, *, #2541, .T. ) ;
#395 = CARTESIAN_POINT ( 'NONE',  ( 0.6749999999999999334, 0.07499999999999999722, -1.500000000000000000 ) ) ;
#396 = AXIS2_PLACEMENT_3D ( 'NONE', #3881, #778, #6482 ) ;
#397 = ORIENTED_EDGE ( 'NONE', *, *, #124, .T. ) ;
#398 = EDGE_LOOP ( 'NONE', ( #157, #2083, #2546, #5619 ) ) ;
#399 = CARTESIAN_POINT ( 'NONE',  ( -0.5499999999999893863, 0.000000000000000000, 0.1499999999999999112 ) ) ;
#400 = SURFACE_STYLE_FILL_AREA ( #5627 ) ;
#401 = LINE ( 'NONE', #5521, #6484 ) ;
#402 = AXIS2_PLACEMENT_3D ( 'NONE', #541, #18, #4171 ) ;
#403 = ORIENTED_EDGE ( 'NONE', *, *, #3428, .F. ) ;
#404 = LINE ( 'NONE', #5630, #3400 ) ;
#405 = AXIS2_PLACEMENT_3D ( 'NONE', #5121, #4547, #5667 ) ;
#406 = VECTOR ( 'NONE', #6420, 1000.000000000000000 ) ;
#407 = ADVANCED_FACE ( 'NONE', ( #1568 ), #4446, .T. ) ;
#408 = CARTESIAN_POINT ( 'NONE',  ( 1.225000000000005196, 0.1499999999999999944, -0.1250000000000068279 ) ) ;
#409 = EDGE_LOOP ( 'NONE', ( #2611, #349, #4241, #2985 ) ) ;
#410 = VECTOR ( 'NONE', #6512, 1000.000000000000000 ) ;
#411 = CARTESIAN_POINT ( 'NONE',  ( 0.9249999999999996003, 0.000000000000000000, -1.225000000000000089 ) ) ;
#412 = CARTESIAN_POINT ( 'NONE',  ( 0.7999999999999998224, 0.000000000000000000, -1.225000000000000089 ) ) ;
#413 = VECTOR ( 'NONE', #5204, 1000.000000000000000 ) ;
#414 = EDGE_CURVE ( 'NONE', #377, #1871, #5176, .T. ) ;
#415 = VECTOR ( 'NONE', #779, 999.9999999999998863 ) ;
#416 = CARTESIAN_POINT ( 'NONE',  ( 0.4249999999999996003, 0.1499999999999999944, 0.000000000000000000 ) ) ;
#417 = AXIS2_PLACEMENT_3D ( 'NONE', #3556, #2112, #3150 ) ;
#418 = CARTESIAN_POINT ( 'NONE',  ( 1.449999999999999956, 0.07499999999999999722, -1.450000000000000178 ) ) ;
#419 = LINE ( 'NONE', #4049, #4741 ) ;
#420 = EDGE_CURVE ( 'NONE', #4794, #4210, #1536, .T. ) ;
#421 = DIRECTION ( 'NONE',  ( 0.000000000000000000, 0.000000000000000000, 1.000000000000000000 ) ) ;
#422 = ORIENTED_EDGE ( 'NONE', *, *, #330, .T. ) ;
#423 = VECTOR ( 'NONE', #2282, 1000.000000000000000 ) ;
#424 = VERTEX_POINT ( 'NONE', #5582 ) ;
#425 = FACE_OUTER_BOUND ( 'NONE', #6604, .T. ) ;
#426 = CARTESIAN_POINT ( 'NONE',  ( 0.000000000000000000, 0.1499999999999999944, 0.1000000000000000056 ) ) ;
#427 = ORIENTED_EDGE ( 'NONE', *, *, #1845, .T. ) ;
#428 = CARTESIAN_POINT ( 'NONE',  ( 1.499999999999999778, 0.07499999999999999722, -0.6250000000000001110 ) ) ;
#429 = VERTEX_POINT ( 'NONE', #4944 ) ;
#430 = DIRECTION ( 'NONE',  ( 0.000000000000000000, 0.000000000000000000, -1.000000000000000000 ) ) ;
#431 = DIRECTION ( 'NONE',  ( -5.963111948670220113E-14, 0.000000000000000000, -1.000000000000000000 ) ) ;
#432 = ADVANCED_FACE ( 'NONE', ( #304 ), #2399, .F. ) ;
#433 = CARTESIAN_POINT ( 'NONE',  ( 0.9249999999999996003, 0.1499999999999999944, -1.225000000000000089 ) ) ;
#434 = ORIENTED_EDGE ( 'NONE', *, *, #4942, .T. ) ;
#435 = ORIENTED_EDGE ( 'NONE', *, *, #2685, .F. ) ;
#436 = VERTEX_POINT ( 'NONE', #2650 ) ;
#437 = FACE_OUTER_BOUND ( 'NONE', #6059, .T. ) ;
#438 = SURFACE_SIDE_STYLE ('',( #6064 ) ) ;
#439 = EDGE_CURVE ( 'NONE', #388, #1265, #1599, .T. ) ;
#440 = FACE_OUTER_BOUND ( 'NONE', #6658, .T. ) ;
#441 = ORIENTED_EDGE ( 'NONE', *, *, #3941, .F. ) ;
#442 = DIRECTION ( 'NONE',  ( -1.000000000000000000, -0.000000000000000000, 1.458744741162315831E-14 ) ) ;
#443 = ORIENTED_EDGE ( 'NONE', *, *, #703, .T. ) ;
#444 = LINE ( 'NONE', #5119, #283 ) ;
#445 = LINE ( 'NONE', #4576, #700 ) ;
#446 = EDGE_CURVE ( 'NONE', #2369, #3287, #3658, .T. ) ;
#447 = DIRECTION ( 'NONE',  ( -1.000000000000000000, 0.000000000000000000, -0.000000000000000000 ) ) ;
#448 = LINE ( 'NONE', #6039, #1611 ) ;
#449 = LINE ( 'NONE', #6618, #6022 ) ;
#450 = ORIENTED_EDGE ( 'NONE', *, *, #3111, .T. ) ;
#451 = DIRECTION ( 'NONE',  ( 1.000000000000000000, 0.000000000000000000, -1.516366674804902060E-16 ) ) ;
#452 = CYLINDRICAL_SURFACE ( 'NONE', #5907, 0.2500000000000000000 ) ;
#453 = EDGE_LOOP ( 'NONE', ( #482, #6610, #734, #5625, #5788, #4827 ) ) ;
#454 = CARTESIAN_POINT ( 'NONE',  ( 0.9249999999999996003, 0.1499999999999999944, -1.225000000000000089 ) ) ;
#455 = ADVANCED_FACE ( 'NONE', ( #3145 ), #5209, .F. ) ;
#456 = EDGE_LOOP ( 'NONE', ( #4109, #4655, #5654, #5328 ) ) ;
#457 = DIRECTION ( 'NONE',  ( 0.000000000000000000, -0.000000000000000000, 1.000000000000000000 ) ) ;
#458 = ORIENTED_EDGE ( 'NONE', *, *, #420, .T. ) ;
#459 = CARTESIAN_POINT ( 'NONE',  ( 0.1750000000000000167, 0.000000000000000000, 1.224999999999996758 ) ) ;
#460 = CARTESIAN_POINT ( 'NONE',  ( 0.4249999999999996003, 0.1499999999999999944, -1.450000000000000178 ) ) ;
#461 = CARTESIAN_POINT ( 'NONE',  ( -1.415000000000000036, 0.1499999999999999944, -0.3850000000000003419 ) ) ;
#462 = CIRCLE ( 'NONE', #1773, 0.3750000000000104361 ) ;
#463 = ORIENTED_EDGE ( 'NONE', *, *, #6385, .F. ) ;
#464 = EDGE_LOOP ( 'NONE', ( #5237, #4686, #5827, #141 ) ) ;
#465 = VERTEX_POINT ( 'NONE', #2323 ) ;
#466 = ADVANCED_FACE ( 'NONE', ( #5935 ), #774, .F. ) ;
#467 = ORIENTED_EDGE ( 'NONE', *, *, #5045, .F. ) ;
#468 = ORIENTED_EDGE ( 'NONE', *, *, #3163, .F. ) ;
#469 = DIRECTION ( 'NONE',  ( 1.000000000000000000, 0.000000000000000000, -3.942553354492745503E-16 ) ) ;
#470 = DIRECTION ( 'NONE',  ( 0.000000000000000000, 0.000000000000000000, -1.000000000000000000 ) ) ;
#471 = ORIENTED_EDGE ( 'NONE', *, *, #5392, .F. ) ;
#472 = ADVANCED_FACE ( 'NONE', ( #1379 ), #2455, .F. ) ;
#473 = CARTESIAN_POINT ( 'NONE',  ( 1.500000000000015321, 0.1499999999999999944, 0.8749999999999891198 ) ) ;
#474 = ORIENTED_EDGE ( 'NONE', *, *, #5149, .F. ) ;
#475 = DIRECTION ( 'NONE',  ( 0.000000000000000000, 0.000000000000000000, -1.000000000000000000 ) ) ;
#476 = DIRECTION ( 'NONE',  ( 0.000000000000000000, 1.000000000000000000, -0.000000000000000000 ) ) ;
#477 = FACE_OUTER_BOUND ( 'NONE', #1783, .T. ) ;
#478 = CARTESIAN_POINT ( 'NONE',  ( -1.415000000000000036, 0.000000000000000000, 0.000000000000000000 ) ) ;
#479 = ORIENTED_EDGE ( 'NONE', *, *, #3727, .T. ) ;
#480 = CARTESIAN_POINT ( 'NONE',  ( 0.000000000000000000, 0.1499999999999999944, 0.000000000000000000 ) ) ;
#481 = DIRECTION ( 'NONE',  ( -0.000000000000000000, 1.000000000000000000, 0.000000000000000000 ) ) ;
#482 = ORIENTED_EDGE ( 'NONE', *, *, #4145, .F. ) ;
#483 = ORIENTED_EDGE ( 'NONE', *, *, #5143, .F. ) ;
#484 =( LENGTH_UNIT ( ) NAMED_UNIT ( * ) SI_UNIT ( .MILLI., .METRE. ) );
#485 = ORIENTED_EDGE ( 'NONE', *, *, #3307, .T. ) ;
#486 = CARTESIAN_POINT ( 'NONE',  ( 1.499999999999999778, 0.07499999999999999722, 1.500000000000000000 ) ) ;
#487 = CARTESIAN_POINT ( 'NONE',  ( 1.499999999999999778, 0.1499999999999999944, -0.6250000000000003331 ) ) ;
#488 = EDGE_LOOP ( 'NONE', ( #4574, #593, #6637, #6091 ) ) ;
#489 = EDGE_CURVE ( 'NONE', #2513, #5688, #1905, .T. ) ;
#490 =( GEOMETRIC_REPRESENTATION_CONTEXT ( 3 ) GLOBAL_UNCERTAINTY_ASSIGNED_CONTEXT ( ( #6687 ) ) GLOBAL_UNIT_ASSIGNED_CONTEXT ( ( #495, #2007, #6640 ) ) REPRESENTATION_CONTEXT ( 'NONE', 'WORKASPACE' ) );
#491 = VERTEX_POINT ( 'NONE', #4506 ) ;
#492 = ORIENTED_EDGE ( 'NONE', *, *, #4228, .T. ) ;
#493 = CIRCLE ( 'NONE', #4286, 0.1249999999999998890 ) ;
#494 = CARTESIAN_POINT ( 'NONE',  ( -1.415000000000000036, 0.1499999999999999944, 0.8950000000000000178 ) ) ;
#495 =( LENGTH_UNIT ( ) NAMED_UNIT ( * ) SI_UNIT ( .MILLI., .METRE. ) );
#496 = PLANE ( 'NONE',  #1733 ) ;
#497 = EDGE_CURVE ( 'NONE', #2013, #138, #261, .T. ) ;
#498 = ORIENTED_EDGE ( 'NONE', *, *, #5842, .T. ) ;
#499 = VECTOR ( 'NONE', #2964, 1000.000000000000000 ) ;
#500 = LINE ( 'NONE', #1647, #4610 ) ;
#501 = ORIENTED_EDGE ( 'NONE', *, *, #4432, .T. ) ;
#502 = CARTESIAN_POINT ( 'NONE',  ( -0.1999999999999955980, 0.1499999999999999944, 0.1999999999999949873 ) ) ;
#503 = LINE ( 'NONE', #2460, #922 ) ;
#504 = VECTOR ( 'NONE', #1353, 1000.000000000000000 ) ;
#505 = AXIS2_PLACEMENT_3D ( 'NONE', #4014, #6070, #5792 ) ;
#506 = EDGE_CURVE ( 'NONE', #4623, #2322, #5425, .T. ) ;
#507 = VECTOR ( 'NONE', #2776, 1000.000000000000000 ) ;
#508 = VECTOR ( 'NONE', #2652, 1000.000000000000000 ) ;
#509 = UNCERTAINTY_MEASURE_WITH_UNIT (LENGTH_MEASURE( 1.000000000000000082E-05 ), #2428, 'distance_accuracy_value', 'NONE');
#510 = CARTESIAN_POINT ( 'NONE',  ( 0.2999999999999999334, 0.000000000000000000, 1.099999999999996758 ) ) ;
#511 = CARTESIAN_POINT ( 'NONE',  ( -1.500000000000000222, 0.1499999999999999944, 0.8499999999999999778 ) ) ;
#512 = ORIENTED_EDGE ( 'NONE', *, *, #3539, .F. ) ;
#513 = AXIS2_PLACEMENT_3D ( 'NONE', #6526, #1929, #869 ) ;
#514 =( GEOMETRIC_REPRESENTATION_CONTEXT ( 3 ) GLOBAL_UNCERTAINTY_ASSIGNED_CONTEXT ( ( #3492 ) ) GLOBAL_UNIT_ASSIGNED_CONTEXT ( ( #2863, #343, #6490 ) ) REPRESENTATION_CONTEXT ( 'NONE', 'WORKASPACE' ) );
#515 = CYLINDRICAL_SURFACE ( 'NONE', #3330, 0.1000000000000000194 ) ;
#516 = AXIS2_PLACEMENT_3D ( 'NONE', #4822, #2812, #760 ) ;
#517 = ORIENTED_EDGE ( 'NONE', *, *, #4596, .F. ) ;
#518 = VECTOR ( 'NONE', #3142, 1000.000000000000000 ) ;
#519 = VECTOR ( 'NONE', #2293, 1000.000000000000000 ) ;
#520 = DIRECTION ( 'NONE',  ( 6.938893903907246521E-15, 0.000000000000000000, 1.000000000000000000 ) ) ;
#521 = ORIENTED_EDGE ( 'NONE', *, *, #3068, .F. ) ;
#522 =( NAMED_UNIT ( * ) PLANE_ANGLE_UNIT ( ) SI_UNIT ( $, .RADIAN. ) );
#523 = AXIS2_PLACEMENT_3D ( 'NONE', #4793, #4895, #147 ) ;
#524 = VECTOR ( 'NONE', #5336, 1000.000000000000000 ) ;
#525 = CARTESIAN_POINT ( 'NONE',  ( -1.415000000000000036, 0.1499999999999999944, 0.3849999999999998979 ) ) ;
#526 = EDGE_LOOP ( 'NONE', ( #1534, #5377, #3522, #1457 ) ) ;
#527 = VERTEX_POINT ( 'NONE', #1315 ) ;
#528 = EDGE_CURVE ( 'NONE', #2283, #3834, #3360, .T. ) ;
#529 = ORIENTED_EDGE ( 'NONE', *, *, #4371, .F. ) ;
#530 = CARTESIAN_POINT ( 'NONE',  ( -0.1800000000000016032, 0.1499999999999999944, -0.3749999999999996669 ) ) ;
#531 = EDGE_CURVE ( 'NONE', #4382, #930, #2986, .T. ) ;
#532 = ORIENTED_EDGE ( 'NONE', *, *, #5920, .F. ) ;
#533 = DIRECTION ( 'NONE',  ( 0.000000000000000000, 0.000000000000000000, 1.000000000000000000 ) ) ;
#534 = PLANE ( 'NONE',  #6485 ) ;
#535 = FACE_OUTER_BOUND ( 'NONE', #4657, .T. ) ;
#536 = EDGE_LOOP ( 'NONE', ( #3053, #3837, #5448, #1664 ) ) ;
#537 = DIRECTION ( 'NONE',  ( -0.000000000000000000, 1.000000000000000000, 0.000000000000000000 ) ) ;
#538 = EDGE_CURVE ( 'NONE', #429, #79, #404, .T. ) ;
#539 = ORIENTED_EDGE ( 'NONE', *, *, #5192, .F. ) ;
#540 = EDGE_CURVE ( 'NONE', #1048, #1639, #991, .T. ) ;
#541 = CARTESIAN_POINT ( 'NONE',  ( 0.6750000000000010436, 0.1499999999999999944, 5.322447028565214342E-16 ) ) ;
#542 = DIRECTION ( 'NONE',  ( -0.000000000000000000, -1.000000000000000000, -0.000000000000000000 ) ) ;
#543 = DIRECTION ( 'NONE',  ( -0.7071067811865464625, 0.000000000000000000, 0.7071067811865486830 ) ) ;
#544 = PLANE ( 'NONE',  #2153 ) ;
#545 = DIRECTION ( 'NONE',  ( 1.000000000000000000, 0.000000000000000000, 0.000000000000000000 ) ) ;
#546 = EDGE_CURVE ( 'NONE', #6437, #5517, #5136, .T. ) ;
#547 = DIRECTION ( 'NONE',  ( -1.000000000000000000, 0.000000000000000000, 1.458744741162315831E-14 ) ) ;
#548 = ORIENTED_EDGE ( 'NONE', *, *, #4112, .T. ) ;
#549 = CARTESIAN_POINT ( 'NONE',  ( -1.450000000000000400, 0.000000000000000000, -0.1499999999999999667 ) ) ;
#550 = DIRECTION ( 'NONE',  ( -0.000000000000000000, -1.000000000000000000, -0.000000000000000000 ) ) ;
#551 = ORIENTED_EDGE ( 'NONE', *, *, #4352, .T. ) ;
#552 = CARTESIAN_POINT ( 'NONE',  ( -1.450000000000000400, 0.1499999999999999944, -0.6500000000000001332 ) ) ;
#553 = VERTEX_POINT ( 'NONE', #6333 ) ;
#554 = EDGE_CURVE ( 'NONE', #34, #4227, #150, .T. ) ;
#555 = CARTESIAN_POINT ( 'NONE',  ( -0.9000000000000022427, 0.000000000000000000, -0.8999999999999994671 ) ) ;
#556 = ORIENTED_EDGE ( 'NONE', *, *, #2840, .T. ) ;
#557 = FILL_AREA_STYLE ('',( #2099 ) ) ;
#558 = DIRECTION ( 'NONE',  ( 0.000000000000000000, 0.000000000000000000, 1.000000000000000000 ) ) ;
#559 = ORIENTED_EDGE ( 'NONE', *, *, #1034, .T. ) ;
#560 = ORIENTED_EDGE ( 'NONE', *, *, #902, .T. ) ;
#561 = ORIENTED_EDGE ( 'NONE', *, *, #1754, .F. ) ;
#562 = FACE_OUTER_BOUND ( 'NONE', #6664, .T. ) ;
#563 = EDGE_CURVE ( 'NONE', #863, #6502, #89, .T. ) ;
#564 = CIRCLE ( 'NONE', #3927, 0.2500000000000000000 ) ;
#565 = CARTESIAN_POINT ( 'NONE',  ( 1.449999999999999956, 0.1499999999999999944, -0.1250000000000101030 ) ) ;
#566 = VERTEX_POINT ( 'NONE', #1671 ) ;
#567 = VECTOR ( 'NONE', #1108, 1000.000000000000000 ) ;
#568 = CARTESIAN_POINT ( 'NONE',  ( 0.000000000000000000, 0.07499999999999999722, 0.000000000000000000 ) ) ;
#569 = VERTEX_POINT ( 'NONE', #3731 ) ;
#570 = DIRECTION ( 'NONE',  ( -0.000000000000000000, 1.000000000000000000, 0.000000000000000000 ) ) ;
#571 = DIRECTION ( 'NONE',  ( -0.000000000000000000, -1.000000000000000000, -0.000000000000000000 ) ) ;
#572 = EDGE_CURVE ( 'NONE', #4563, #340, #2656, .T. ) ;
#573 = CARTESIAN_POINT ( 'NONE',  ( 1.225000000000010303, 0.1499999999999999944, 0.3749999999999931721 ) ) ;
#574 = DIRECTION ( 'NONE',  ( -0.000000000000000000, -1.000000000000000000, -0.000000000000000000 ) ) ;
#575 = CARTESIAN_POINT ( 'NONE',  ( -1.460000000000000409, 0.07499999999999999722, -0.8500000000000000888 ) ) ;
#576 = FACE_OUTER_BOUND ( 'NONE', #1051, .T. ) ;
#577 = ORIENTED_EDGE ( 'NONE', *, *, #5920, .T. ) ;
#578 = CARTESIAN_POINT ( 'NONE',  ( -1.154999999999994920, 0.1499999999999999944, -1.155000000000003357 ) ) ;
#579 = ORIENTED_EDGE ( 'NONE', *, *, #3813, .F. ) ;
#580 = EDGE_CURVE ( 'NONE', #3548, #2779, #6232, .T. ) ;
#581 = AXIS2_PLACEMENT_3D ( 'NONE', #6725, #3676, #5770 ) ;
#582 = CARTESIAN_POINT ( 'NONE',  ( 0.1750000000000000167, 0.07499999999999999722, -1.450000000000000178 ) ) ;
#583 = ORIENTED_EDGE ( 'NONE', *, *, #2464, .T. ) ;
#584 = DIRECTION ( 'NONE',  ( -1.000000000000000000, 0.000000000000000000, 4.455085290576799120E-14 ) ) ;
#585 = ORIENTED_EDGE ( 'NONE', *, *, #1770, .F. ) ;
#586 = LINE ( 'NONE', #3579, #4779 ) ;
#587 = DIRECTION ( 'NONE',  ( -0.000000000000000000, -1.000000000000000000, -0.000000000000000000 ) ) ;
#588 = LINE ( 'NONE', #4721, #6594 ) ;
#589 = ORIENTED_EDGE ( 'NONE', *, *, #5020, .F. ) ;
#590 = ADVANCED_FACE ( 'NONE', ( #49 ), #1102, .F. ) ;
#591 = VERTEX_POINT ( 'NONE', #3353 ) ;
#592 = DIRECTION ( 'NONE',  ( 0.000000000000000000, 0.000000000000000000, -1.000000000000000000 ) ) ;
#593 = ORIENTED_EDGE ( 'NONE', *, *, #825, .F. ) ;
#594 = VECTOR ( 'NONE', #2127, 1000.000000000000000 ) ;
#595 = DIRECTION ( 'NONE',  ( 0.7071067811865517916, 0.000000000000000000, 0.7071067811865432429 ) ) ;
#596 = VECTOR ( 'NONE', #1874, 1000.000000000000000 ) ;
#597 = DIRECTION ( 'NONE',  ( -0.000000000000000000, 1.000000000000000000, 0.000000000000000000 ) ) ;
#598 = ORIENTED_EDGE ( 'NONE', *, *, #2346, .T. ) ;
#599 = ORIENTED_EDGE ( 'NONE', *, *, #2542, .T. ) ;
#600 = AXIS2_PLACEMENT_3D ( 'NONE', #28, #6729, #647 ) ;
#601 = VECTOR ( 'NONE', #6335, 1000.000000000000000 ) ;
#602 = LINE ( 'NONE', #2690, #2679 ) ;
#603 = LINE ( 'NONE', #4242, #1822 ) ;
#604 = LINE ( 'NONE', #2693, #3631 ) ;
#605 = AXIS2_PLACEMENT_3D ( 'NONE', #6546, #1283, #3430 ) ;
#606 = EDGE_CURVE ( 'NONE', #3961, #4912, #5379, .T. ) ;
#607 = DIRECTION ( 'NONE',  ( -0.000000000000000000, -1.000000000000000000, -0.000000000000000000 ) ) ;
#608 = CARTESIAN_POINT ( 'NONE',  ( 0.6749999999999999334, 0.1499999999999999944, -1.500000000000000000 ) ) ;
#609 = VECTOR ( 'NONE', #3461, 999.9999999999998863 ) ;
#610 = LINE ( 'NONE', #2699, #6241 ) ;
#611 = CYLINDRICAL_SURFACE ( 'NONE', #5826, 0.2500000000000000000 ) ;
#612 = EDGE_CURVE ( 'NONE', #278, #5984, #2285, .T. ) ;
#613 = CARTESIAN_POINT ( 'NONE',  ( 0.6750000000000000444, 0.1499999999999999944, -1.225000000000000089 ) ) ;
#614 = LINE ( 'NONE', #2708, #5187 ) ;
#615 = VECTOR ( 'NONE', #6177, 1000.000000000000000 ) ;
#616 = ORIENTED_EDGE ( 'NONE', *, *, #2670, .T. ) ;
#617 = CARTESIAN_POINT ( 'NONE',  ( 0.000000000000000000, 0.000000000000000000, 0.000000000000000000 ) ) ;
#618 = EDGE_CURVE ( 'NONE', #5517, #1871, #5959, .T. ) ;
#619 = AXIS2_PLACEMENT_3D ( 'NONE', #4291, #1194, #4860 ) ;
#620 = EDGE_CURVE ( 'NONE', #3204, #5367, #6499, .T. ) ;
#621 = CARTESIAN_POINT ( 'NONE',  ( 5.618138530152335830E-15, 0.07499999999999999722, 0.3750000000000115463 ) ) ;
#622 = VERTEX_POINT ( 'NONE', #2488 ) ;
#623 = ORIENTED_EDGE ( 'NONE', *, *, #2802, .F. ) ;
#624 = AXIS2_PLACEMENT_3D ( 'NONE', #5635, #3630, #1949 ) ;
#625 = ORIENTED_EDGE ( 'NONE', *, *, #6634, .T. ) ;
#626 = EDGE_LOOP ( 'NONE', ( #4557, #4232, #2834, #6500 ) ) ;
#627 = CIRCLE ( 'NONE', #5941, 0.2500000000000000000 ) ;
#628 = ADVANCED_FACE ( 'NONE', ( #1973 ), #1935, .F. ) ;
#629 = LINE ( 'NONE', #1019, #508 ) ;
#630 = VECTOR ( 'NONE', #2815, 1000.000000000000000 ) ;
#631 = CARTESIAN_POINT ( 'NONE',  ( -2.303929616531714277E-15, 0.1499999999999999944, -0.8500000000000040856 ) ) ;
#632 = FACE_OUTER_BOUND ( 'NONE', #2589, .T. ) ;
#633 = DIRECTION ( 'NONE',  ( 1.000000000000000000, 0.000000000000000000, 2.710505431213783962E-15 ) ) ;
#634 = ORIENTED_EDGE ( 'NONE', *, *, #4596, .T. ) ;
#635 = ORIENTED_EDGE ( 'NONE', *, *, #2059, .F. ) ;
#636 = DIRECTION ( 'NONE',  ( -0.7071067811865540120, 0.000000000000000000, -0.7071067811865410224 ) ) ;
#637 = VERTEX_POINT ( 'NONE', #6636 ) ;
#638 = EDGE_CURVE ( 'NONE', #799, #2348, #4061, .T. ) ;
#639 = DIRECTION ( 'NONE',  ( 1.000000000000000000, -0.000000000000000000, 0.000000000000000000 ) ) ;
#640 = CARTESIAN_POINT ( 'NONE',  ( 0.6750000000000000444, 0.1499999999999999944, 1.225000000000000089 ) ) ;
#641 = FACE_OUTER_BOUND ( 'NONE', #5614, .T. ) ;
#642 = CARTESIAN_POINT ( 'NONE',  ( -0.9000000000000022427, 0.1499999999999999944, 0.8999999999999994671 ) ) ;
#643 = CARTESIAN_POINT ( 'NONE',  ( -1.450000000000000400, 0.1499999999999999944, 0.8600000000000000977 ) ) ;
#644 = DIRECTION ( 'NONE',  ( -0.000000000000000000, -1.000000000000000000, -0.000000000000000000 ) ) ;
#645 = ADVANCED_FACE ( 'NONE', ( #5622 ), #984, .F. ) ;
#646 = FACE_OUTER_BOUND ( 'NONE', #3501, .T. ) ;
#647 = DIRECTION ( 'NONE',  ( -0.000000000000000000, 0.000000000000000000, -1.000000000000000000 ) ) ;
#648 = CARTESIAN_POINT ( 'NONE',  ( 0.000000000000000000, 0.07499999999999999722, 0.000000000000000000 ) ) ;
#649 = CARTESIAN_POINT ( 'NONE',  ( 0.000000000000000000, 0.1499999999999999944, -0.1000000000000000056 ) ) ;
#650 = VERTEX_POINT ( 'NONE', #1015 ) ;
#651 = DIRECTION ( 'NONE',  ( 0.000000000000000000, 1.000000000000000000, 0.000000000000000000 ) ) ;
#652 = LINE ( 'NONE', #5299, #5609 ) ;
#653 = DIRECTION ( 'NONE',  ( 0.000000000000000000, -1.000000000000000000, 0.000000000000000000 ) ) ;
#654 = ORIENTED_EDGE ( 'NONE', *, *, #1508, .F. ) ;
#655 = ORIENTED_EDGE ( 'NONE', *, *, #3684, .F. ) ;
#656 = EDGE_CURVE ( 'NONE', #5026, #4553, #1288, .T. ) ;
#657 = EDGE_CURVE ( 'NONE', #901, #5077, #1490, .T. ) ;
#658 = ORIENTED_EDGE ( 'NONE', *, *, #1859, .T. ) ;
#659 = ORIENTED_EDGE ( 'NONE', *, *, #4512, .T. ) ;
#660 = DIRECTION ( 'NONE',  ( 1.000000000000000000, -0.000000000000000000, 0.000000000000000000 ) ) ;
#661 = CARTESIAN_POINT ( 'NONE',  ( -1.450000000000000400, 0.1499999999999999944, 0.1499999999999999667 ) ) ;
#662 =( LENGTH_UNIT ( ) NAMED_UNIT ( * ) SI_UNIT ( .MILLI., .METRE. ) );
#663 = DIRECTION ( 'NONE',  ( -0.000000000000000000, -1.000000000000000000, -0.000000000000000000 ) ) ;
#664 = ORIENTED_EDGE ( 'NONE', *, *, #5967, .F. ) ;
#665 = ORIENTED_EDGE ( 'NONE', *, *, #4466, .T. ) ;
#666 = EDGE_CURVE ( 'NONE', #5310, #2942, #1392, .T. ) ;
#667 = LINE ( 'NONE', #3474, #4928 ) ;
#668 = ORIENTED_EDGE ( 'NONE', *, *, #4306, .T. ) ;
#669 = DIRECTION ( 'NONE',  ( 0.000000000000000000, -1.000000000000000000, 0.000000000000000000 ) ) ;
#670 = DIRECTION ( 'NONE',  ( 0.000000000000000000, 0.000000000000000000, -1.000000000000000000 ) ) ;
#671 = VECTOR ( 'NONE', #6060, 1000.000000000000000 ) ;
#672 = ADVANCED_FACE ( 'NONE', ( #5502 ), #1247, .F. ) ;
#673 = LINE ( 'NONE', #3879, #6287 ) ;
#674 = DIRECTION ( 'NONE',  ( 0.000000000000000000, -1.000000000000000000, 0.000000000000000000 ) ) ;
#675 = PLANE ( 'NONE',  #4887 ) ;
#676 = DIRECTION ( 'NONE',  ( 0.000000000000000000, 1.000000000000000000, 0.000000000000000000 ) ) ;
#677 = CARTESIAN_POINT ( 'NONE',  ( -1.500000000000000222, 0.1499999999999999944, 0.3499999999999999223 ) ) ;
#678 =( NAMED_UNIT ( * ) PLANE_ANGLE_UNIT ( ) SI_UNIT ( $, .RADIAN. ) );
#679 = DIRECTION ( 'NONE',  ( -0.7071067811865464625, 0.000000000000000000, -0.7071067811865486830 ) ) ;
#680 = FACE_OUTER_BOUND ( 'NONE', #1731, .T. ) ;
#681 = VERTEX_POINT ( 'NONE', #6421 ) ;
#682 = CARTESIAN_POINT ( 'NONE',  ( 0.09749999999999874045, 0.1499999999999999944, 0.09749999999999844902 ) ) ;
#683 = CARTESIAN_POINT ( 'NONE',  ( 9.184792940293066228E-17, 0.1499999999999999944, 0.3750000000000104361 ) ) ;
#684 = LINE ( 'NONE', #2334, #1940 ) ;
#685 = VERTEX_POINT ( 'NONE', #4916 ) ;
#686 = VECTOR ( 'NONE', #2158, 1000.000000000000000 ) ;
#687 = ORIENTED_EDGE ( 'NONE', *, *, #67, .T. ) ;
#688 = CARTESIAN_POINT ( 'NONE',  ( -0.3999999999999867550, 0.000000000000000000, 0.3999999999999941380 ) ) ;
#689 = VERTEX_POINT ( 'NONE', #5913 ) ;
#690 = ORIENTED_EDGE ( 'NONE', *, *, #4152, .T. ) ;
#691 = CARTESIAN_POINT ( 'NONE',  ( 1.499999999999999778, 0.07499999999999999722, 0.1249999999999897027 ) ) ;
#692 = FACE_OUTER_BOUND ( 'NONE', #3302, .T. ) ;
#693 = LINE ( 'NONE', #5858, #507 ) ;
#694 = EDGE_CURVE ( 'NONE', #3200, #122, #274, .T. ) ;
#695 = DIRECTION ( 'NONE',  ( 0.000000000000000000, 1.000000000000000000, -0.000000000000000000 ) ) ;
#696 = ORIENTED_EDGE ( 'NONE', *, *, #3539, .T. ) ;
#697 = ORIENTED_EDGE ( 'NONE', *, *, #4922, .F. ) ;
#698 = CARTESIAN_POINT ( 'NONE',  ( 0.4249999999999996003, 0.1499999999999999944, 1.224999999999996758 ) ) ;
#699 = ORIENTED_EDGE ( 'NONE', *, *, #1910, .F. ) ;
#700 = VECTOR ( 'NONE', #1547, 1000.000000000000000 ) ;
#701 = DIRECTION ( 'NONE',  ( 0.000000000000000000, 0.000000000000000000, -1.000000000000000000 ) ) ;
#702 = CARTESIAN_POINT ( 'NONE',  ( 1.500000000000015321, 0.1499999999999999944, 0.8749999999999891198 ) ) ;
#703 = EDGE_CURVE ( 'NONE', #5044, #4587, #2335, .T. ) ;
#704 = ORIENTED_EDGE ( 'NONE', *, *, #5142, .T. ) ;
#705 =( GEOMETRIC_REPRESENTATION_CONTEXT ( 3 ) GLOBAL_UNCERTAINTY_ASSIGNED_CONTEXT ( ( #4651 ) ) GLOBAL_UNIT_ASSIGNED_CONTEXT ( ( #484, #4128, #2028 ) ) REPRESENTATION_CONTEXT ( 'NONE', 'WORKASPACE' ) );
#706 = CARTESIAN_POINT ( 'NONE',  ( 0.000000000000000000, 0.1499999999999999944, 0.000000000000000000 ) ) ;
#707 = FACE_OUTER_BOUND ( 'NONE', #488, .T. ) ;
#708 = PLANE ( 'NONE',  #1606 ) ;
#709 = DIRECTION ( 'NONE',  ( 0.000000000000000000, 0.000000000000000000, -1.000000000000000000 ) ) ;
#710 = AXIS2_PLACEMENT_3D ( 'NONE', #4913, #5432, #2332 ) ;
#711 = EDGE_CURVE ( 'NONE', #5215, #3532, #3819, .T. ) ;
#712 = AXIS2_PLACEMENT_3D ( 'NONE', #2795, #1319, #2426 ) ;
#713 = LINE ( 'NONE', #5906, #4111 ) ;
#714 = PLANE ( 'NONE',  #2017 ) ;
#715 = ORIENTED_EDGE ( 'NONE', *, *, #2953, .F. ) ;
#716 = DIRECTION ( 'NONE',  ( 0.000000000000000000, 0.000000000000000000, 1.000000000000000000 ) ) ;
#717 = CARTESIAN_POINT ( 'NONE',  ( 1.225000000000010303, 0.000000000000000000, 0.3749999999999931721 ) ) ;
#718 = DIRECTION ( 'NONE',  ( 0.000000000000000000, 0.000000000000000000, 1.000000000000000000 ) ) ;
#719 = ORIENTED_EDGE ( 'NONE', *, *, #2709, .T. ) ;
#720 = EDGE_LOOP ( 'NONE', ( #3033, #1792, #3481, #2250 ) ) ;
#721 = VECTOR ( 'NONE', #4016, 1000.000000000000000 ) ;
#722 = VECTOR ( 'NONE', #6203, 1000.000000000000000 ) ;
#723 = VECTOR ( 'NONE', #4771, 1000.000000000000000 ) ;
#724 = ORIENTED_EDGE ( 'NONE', *, *, #2794, .T. ) ;
#725 = ORIENTED_EDGE ( 'NONE', *, *, #6716, .T. ) ;
#726 = FACE_OUTER_BOUND ( 'NONE', #3375, .T. ) ;
#727 = CARTESIAN_POINT ( 'NONE',  ( 0.000000000000000000, 0.1499999999999999944, 0.000000000000000000 ) ) ;
#728 = FACE_OUTER_BOUND ( 'NONE', #5034, .T. ) ;
#729 = VECTOR ( 'NONE', #3817, 1000.000000000000000 ) ;
#730 = VECTOR ( 'NONE', #5752, 1000.000000000000000 ) ;
#731 = LINE ( 'NONE', #5923, #5945 ) ;
#732 = ADVANCED_FACE ( 'NONE', ( #5880 ), #5363, .T. ) ;
#733 = FACE_OUTER_BOUND ( 'NONE', #244, .T. ) ;
#734 = ORIENTED_EDGE ( 'NONE', *, *, #489, .T. ) ;
#735 = ADVANCED_FACE ( 'NONE', ( #1824 ), #3948, .T. ) ;
#736 = CIRCLE ( 'NONE', #195, 0.1249999999999998890 ) ;
#737 = ORIENTED_EDGE ( 'NONE', *, *, #1038, .F. ) ;
#738 = FACE_OUTER_BOUND ( 'NONE', #4453, .T. ) ;
#739 = CARTESIAN_POINT ( 'NONE',  ( 0.7999999999999998224, 0.1499999999999999944, 1.225000000000000089 ) ) ;
#740 = VECTOR ( 'NONE', #5443, 1000.000000000000000 ) ;
#741 = VECTOR ( 'NONE', #3643, 1000.000000000000000 ) ;
#742 = ORIENTED_EDGE ( 'NONE', *, *, #108, .F. ) ;
#743 = EDGE_CURVE ( 'NONE', #436, #6638, #1270, .T. ) ;
#744 = EDGE_CURVE ( 'NONE', #1501, #1012, #5434, .T. ) ;
#745 = FACE_OUTER_BOUND ( 'NONE', #841, .T. ) ;
#746 = CYLINDRICAL_SURFACE ( 'NONE', #254, 0.1249999999999998890 ) ;
#747 = CARTESIAN_POINT ( 'NONE',  ( -1.450000000000000400, 0.000000000000000000, 1.450000000000000178 ) ) ;
#748 = DIRECTION ( 'NONE',  ( 0.000000000000000000, -1.000000000000000000, 0.000000000000000000 ) ) ;
#749 = CARTESIAN_POINT ( 'NONE',  ( 0.000000000000000000, 0.07499999999999999722, 0.6500000000000001332 ) ) ;
#750 = EDGE_CURVE ( 'NONE', #3990, #4760, #2864, .T. ) ;
#751 = DIRECTION ( 'NONE',  ( 0.000000000000000000, -1.000000000000000000, 0.000000000000000000 ) ) ;
#752 = DIRECTION ( 'NONE',  ( 1.000000000000000000, 0.000000000000000000, 2.710505431213783962E-15 ) ) ;
#753 = ORIENTED_EDGE ( 'NONE', *, *, #6453, .F. ) ;
#754 = CARTESIAN_POINT ( 'NONE',  ( 0.000000000000000000, 0.07499999999999999722, 0.000000000000000000 ) ) ;
#755 = SURFACE_SIDE_STYLE ('',( #1245 ) ) ;
#756 = ORIENTED_EDGE ( 'NONE', *, *, #4883, .F. ) ;
#757 = ORIENTED_EDGE ( 'NONE', *, *, #2286, .F. ) ;
#758 = EDGE_CURVE ( 'NONE', #6388, #3583, #1861, .T. ) ;
#759 = ORIENTED_EDGE ( 'NONE', *, *, #5249, .F. ) ;
#760 = DIRECTION ( 'NONE',  ( -1.000000000000000000, 0.000000000000000000, -2.710505431213783962E-15 ) ) ;
#761 = PLANE ( 'NONE',  #3223 ) ;
#762 = LINE ( 'NONE', #6399, #966 ) ;
#763 = DIRECTION ( 'NONE',  ( -1.000000000000000000, 0.000000000000000000, 0.000000000000000000 ) ) ;
#764 = CARTESIAN_POINT ( 'NONE',  ( -9.856383386230957800E-17, 0.000000000000000000, 0.1249999999999885092 ) ) ;
#765 = ORIENTED_EDGE ( 'NONE', *, *, #3324, .T. ) ;
#766 = DIRECTION ( 'NONE',  ( -0.000000000000000000, -1.000000000000000000, -0.000000000000000000 ) ) ;
#767 = ORIENTED_EDGE ( 'NONE', *, *, #4198, .F. ) ;
#768 = ADVANCED_FACE ( 'NONE', ( #313 ), #452, .T. ) ;
#769 = ORIENTED_EDGE ( 'NONE', *, *, #2313, .T. ) ;
#770 = CARTESIAN_POINT ( 'NONE',  ( 0.4249999999999996003, 0.1499999999999999944, -1.224999999999996758 ) ) ;
#771 = FACE_OUTER_BOUND ( 'NONE', #4634, .T. ) ;
#772 = LINE ( 'NONE', #2853, #2388 ) ;
#773 = VERTEX_POINT ( 'NONE', #4124 ) ;
#774 = PLANE ( 'NONE',  #2223 ) ;
#775 = DIRECTION ( 'NONE',  ( 0.000000000000000000, 0.000000000000000000, -1.000000000000000000 ) ) ;
#776 = FACE_OUTER_BOUND ( 'NONE', #3247, .T. ) ;
#777 = DIRECTION ( 'NONE',  ( 1.000000000000000000, 0.000000000000000000, 1.516366674804902060E-16 ) ) ;
#778 = DIRECTION ( 'NONE',  ( 0.000000000000000000, 1.000000000000000000, 0.000000000000000000 ) ) ;
#779 = DIRECTION ( 'NONE',  ( 0.7071067811865464625, 0.000000000000000000, -0.7071067811865486830 ) ) ;
#780 = ADVANCED_FACE ( 'NONE', ( #3470 ), #3073, .F. ) ;
#781 = ADVANCED_FACE ( 'NONE', ( #2539 ), #6078, .F. ) ;
#782 = DIRECTION ( 'NONE',  ( -0.000000000000000000, -1.000000000000000000, -0.000000000000000000 ) ) ;
#783 = ORIENTED_EDGE ( 'NONE', *, *, #5836, .T. ) ;
#784 = LINE ( 'NONE', #859, #1276 ) ;
#785 = CARTESIAN_POINT ( 'NONE',  ( 0.9249999999999994893, 0.1499999999999999944, -1.500000000000000000 ) ) ;
#786 = ADVANCED_FACE ( 'NONE', ( #1036 ), #2967, .F. ) ;
#787 = DIRECTION ( 'NONE',  ( 0.000000000000000000, -1.000000000000000000, 0.000000000000000000 ) ) ;
#788 = ORIENTED_EDGE ( 'NONE', *, *, #5112, .F. ) ;
#789 = ORIENTED_EDGE ( 'NONE', *, *, #6385, .T. ) ;
#790 = CYLINDRICAL_SURFACE ( 'NONE', #3853, 0.1249999999999998890 ) ;
#791 = VERTEX_POINT ( 'NONE', #380 ) ;
#792 = ORIENTED_EDGE ( 'NONE', *, *, #3530, .F. ) ;
#793 = CARTESIAN_POINT ( 'NONE',  ( -1.449999999999999956, 0.000000000000000000, -0.3500000000000000333 ) ) ;
#794 = CARTESIAN_POINT ( 'NONE',  ( 0.000000000000000000, 0.1499999999999999944, 0.000000000000000000 ) ) ;
#795 = EDGE_CURVE ( 'NONE', #4041, #6149, #4086, .T. ) ;
#796 = FACE_OUTER_BOUND ( 'NONE', #1054, .T. ) ;
#797 = ORIENTED_EDGE ( 'NONE', *, *, #2454, .F. ) ;
#798 = LINE ( 'NONE', #4931, #4777 ) ;
#799 = VERTEX_POINT ( 'NONE', #5533 ) ;
#800 = EDGE_LOOP ( 'NONE', ( #1373, #5079, #221, #2818 ) ) ;
#801 = CLOSED_SHELL ( 'NONE', ( #6154, #20, #5383, #3349, #735, #5325, #1878, #3653 ) ) ;
#802 = LINE ( 'NONE', #1580, #1234 ) ;
#803 = EDGE_LOOP ( 'NONE', ( #1961, #4704, #3187, #3905 ) ) ;
#804 = DIRECTION ( 'NONE',  ( 0.000000000000000000, 0.000000000000000000, -1.000000000000000000 ) ) ;
#805 = DIRECTION ( 'NONE',  ( 0.000000000000000000, -1.000000000000000000, 0.000000000000000000 ) ) ;
#806 = DIRECTION ( 'NONE',  ( -1.000000000000000000, 0.000000000000000000, -0.000000000000000000 ) ) ;
#807 = ORIENTED_EDGE ( 'NONE', *, *, #1132, .T. ) ;
#808 = CARTESIAN_POINT ( 'NONE',  ( -1.823430926452733861E-15, 0.1499999999999999944, -0.1249999999999889672 ) ) ;
#809 = DIRECTION ( 'NONE',  ( 0.000000000000000000, -1.000000000000000000, 0.000000000000000000 ) ) ;
#810 = CARTESIAN_POINT ( 'NONE',  ( -1.500000000000000222, 0.07499999999999999722, -0.1499999999999999667 ) ) ;
#811 = CARTESIAN_POINT ( 'NONE',  ( 3.380739501477607037E-14, 0.1499999999999999944, 0.8750000000000470735 ) ) ;
#812 = AXIS2_PLACEMENT_3D ( 'NONE', #6657, #5607, #3605 ) ;
#813 = FILL_AREA_STYLE ('',( #5320 ) ) ;
#814 = EDGE_CURVE ( 'NONE', #3410, #622, #4486, .T. ) ;
#815 = DIRECTION ( 'NONE',  ( -0.000000000000000000, -1.000000000000000000, -0.000000000000000000 ) ) ;
#816 = ADVANCED_FACE ( 'NONE', ( #6592 ), #2471, .T. ) ;
#817 = EDGE_CURVE ( 'NONE', #3503, #3573, #3749, .T. ) ;
#818 = VECTOR ( 'NONE', #2560, 1000.000000000000000 ) ;
#819 = DIRECTION ( 'NONE',  ( -1.000000000000000000, 0.000000000000000000, -3.942553354492745503E-16 ) ) ;
#820 = LINE ( 'NONE', #5433, #2380 ) ;
#821 = CARTESIAN_POINT ( 'NONE',  ( 0.000000000000000000, 0.1499999999999999944, -0.1499999999999999667 ) ) ;
#822 = ORIENTED_EDGE ( 'NONE', *, *, #6191, .T. ) ;
#823 = CIRCLE ( 'NONE', #5806, 0.1249999999999998890 ) ;
#824 = ORIENTED_EDGE ( 'NONE', *, *, #1930, .F. ) ;
#825 = EDGE_CURVE ( 'NONE', #6225, #1802, #970, .T. ) ;
#826 = CARTESIAN_POINT ( 'NONE',  ( -1.450000000000000400, 0.07499999999999999722, -1.450000000000000178 ) ) ;
#827 = EDGE_CURVE ( 'NONE', #6184, #3628, #4050, .T. ) ;
#828 = VERTEX_POINT ( 'NONE', #1525 ) ;
#829 = FACE_OUTER_BOUND ( 'NONE', #6593, .T. ) ;
#830 = VERTEX_POINT ( 'NONE', #3572 ) ;
#831 = CIRCLE ( 'NONE', #6463, 0.1249999999999997918 ) ;
#832 = PLANE ( 'NONE',  #2375 ) ;
#833 = PLANE ( 'NONE',  #66 ) ;
#834 = CARTESIAN_POINT ( 'NONE',  ( -1.500000000000000222, 0.1499999999999999944, -0.1499999999999999667 ) ) ;
#835 = VERTEX_POINT ( 'NONE', #5642 ) ;
#836 = ORIENTED_EDGE ( 'NONE', *, *, #5245, .F. ) ;
#837 = VECTOR ( 'NONE', #5093, 1000.000000000000000 ) ;
#838 = PRESENTATION_LAYER_ASSIGNMENT (  '', '', ( #3010 ) ) ;
#839 = CARTESIAN_POINT ( 'NONE',  ( 0.1750000000000000167, 0.1499999999999999944, 1.450000000000000178 ) ) ;
#840 = ADVANCED_FACE ( 'NONE', ( #1002 ), #5127, .T. ) ;
#841 = EDGE_LOOP ( 'NONE', ( #6566, #5844, #865, #4255, #3350 ) ) ;
#842 = ORIENTED_EDGE ( 'NONE', *, *, #1080, .T. ) ;
#843 = VECTOR ( 'NONE', #1155, 1000.000000000000000 ) ;
#844 = FACE_OUTER_BOUND ( 'NONE', #4230, .T. ) ;
#845 = LINE ( 'NONE', #2786, #378 ) ;
#846 = VECTOR ( 'NONE', #6702, 1000.000000000000000 ) ;
#847 = DIRECTION ( 'NONE',  ( -1.000000000000000000, -0.000000000000000000, 0.000000000000000000 ) ) ;
#848 = VERTEX_POINT ( 'NONE', #6183 ) ;
#849 = AXIS2_PLACEMENT_3D ( 'NONE', #1553, #5062, #2511 ) ;
#850 = EDGE_CURVE ( 'NONE', #6403, #4227, #1556, .T. ) ;
#851 = CARTESIAN_POINT ( 'NONE',  ( 0.9249999999999996003, 0.07499999999999999722, 1.450000000000000178 ) ) ;
#852 = CARTESIAN_POINT ( 'NONE',  ( 1.449999999999999956, 0.07499999999999999722, 0.1249999999999896472 ) ) ;
#853 = DIRECTION ( 'NONE',  ( 0.000000000000000000, -1.000000000000000000, 0.000000000000000000 ) ) ;
#854 = VECTOR ( 'NONE', #3934, 1000.000000000000000 ) ;
#855 = VECTOR ( 'NONE', #2653, 1000.000000000000000 ) ;
#856 = CARTESIAN_POINT ( 'NONE',  ( -0.7000000000000003997, 0.000000000000000000, -0.8950000000000000178 ) ) ;
#857 = LINE ( 'NONE', #4985, #3662 ) ;
#858 = CARTESIAN_POINT ( 'NONE',  ( 1.225000000000007194, 0.000000000000000000, 0.7499999999999998890 ) ) ;
#859 = CARTESIAN_POINT ( 'NONE',  ( -0.7000000000000003997, 0.1499999999999999944, -0.8950000000000000178 ) ) ;
#860 = ADVANCED_FACE ( 'NONE', ( #4181 ), #1622, .F. ) ;
#861 = LINE ( 'NONE', #3468, #5388 ) ;
#862 = ORIENTED_EDGE ( 'NONE', *, *, #5424, .F. ) ;
#863 = VERTEX_POINT ( 'NONE', #3264 ) ;
#864 = CARTESIAN_POINT ( 'NONE',  ( -0.1999999999999961531, 0.1499999999999999944, -0.1999999999999950984 ) ) ;
#865 = ORIENTED_EDGE ( 'NONE', *, *, #5274, .F. ) ;
#866 = DIRECTION ( 'NONE',  ( 0.000000000000000000, 0.000000000000000000, -1.000000000000000000 ) ) ;
#867 = ORIENTED_EDGE ( 'NONE', *, *, #1845, .F. ) ;
#868 = LINE ( 'NONE', #6661, #1513 ) ;
#869 = DIRECTION ( 'NONE',  ( 0.000000000000000000, -0.000000000000000000, 1.000000000000000000 ) ) ;
#870 = CARTESIAN_POINT ( 'NONE',  ( 0.000000000000000000, 0.1499999999999999944, -0.1000000000000000056 ) ) ;
#871 = ORIENTED_EDGE ( 'NONE', *, *, #3906, .T. ) ;
#872 = ADVANCED_FACE ( 'NONE', ( #5707 ), #5293, .F. ) ;
#873 = VERTEX_POINT ( 'NONE', #2092 ) ;
#874 = ORIENTED_EDGE ( 'NONE', *, *, #528, .T. ) ;
#875 = ORIENTED_EDGE ( 'NONE', *, *, #3790, .T. ) ;
#876 = DIRECTION ( 'NONE',  ( -1.000000000000000000, 0.000000000000000000, -0.000000000000000000 ) ) ;
#877 = DIRECTION ( 'NONE',  ( 0.000000000000000000, 0.000000000000000000, -1.000000000000000000 ) ) ;
#878 = DIRECTION ( 'NONE',  ( 0.000000000000000000, 0.000000000000000000, 1.000000000000000000 ) ) ;
#879 = ADVANCED_FACE ( 'NONE', ( #4153 ), #3714, .T. ) ;
#880 = ORIENTED_EDGE ( 'NONE', *, *, #4857, .T. ) ;
#881 = MANIFOLD_SOLID_BREP ( 'Cut-Extrude1[5]', #2867 ) ;
#882 = DIRECTION ( 'NONE',  ( -1.000000000000000000, 0.000000000000000000, -2.710505431213783962E-15 ) ) ;
#883 = PLANE ( 'NONE',  #5488 ) ;
#884 = PLANE ( 'NONE',  #3327 ) ;
#885 = EDGE_CURVE ( 'NONE', #4265, #3771, #5999, .T. ) ;
#886 = FACE_OUTER_BOUND ( 'NONE', #3176, .T. ) ;
#887 = DIRECTION ( 'NONE',  ( 1.000000000000000000, 0.000000000000000000, 0.000000000000000000 ) ) ;
#888 = CARTESIAN_POINT ( 'NONE',  ( 1.449999999999999956, 0.07499999999999999722, 1.450000000000000178 ) ) ;
#889 = VERTEX_POINT ( 'NONE', #4682 ) ;
#890 = DIRECTION ( 'NONE',  ( 1.000000000000000000, 0.000000000000000000, 0.000000000000000000 ) ) ;
#891 = APPLICATION_PROTOCOL_DEFINITION ( 'draft international standard', 'automotive_design', 1998, #3953 ) ;
#892 = CARTESIAN_POINT ( 'NONE',  ( -1.500000000000000222, 0.1499999999999999944, -0.8499999999999999778 ) ) ;
#893 = ORIENTED_EDGE ( 'NONE', *, *, #6453, .T. ) ;
#894 = ORIENTED_EDGE ( 'NONE', *, *, #5339, .T. ) ;
#895 = DIRECTION ( 'NONE',  ( -1.000000000000000000, 0.000000000000000000, -0.000000000000000000 ) ) ;
#896 = DIRECTION ( 'NONE',  ( 0.7071067811865486830, -0.000000000000000000, 0.7071067811865464625 ) ) ;
#897 = CARTESIAN_POINT ( 'NONE',  ( -1.500000000000000222, 0.1499999999999999944, -0.000000000000000000 ) ) ;
#898 = PLANE ( 'NONE',  #1932 ) ;
#899 = DIRECTION ( 'NONE',  ( -0.7071067811865464625, 0.000000000000000000, -0.7071067811865486830 ) ) ;
#900 = ORIENTED_EDGE ( 'NONE', *, *, #3790, .F. ) ;
#901 = VERTEX_POINT ( 'NONE', #5397 ) ;
#902 = EDGE_CURVE ( 'NONE', #6309, #6331, #1816, .T. ) ;
#903 = VERTEX_POINT ( 'NONE', #2361 ) ;
#904 = EDGE_CURVE ( 'NONE', #6172, #6266, #1855, .T. ) ;
#905 = CARTESIAN_POINT ( 'NONE',  ( 0.4249999999999996003, 0.000000000000000000, 1.224999999999996758 ) ) ;
#906 = LINE ( 'NONE', #6025, #1266 ) ;
#907 = FACE_OUTER_BOUND ( 'NONE', #3592, .T. ) ;
#908 = EDGE_LOOP ( 'NONE', ( #1488, #5364, #767, #1483, #5161 ) ) ;
#909 = MANIFOLD_SOLID_BREP ( 'Cut-Extrude1[8]', #3401 ) ;
#910 = VECTOR ( 'NONE', #2294, 1000.000000000000000 ) ;
#911 = LINE ( 'NONE', #5087, #4811 ) ;
#912 = VERTEX_POINT ( 'NONE', #2564 ) ;
#913 = EDGE_CURVE ( 'NONE', #553, #5645, #3393, .T. ) ;
#914 = DIRECTION ( 'NONE',  ( 0.000000000000000000, 0.000000000000000000, -1.000000000000000000 ) ) ;
#915 = LINE ( 'NONE', #2085, #3750 ) ;
#916 = DIRECTION ( 'NONE',  ( -0.000000000000000000, 0.000000000000000000, 1.000000000000000000 ) ) ;
#917 = LINE ( 'NONE', #310, #4621 ) ;
#918 = DIRECTION ( 'NONE',  ( -0.000000000000000000, -1.000000000000000000, -0.000000000000000000 ) ) ;
#919 = ADVANCED_FACE ( 'NONE', ( #4612 ), #2995, .T. ) ;
#920 = CARTESIAN_POINT ( 'NONE',  ( -2.303929616531727293E-15, 0.1499999999999999944, 0.8500000000000040856 ) ) ;
#921 = ORIENTED_EDGE ( 'NONE', *, *, #5183, .T. ) ;
#922 = VECTOR ( 'NONE', #2601, 1000.000000000000114 ) ;
#923 = CARTESIAN_POINT ( 'NONE',  ( 0.000000000000000000, 0.1499999999999999944, 0.000000000000000000 ) ) ;
#924 = CARTESIAN_POINT ( 'NONE',  ( 1.500000000000003331, 0.1499999999999999944, -0.3750000000000104361 ) ) ;
#925 =( NAMED_UNIT ( * ) SI_UNIT ( $, .STERADIAN. ) SOLID_ANGLE_UNIT ( ) );
#926 = ORIENTED_EDGE ( 'NONE', *, *, #4389, .F. ) ;
#927 = VERTEX_POINT ( 'NONE', #5496 ) ;
#928 = VECTOR ( 'NONE', #1511, 1000.000000000000000 ) ;
#929 = PLANE ( 'NONE',  #1152 ) ;
#930 = VERTEX_POINT ( 'NONE', #856 ) ;
#931 = DIRECTION ( 'NONE',  ( 0.000000000000000000, 0.000000000000000000, 1.000000000000000000 ) ) ;
#932 = EDGE_LOOP ( 'NONE', ( #3177, #2102, #4115, #5813 ) ) ;
#933 = CARTESIAN_POINT ( 'NONE',  ( 0.4249999999999996003, 0.1499999999999999944, -1.499999999999996669 ) ) ;
#934 = DIRECTION ( 'NONE',  ( 0.000000000000000000, -1.000000000000000000, 0.000000000000000000 ) ) ;
#935 = AXIS2_PLACEMENT_3D ( 'NONE', #1658, #3889, #5974 ) ;
#936 = DIRECTION ( 'NONE',  ( 0.000000000000000000, 0.000000000000000000, 1.000000000000000000 ) ) ;
#937 = VERTEX_POINT ( 'NONE', #3755 ) ;
#938 = ORIENTED_EDGE ( 'NONE', *, *, #3985, .F. ) ;
#939 = DIRECTION ( 'NONE',  ( 0.000000000000000000, 0.000000000000000000, -1.000000000000000000 ) ) ;
#940 = CIRCLE ( 'NONE', #3876, 0.2500000000000000000 ) ;
#941 = ORIENTED_EDGE ( 'NONE', *, *, #5641, .F. ) ;
#942 = EDGE_LOOP ( 'NONE', ( #2010, #697, #492, #1535, #1122, #4632 ) ) ;
#943 = CYLINDRICAL_SURFACE ( 'NONE', #3541, 0.1249999999999998890 ) ;
#944 = EDGE_CURVE ( 'NONE', #32, #1260, #6357, .T. ) ;
#945 = DIRECTION ( 'NONE',  ( 1.182766006347807923E-15, 0.000000000000000000, -1.000000000000000000 ) ) ;
#946 = CARTESIAN_POINT ( 'NONE',  ( -1.100000000000000311, 0.7500000000000000000, -1.100000000000000311 ) ) ;
#947 = VECTOR ( 'NONE', #3329, 1000.000000000000000 ) ;
#948 = AXIS2_PLACEMENT_3D ( 'NONE', #5726, #533, #2180 ) ;
#949 = ORIENTED_EDGE ( 'NONE', *, *, #6121, .F. ) ;
#950 = ADVANCED_FACE ( 'NONE', ( #425 ), #1991, .T. ) ;
#951 = CARTESIAN_POINT ( 'NONE',  ( -1.500000000000000222, 0.1499999999999999944, -0.3499999999999999223 ) ) ;
#952 = VECTOR ( 'NONE', #2403, 1000.000000000000000 ) ;
#953 = VECTOR ( 'NONE', #558, 1000.000000000000000 ) ;
#954 = CARTESIAN_POINT ( 'NONE',  ( -1.415000000000000036, 0.000000000000000000, 0.6149999999999997691 ) ) ;
#955 = EDGE_LOOP ( 'NONE', ( #788, #4059, #4388, #3704, #68, #5782 ) ) ;
#956 = AXIS2_PLACEMENT_3D ( 'NONE', #22, #1581, #4614 ) ;
#957 = AXIS2_PLACEMENT_3D ( 'NONE', #5031, #1968, #2547 ) ;
#958 = DIRECTION ( 'NONE',  ( -0.000000000000000000, -1.000000000000000000, -0.000000000000000000 ) ) ;
#959 = CARTESIAN_POINT ( 'NONE',  ( 0.000000000000000000, 0.07499999999999999722, -0.1499999999999999667 ) ) ;
#960 =( GEOMETRIC_REPRESENTATION_CONTEXT ( 3 ) GLOBAL_UNCERTAINTY_ASSIGNED_CONTEXT ( ( #1070 ) ) GLOBAL_UNIT_ASSIGNED_CONTEXT ( ( #2579, #522, #1010 ) ) REPRESENTATION_CONTEXT ( 'NONE', 'WORKASPACE' ) );
#961 = AXIS2_PLACEMENT_3D ( 'NONE', #412, #476, #1452 ) ;
#962 = EDGE_CURVE ( 'NONE', #6115, #1572, #6151, .T. ) ;
#963 = FACE_OUTER_BOUND ( 'NONE', #140, .T. ) ;
#964 = LINE ( 'NONE', #5562, #1285 ) ;
#965 = AXIS2_PLACEMENT_3D ( 'NONE', #5743, #6440, #2394 ) ;
#966 = VECTOR ( 'NONE', #2845, 1000.000000000000000 ) ;
#967 = CARTESIAN_POINT ( 'NONE',  ( 1.499999999999999778, 0.07499999999999999722, -0.8750000000000207612 ) ) ;
#968 = ORIENTED_EDGE ( 'NONE', *, *, #1351, .F. ) ;
#969 = LINE ( 'NONE', #3001, #2807 ) ;
#970 = LINE ( 'NONE', #4021, #5469 ) ;
#971 = ORIENTED_EDGE ( 'NONE', *, *, #6619, .T. ) ;
#972 = AXIS2_PLACEMENT_3D ( 'NONE', #4434, #4001, #899 ) ;
#973 = EDGE_CURVE ( 'NONE', #2348, #5991, #2408, .T. ) ;
#974 = VERTEX_POINT ( 'NONE', #2970 ) ;
#975 = CARTESIAN_POINT ( 'NONE',  ( 0.6749999999999998224, 0.07499999999999999722, 1.450000000000000178 ) ) ;
#976 = VERTEX_POINT ( 'NONE', #5746 ) ;
#977 = CARTESIAN_POINT ( 'NONE',  ( 9.184792940293066228E-17, 0.1499999999999999944, 0.3750000000000104361 ) ) ;
#978 = CARTESIAN_POINT ( 'NONE',  ( -1.450000000000000400, 0.07499999999999999722, 1.450000000000000178 ) ) ;
#979 = LINE ( 'NONE', #1898, #3899 ) ;
#980 = ORIENTED_EDGE ( 'NONE', *, *, #4792, .F. ) ;
#981 = ADVANCED_FACE ( 'NONE', ( #680 ), #2261, .T. ) ;
#982 = VERTEX_POINT ( 'NONE', #3748 ) ;
#983 = FACE_OUTER_BOUND ( 'NONE', #1889, .T. ) ;
#984 = PLANE ( 'NONE',  #3306 ) ;
#985 = ORIENTED_EDGE ( 'NONE', *, *, #1323, .F. ) ;
#986 = DIRECTION ( 'NONE',  ( 0.000000000000000000, 0.000000000000000000, 1.000000000000000000 ) ) ;
#987 = VERTEX_POINT ( 'NONE', #133 ) ;
#988 = CYLINDRICAL_SURFACE ( 'NONE', #1612, 0.1250000000000018319 ) ;
#989 = CARTESIAN_POINT ( 'NONE',  ( 0.09749999999999874045, 0.000000000000000000, -0.09749999999999843514 ) ) ;
#990 = ORIENTED_EDGE ( 'NONE', *, *, #4792, .T. ) ;
#991 = LINE ( 'NONE', #4011, #1372 ) ;
#992 = PLANE ( 'NONE',  #5908 ) ;
#993 = ORIENTED_EDGE ( 'NONE', *, *, #4921, .F. ) ;
#994 = DIRECTION ( 'NONE',  ( -0.000000000000000000, 0.000000000000000000, -1.000000000000000000 ) ) ;
#995 = DIRECTION ( 'NONE',  ( 0.000000000000000000, 0.000000000000000000, 1.000000000000000000 ) ) ;
#996 = DIRECTION ( 'NONE',  ( 0.000000000000000000, -1.000000000000000000, 0.000000000000000000 ) ) ;
#997 = CARTESIAN_POINT ( 'NONE',  ( 1.449999999999999956, 0.1499999999999999944, -0.8750000000000185407 ) ) ;
#998 = ADVANCED_FACE ( 'NONE', ( #4319 ), #3811, .F. ) ;
#999 = EDGE_CURVE ( 'NONE', #340, #6502, #3847, .T. ) ;
#1000 = PLANE ( 'NONE',  #2207 ) ;
#1001 = DIRECTION ( 'NONE',  ( 0.000000000000000000, 0.000000000000000000, -1.000000000000000000 ) ) ;
#1002 = FACE_OUTER_BOUND ( 'NONE', #2387, .T. ) ;
#1003 = ORIENTED_EDGE ( 'NONE', *, *, #5423, .F. ) ;
#1004 = DIRECTION ( 'NONE',  ( -0.7071067811865456854, 0.000000000000000000, 0.7071067811865493491 ) ) ;
#1005 = ORIENTED_EDGE ( 'NONE', *, *, #6274, .T. ) ;
#1006 = FILL_AREA_STYLE_COLOUR ( '', #2244 ) ;
#1007 = ORIENTED_EDGE ( 'NONE', *, *, #612, .F. ) ;
#1008 = EDGE_CURVE ( 'NONE', #3373, #1871, #3773, .T. ) ;
#1009 = DIRECTION ( 'NONE',  ( 0.000000000000000000, -1.000000000000000000, 0.000000000000000000 ) ) ;
#1010 =( NAMED_UNIT ( * ) SI_UNIT ( $, .STERADIAN. ) SOLID_ANGLE_UNIT ( ) );
#1011 = CARTESIAN_POINT ( 'NONE',  ( -1.450000000000000400, 0.000000000000000000, 1.450000000000000178 ) ) ;
#1012 = VERTEX_POINT ( 'NONE', #2998 ) ;
#1013 = ORIENTED_EDGE ( 'NONE', *, *, #3485, .T. ) ;
#1014 = ORIENTED_EDGE ( 'NONE', *, *, #3398, .F. ) ;
#1015 = CARTESIAN_POINT ( 'NONE',  ( -0.1800000000000122891, 0.000000000000000000, 0.3750000000000103251 ) ) ;
#1016 = DIRECTION ( 'NONE',  ( 0.000000000000000000, -1.000000000000000000, 0.000000000000000000 ) ) ;
#1017 = ORIENTED_EDGE ( 'NONE', *, *, #2740, .F. ) ;
#1018 = EDGE_CURVE ( 'NONE', #6323, #1104, #3656, .T. ) ;
#1019 = CARTESIAN_POINT ( 'NONE',  ( -1.450000000000000400, 0.1499999999999999944, 0.6500000000000001332 ) ) ;
#1020 = SURFACE_SIDE_STYLE ('',( #3590 ) ) ;
#1021 = CARTESIAN_POINT ( 'NONE',  ( 0.6750000000000010436, 0.07499999999999999722, 5.322447028565214342E-16 ) ) ;
#1022 = ORIENTED_EDGE ( 'NONE', *, *, #638, .F. ) ;
#1023 = DIRECTION ( 'NONE',  ( 1.000000000000000000, 0.000000000000000000, 1.516366674804902060E-16 ) ) ;
#1024 = LINE ( 'NONE', #3154, #601 ) ;
#1025 = EDGE_LOOP ( 'NONE', ( #3179, #4850, #4537, #5238, #2204, #2617 ) ) ;
#1026 = FACE_OUTER_BOUND ( 'NONE', #3830, .T. ) ;
#1027 = CARTESIAN_POINT ( 'NONE',  ( 0.1750000000000000167, 0.1499999999999999944, 1.499999999999996669 ) ) ;
#1028 = LINE ( 'NONE', #1425, #2697 ) ;
#1029 = LINE ( 'NONE', #1520, #722 ) ;
#1030 = LINE ( 'NONE', #1679, #6212 ) ;
#1031 = VECTOR ( 'NONE', #5900, 1000.000000000000000 ) ;
#1032 = CARTESIAN_POINT ( 'NONE',  ( 1.499999999999999778, 0.07499999999999999722, 1.500000000000000000 ) ) ;
#1033 = CLOSED_SHELL ( 'NONE', ( #4410, #5257, #6334, #840, #407, #5102, #3231, #1588, #1882, #672, #2068, #6175, #786, #2676, #6643, #1579, #5758, #109, #119, #2987, #3877, #732, #6132, #1318, #3712, #3707, #2395, #1749, #1131, #3552, #3242, #6693, #3584, #5052, #872, #1629, #3122, #2463, #4521, #1974, #6104, #4684 ) ) ;
#1034 = EDGE_CURVE ( 'NONE', #270, #1937, #4986, .T. ) ;
#1035 = LINE ( 'NONE', #6620, #5178 ) ;
#1036 = FACE_OUTER_BOUND ( 'NONE', #1730, .T. ) ;
#1037 = ORIENTED_EDGE ( 'NONE', *, *, #4635, .T. ) ;
#1038 = EDGE_CURVE ( 'NONE', #5986, #4498, #4951, .T. ) ;
#1039 = EDGE_CURVE ( 'NONE', #6048, #5724, #917, .T. ) ;
#1040 = VECTOR ( 'NONE', #542, 1000.000000000000000 ) ;
#1041 = EDGE_LOOP ( 'NONE', ( #1589, #5549, #5895, #2675, #2339, #5577 ) ) ;
#1042 = CARTESIAN_POINT ( 'NONE',  ( 1.500000000000007550, 0.1499999999999999944, -1.040834085586092303E-14 ) ) ;
#1043 = ORIENTED_EDGE ( 'NONE', *, *, #5095, .T. ) ;
#1044 = CARTESIAN_POINT ( 'NONE',  ( 1.225000000000013856, 0.000000000000000000, -0.6250000000000088818 ) ) ;
#1045 = SURFACE_STYLE_USAGE ( .BOTH. , #6662 ) ;
#1046 = DIRECTION ( 'NONE',  ( -0.000000000000000000, -1.000000000000000000, -0.000000000000000000 ) ) ;
#1047 = VERTEX_POINT ( 'NONE', #5599 ) ;
#1048 = VERTEX_POINT ( 'NONE', #1884 ) ;
#1049 = VECTOR ( 'NONE', #6491, 1000.000000000000000 ) ;
#1050 = AXIS2_PLACEMENT_3D ( 'NONE', #4213, #4799, #2152 ) ;
#1051 = EDGE_LOOP ( 'NONE', ( #3434, #3824, #275, #6628, #6567, #5174 ) ) ;
#1052 = EDGE_CURVE ( 'NONE', #873, #6597, #1915, .T. ) ;
#1053 = EDGE_CURVE ( 'NONE', #6530, #3511, #448, .T. ) ;
#1054 = EDGE_LOOP ( 'NONE', ( #1924, #1526, #765, #6709 ) ) ;
#1055 = VECTOR ( 'NONE', #1349, 1000.000000000000000 ) ;
#1056 = AXIS2_PLACEMENT_3D ( 'NONE', #4335, #896, #3833 ) ;
#1057 = DIRECTION ( 'NONE',  ( 0.000000000000000000, 0.000000000000000000, -1.000000000000000000 ) ) ;
#1058 = CARTESIAN_POINT ( 'NONE',  ( 0.9250000000000012657, 0.1499999999999999944, 1.094058555871723778E-15 ) ) ;
#1059 = CARTESIAN_POINT ( 'NONE',  ( 0.1750000000000000167, 0.1499999999999999944, 0.000000000000000000 ) ) ;
#1060 = ORIENTED_EDGE ( 'NONE', *, *, #1836, .F. ) ;
#1061 = AXIS2_PLACEMENT_3D ( 'NONE', #2264, #3815, #5324 ) ;
#1062 = EDGE_CURVE ( 'NONE', #5413, #689, #964, .T. ) ;
#1063 = PLANE ( 'NONE',  #2355 ) ;
#1064 = VERTEX_POINT ( 'NONE', #2533 ) ;
#1065 = CARTESIAN_POINT ( 'NONE',  ( 0.1750000000000000167, 0.07499999999999999722, 1.450000000000000178 ) ) ;
#1066 = DIRECTION ( 'NONE',  ( 0.000000000000000000, 0.000000000000000000, -1.000000000000000000 ) ) ;
#1067 = AXIS2_PLACEMENT_3D ( 'NONE', #5225, #4680, #2120 ) ;
#1068 = VECTOR ( 'NONE', #1385, 1000.000000000000000 ) ;
#1069 = EDGE_CURVE ( 'NONE', #6558, #5085, #4579, .T. ) ;
#1070 = UNCERTAINTY_MEASURE_WITH_UNIT (LENGTH_MEASURE( 1.000000000000000082E-05 ), #2579, 'distance_accuracy_value', 'NONE');
#1071 = LINE ( 'NONE', #5768, #6088 ) ;
#1072 = CARTESIAN_POINT ( 'NONE',  ( -1.100000000000000311, 0.7500000000000000000, -1.100000000000000311 ) ) ;
#1073 = CARTESIAN_POINT ( 'NONE',  ( -1.500000000000000222, 0.1499999999999999944, 0.000000000000000000 ) ) ;
#1074 = EDGE_LOOP ( 'NONE', ( #2199, #5531, #2923, #2389 ) ) ;
#1075 = CIRCLE ( 'NONE', #2800, 0.1249999999999998890 ) ;
#1076 = LINE ( 'NONE', #3137, #6267 ) ;
#1077 = AXIS2_PLACEMENT_3D ( 'NONE', #6445, #1383, #1348 ) ;
#1078 = ORIENTED_EDGE ( 'NONE', *, *, #4978, .F. ) ;
#1079 = AXIS2_PLACEMENT_3D ( 'NONE', #5337, #3799, #2238 ) ;
#1080 = EDGE_CURVE ( 'NONE', #3898, #3641, #3039, .T. ) ;
#1081 = CARTESIAN_POINT ( 'NONE',  ( 1.224999999999987654, 0.000000000000000000, -0.8750000000000084377 ) ) ;
#1082 = AXIS2_PLACEMENT_3D ( 'NONE', #5391, #6344, #4377 ) ;
#1083 = EDGE_LOOP ( 'NONE', ( #4517, #4975, #5914, #5893 ) ) ;
#1084 = DIRECTION ( 'NONE',  ( 0.7071067811865464625, 0.000000000000000000, -0.7071067811865486830 ) ) ;
#1085 = ORIENTED_EDGE ( 'NONE', *, *, #5922, .T. ) ;
#1086 = CARTESIAN_POINT ( 'NONE',  ( -1.450000000000000400, 0.07499999999999999722, -0.3499999999999998113 ) ) ;
#1087 = LINE ( 'NONE', #6256, #2702 ) ;
#1088 = VECTOR ( 'NONE', #6196, 1000.000000000000000 ) ;
#1089 = VECTOR ( 'NONE', #2931, 1000.000000000000000 ) ;
#1090 = CARTESIAN_POINT ( 'NONE',  ( 1.449999999999999956, 0.07499999999999999722, 1.450000000000000178 ) ) ;
#1091 = ORIENTED_EDGE ( 'NONE', *, *, #5720, .T. ) ;
#1092 = ORIENTED_EDGE ( 'NONE', *, *, #5464, .T. ) ;
#1093 = ORIENTED_EDGE ( 'NONE', *, *, #3851, .T. ) ;
#1094 = EDGE_LOOP ( 'NONE', ( #1336, #3092, #3331, #4231 ) ) ;
#1095 = DIRECTION ( 'NONE',  ( 1.000000000000000000, -0.000000000000000000, 0.000000000000000000 ) ) ;
#1096 = VERTEX_POINT ( 'NONE', #3944 ) ;
#1097 = PLANE ( 'NONE',  #948 ) ;
#1098 = EDGE_CURVE ( 'NONE', #912, #3701, #1954, .T. ) ;
#1099 = EDGE_CURVE ( 'NONE', #3615, #2758, #6584, .T. ) ;
#1100 = CARTESIAN_POINT ( 'NONE',  ( 0.000000000000000000, 0.07499999999999999722, 0.000000000000000000 ) ) ;
#1101 = VERTEX_POINT ( 'NONE', #5057 ) ;
#1102 = PLANE ( 'NONE',  #3638 ) ;
#1103 = LINE ( 'NONE', #4268, #3308 ) ;
#1104 = VERTEX_POINT ( 'NONE', #3599 ) ;
#1105 = DIRECTION ( 'NONE',  ( 0.000000000000000000, -0.000000000000000000, 1.000000000000000000 ) ) ;
#1106 = ADVANCED_FACE ( 'NONE', ( #5668 ), #544, .F. ) ;
#1107 = CIRCLE ( 'NONE', #2523, 0.1249999999999998890 ) ;
#1108 = DIRECTION ( 'NONE',  ( 0.000000000000000000, 0.000000000000000000, -1.000000000000000000 ) ) ;
#1109 = DIRECTION ( 'NONE',  ( -1.000000000000000000, 0.000000000000000000, -0.000000000000000000 ) ) ;
#1110 = CARTESIAN_POINT ( 'NONE',  ( 0.000000000000000000, 0.1499999999999999944, 0.000000000000000000 ) ) ;
#1111 = SURFACE_SIDE_STYLE ('',( #5744 ) ) ;
#1112 = EDGE_LOOP ( 'NONE', ( #282, #3904, #3923, #2438 ) ) ;
#1113 = CARTESIAN_POINT ( 'NONE',  ( -1.450000000000000400, 0.000000000000000000, 0.8600000000000003197 ) ) ;
#1114 = ORIENTED_EDGE ( 'NONE', *, *, #5922, .F. ) ;
#1115 = DIRECTION ( 'NONE',  ( 1.000000000000000000, -0.000000000000000000, 0.000000000000000000 ) ) ;
#1116 = VECTOR ( 'NONE', #3299, 1000.000000000000000 ) ;
#1117 = ORIENTED_EDGE ( 'NONE', *, *, #4433, .T. ) ;
#1118 = DIRECTION ( 'NONE',  ( 0.7071067811865456854, 0.000000000000000000, -0.7071067811865493491 ) ) ;
#1119 = CARTESIAN_POINT ( 'NONE',  ( -0.1800000000000016032, 0.000000000000000000, -0.3749999999999996669 ) ) ;
#1120 = CARTESIAN_POINT ( 'NONE',  ( 1.225000000000007194, 0.1499999999999999944, 0.7499999999999998890 ) ) ;
#1121 = ORIENTED_EDGE ( 'NONE', *, *, #3485, .F. ) ;
#1122 = ORIENTED_EDGE ( 'NONE', *, *, #5972, .F. ) ;
#1123 = EDGE_LOOP ( 'NONE', ( #1825, #1890, #5653, #5106 ) ) ;
#1124 = ORIENTED_EDGE ( 'NONE', *, *, #3741, .F. ) ;
#1125 = FACE_OUTER_BOUND ( 'NONE', #2638, .T. ) ;
#1126 = VECTOR ( 'NONE', #4709, 1000.000000000000000 ) ;
#1127 = DIRECTION ( 'NONE',  ( -1.000000000000000000, 0.000000000000000000, -1.516366674804902060E-16 ) ) ;
#1128 = CARTESIAN_POINT ( 'NONE',  ( -0.5499999999999893863, 0.1499999999999999944, 0.1499999999999999112 ) ) ;
#1129 = EDGE_CURVE ( 'NONE', #4683, #4890, #1029, .T. ) ;
#1130 = ORIENTED_EDGE ( 'NONE', *, *, #5245, .T. ) ;
#1131 = ADVANCED_FACE ( 'NONE', ( #5740 ), #5157, .F. ) ;
#1132 = EDGE_CURVE ( 'NONE', #3384, #3178, #2809, .T. ) ;
#1133 = DIRECTION ( 'NONE',  ( 0.000000000000000000, 1.000000000000000000, 0.000000000000000000 ) ) ;
#1134 = PLANE ( 'NONE',  #5055 ) ;
#1135 = PRESENTATION_STYLE_ASSIGNMENT (( #3128 ) ) ;
#1136 = EDGE_CURVE ( 'NONE', #2869, #3898, #6689, .T. ) ;
#1137 = DIRECTION ( 'NONE',  ( -0.000000000000000000, -1.000000000000000000, -0.000000000000000000 ) ) ;
#1138 = CARTESIAN_POINT ( 'NONE',  ( -1.415000000000000036, 0.1499999999999999944, 0.8950000000000000178 ) ) ;
#1139 = PLANE ( 'NONE',  #2148 ) ;
#1140 = ORIENTED_EDGE ( 'NONE', *, *, #1985, .F. ) ;
#1141 = DIRECTION ( 'NONE',  ( -0.000000000000000000, 1.000000000000000000, -0.000000000000000000 ) ) ;
#1142 = CARTESIAN_POINT ( 'NONE',  ( 0.4249999999999996003, 0.1499999999999999944, 1.499999999999996669 ) ) ;
#1143 = PRESENTATION_STYLE_ASSIGNMENT (( #5258 ) ) ;
#1144 = VECTOR ( 'NONE', #1775, 1000.000000000000000 ) ;
#1145 = ADVANCED_FACE ( 'NONE', ( #1616 ), #6178, .F. ) ;
#1146 = DIRECTION ( 'NONE',  ( 0.000000000000000000, -0.000000000000000000, 1.000000000000000000 ) ) ;
#1147 = VERTEX_POINT ( 'NONE', #5702 ) ;
#1148 = DIRECTION ( 'NONE',  ( -0.000000000000000000, -1.000000000000000000, -0.000000000000000000 ) ) ;
#1149 = CARTESIAN_POINT ( 'NONE',  ( 1.499999999999999778, 0.07499999999999999722, -1.500000000000000000 ) ) ;
#1150 = EDGE_CURVE ( 'NONE', #3005, #4103, #1626, .T. ) ;
#1151 = ORIENTED_EDGE ( 'NONE', *, *, #3822, .F. ) ;
#1152 = AXIS2_PLACEMENT_3D ( 'NONE', #864, #2514, #1004 ) ;
#1153 = ORIENTED_EDGE ( 'NONE', *, *, #6216, .T. ) ;
#1154 = FACE_OUTER_BOUND ( 'NONE', #1933, .T. ) ;
#1155 = DIRECTION ( 'NONE',  ( -0.000000000000000000, -1.000000000000000000, -0.000000000000000000 ) ) ;
#1156 =( NAMED_UNIT ( * ) SI_UNIT ( $, .STERADIAN. ) SOLID_ANGLE_UNIT ( ) );
#1157 = VECTOR ( 'NONE', #5284, 1000.000000000000000 ) ;
#1158 = CARTESIAN_POINT ( 'NONE',  ( 1.449999999999999956, 0.07499999999999999722, 0.6249999999999897859 ) ) ;
#1159 = ORIENTED_EDGE ( 'NONE', *, *, #1458, .T. ) ;
#1160 = VERTEX_POINT ( 'NONE', #608 ) ;
#1161 = VECTOR ( 'NONE', #4386, 1000.000000000000000 ) ;
#1162 = AXIS2_PLACEMENT_3D ( 'NONE', #568, #537, #4170 ) ;
#1163 = PRODUCT_DEFINITION ( 'UNKNOWN', '', #6368, #5193 ) ;
#1164 = CARTESIAN_POINT ( 'NONE',  ( 0.000000000000000000, 0.000000000000000000, 0.1000000000000000056 ) ) ;
#1165 = ORIENTED_EDGE ( 'NONE', *, *, #3429, .T. ) ;
#1166 = DIRECTION ( 'NONE',  ( 0.000000000000000000, 1.000000000000000000, 0.000000000000000000 ) ) ;
#1167 = LINE ( 'NONE', #1676, #4281 ) ;
#1168 = EDGE_CURVE ( 'NONE', #5219, #3005, #5224, .T. ) ;
#1169 = VECTOR ( 'NONE', #6114, 1000.000000000000000 ) ;
#1170 = CARTESIAN_POINT ( 'NONE',  ( -1.154999999999991589, 0.1499999999999999944, 1.155000000000005356 ) ) ;
#1171 = FACE_OUTER_BOUND ( 'NONE', #6573, .T. ) ;
#1172 = VECTOR ( 'NONE', #958, 1000.000000000000000 ) ;
#1173 = PLANE ( 'NONE',  #2893 ) ;
#1174 = CARTESIAN_POINT ( 'NONE',  ( 0.9250000000000012657, 0.000000000000000000, 1.094058555871723778E-15 ) ) ;
#1175 = CARTESIAN_POINT ( 'NONE',  ( -1.500000000000000222, 0.07499999999999999722, -1.500000000000000000 ) ) ;
#1176 = EDGE_CURVE ( 'NONE', #2457, #5028, #2666, .T. ) ;
#1177 = ADVANCED_FACE ( 'NONE', ( #776 ), #4342, .T. ) ;
#1178 = VECTOR ( 'NONE', #2268, 1000.000000000000000 ) ;
#1179 = AXIS2_PLACEMENT_3D ( 'NONE', #1267, #5384, #4938 ) ;
#1180 = PLANE ( 'NONE',  #6159 ) ;
#1181 = AXIS2_PLACEMENT_3D ( 'NONE', #978, #4660, #3647 ) ;
#1182 = ORIENTED_EDGE ( 'NONE', *, *, #6538, .F. ) ;
#1183 = VECTOR ( 'NONE', #242, 1000.000000000000000 ) ;
#1184 = PLANE ( 'NONE',  #3312 ) ;
#1185 = VECTOR ( 'NONE', #1437, 1000.000000000000000 ) ;
#1186 = DIRECTION ( 'NONE',  ( -1.000000000000000000, 0.000000000000000000, 0.000000000000000000 ) ) ;
#1187 = EDGE_CURVE ( 'NONE', #2478, #6417, #1237, .T. ) ;
#1188 = LINE ( 'NONE', #2837, #1183 ) ;
#1189 = VERTEX_POINT ( 'NONE', #96 ) ;
#1190 = VECTOR ( 'NONE', #4384, 1000.000000000000000 ) ;
#1191 = VERTEX_POINT ( 'NONE', #5349 ) ;
#1192 = VERTEX_POINT ( 'NONE', #2790 ) ;
#1193 = VECTOR ( 'NONE', #5933, 1000.000000000000000 ) ;
#1194 = DIRECTION ( 'NONE',  ( -0.000000000000000000, 1.000000000000000000, -0.000000000000000000 ) ) ;
#1195 = MECHANICAL_DESIGN_GEOMETRIC_PRESENTATION_REPRESENTATION (  '', ( #3455 ), #5733 ) ;
#1196 = CARTESIAN_POINT ( 'NONE',  ( -2.236166980751394863E-14, 0.1499999999999999944, -0.3750000000000104361 ) ) ;
#1197 = PLANE ( 'NONE',  #2390 ) ;
#1198 = EDGE_CURVE ( 'NONE', #3728, #4457, #4842, .T. ) ;
#1199 = DIRECTION ( 'NONE',  ( 0.000000000000000000, 1.000000000000000000, -0.000000000000000000 ) ) ;
#1200 = ORIENTED_EDGE ( 'NONE', *, *, #1340, .F. ) ;
#1201 = ORIENTED_EDGE ( 'NONE', *, *, #315, .T. ) ;
#1202 = CARTESIAN_POINT ( 'NONE',  ( 0.000000000000000000, 0.1499999999999999944, 0.000000000000000000 ) ) ;
#1203 = VERTEX_POINT ( 'NONE', #5798 ) ;
#1204 = CARTESIAN_POINT ( 'NONE',  ( -0.4000000000000001332, 0.000000000000000000, -0.4000000000000001332 ) ) ;
#1205 =( NAMED_UNIT ( * ) SI_UNIT ( $, .STERADIAN. ) SOLID_ANGLE_UNIT ( ) );
#1206 = UNCERTAINTY_MEASURE_WITH_UNIT (LENGTH_MEASURE( 1.000000000000000082E-05 ), #1691, 'distance_accuracy_value', 'NONE');
#1207 = DIRECTION ( 'NONE',  ( 1.182766006347807923E-15, 0.000000000000000000, -1.000000000000000000 ) ) ;
#1208 = DIRECTION ( 'NONE',  ( 4.455085290576799120E-14, 0.000000000000000000, 1.000000000000000000 ) ) ;
#1209 = CARTESIAN_POINT ( 'NONE',  ( -1.500000000000000222, 0.07499999999999999722, -0.3500000000000000333 ) ) ;
#1210 = LINE ( 'NONE', #552, #6705 ) ;
#1211 = EDGE_CURVE ( 'NONE', #3384, #1322, #200, .T. ) ;
#1212 = CARTESIAN_POINT ( 'NONE',  ( 0.4249999999999996003, 0.1499999999999999944, -1.224999999999996758 ) ) ;
#1213 = ADVANCED_FACE ( 'NONE', ( #1171 ), #3228, .F. ) ;
#1214 = EDGE_LOOP ( 'NONE', ( #1922, #5522, #2629, #6045 ) ) ;
#1215 = DIRECTION ( 'NONE',  ( 0.000000000000000000, 0.000000000000000000, 1.000000000000000000 ) ) ;
#1216 = SURFACE_STYLE_USAGE ( .BOTH. , #755 ) ;
#1217 = LINE ( 'NONE', #137, #1723 ) ;
#1218 = ORIENTED_EDGE ( 'NONE', *, *, #4648, .T. ) ;
#1219 = ORIENTED_EDGE ( 'NONE', *, *, #198, .F. ) ;
#1220 = EDGE_CURVE ( 'NONE', #873, #3898, #2325, .T. ) ;
#1221 = ORIENTED_EDGE ( 'NONE', *, *, #4361, .T. ) ;
#1222 = ORIENTED_EDGE ( 'NONE', *, *, #1485, .T. ) ;
#1223 = CARTESIAN_POINT ( 'NONE',  ( -1.450000000000000400, 0.07499999999999999722, 1.450000000000000178 ) ) ;
#1224 = DIRECTION ( 'NONE',  ( -1.000000000000000000, 0.000000000000000000, 2.710505431213768579E-15 ) ) ;
#1225 = CARTESIAN_POINT ( 'NONE',  ( -1.100000000000000311, 0.7500000000000000000, -1.100000000000000311 ) ) ;
#1226 = DIRECTION ( 'NONE',  ( 0.000000000000000000, 0.000000000000000000, 1.000000000000000000 ) ) ;
#1227 = DIRECTION ( 'NONE',  ( 0.000000000000000000, -1.000000000000000000, 0.000000000000000000 ) ) ;
#1228 = ORIENTED_EDGE ( 'NONE', *, *, #3610, .T. ) ;
#1229 = EDGE_CURVE ( 'NONE', #2723, #5446, #3586, .T. ) ;
#1230 = CARTESIAN_POINT ( 'NONE',  ( -1.500000000000000222, 0.1499999999999999944, 0.1499999999999999667 ) ) ;
#1231 = ORIENTED_EDGE ( 'NONE', *, *, #973, .F. ) ;
#1232 = CARTESIAN_POINT ( 'NONE',  ( 1.500000000000003331, 0.1499999999999999944, 0.6249999999999893419 ) ) ;
#1233 = DIRECTION ( 'NONE',  ( 0.000000000000000000, 0.000000000000000000, -1.000000000000000000 ) ) ;
#1234 = VECTOR ( 'NONE', #4678, 1000.000000000000000 ) ;
#1235 = ORIENTED_EDGE ( 'NONE', *, *, #6717, .F. ) ;
#1236 = DIRECTION ( 'NONE',  ( 0.000000000000000000, 1.000000000000000000, 0.000000000000000000 ) ) ;
#1237 = LINE ( 'NONE', #5902, #3450 ) ;
#1238 = DIRECTION ( 'NONE',  ( -0.000000000000000000, -1.000000000000000000, 0.000000000000000000 ) ) ;
#1239 = DIRECTION ( 'NONE',  ( 1.000000000000000000, 0.000000000000000000, -0.000000000000000000 ) ) ;
#1240 = DIRECTION ( 'NONE',  ( 0.000000000000000000, -1.000000000000000000, 0.000000000000000000 ) ) ;
#1241 = DIRECTION ( 'NONE',  ( -0.000000000000000000, 0.000000000000000000, -1.000000000000000000 ) ) ;
#1242 = VERTEX_POINT ( 'NONE', #5368 ) ;
#1243 = LINE ( 'NONE', #4753, #3529 ) ;
#1244 = ADVANCED_FACE ( 'NONE', ( #4367 ), #3351, .F. ) ;
#1245 = SURFACE_STYLE_FILL_AREA ( #2201 ) ;
#1246 = CARTESIAN_POINT ( 'NONE',  ( 1.499999999999999778, 0.1499999999999999944, -0.6250000000000003331 ) ) ;
#1247 = PLANE ( 'NONE',  #5694 ) ;
#1248 = ORIENTED_EDGE ( 'NONE', *, *, #6208, .T. ) ;
#1249 = EDGE_CURVE ( 'NONE', #5048, #2322, #3593, .T. ) ;
#1250 = VECTOR ( 'NONE', #777, 1000.000000000000000 ) ;
#1251 = VERTEX_POINT ( 'NONE', #2386 ) ;
#1252 = CARTESIAN_POINT ( 'NONE',  ( 0.6749999999999999334, 0.1499999999999999944, -1.500000000000000000 ) ) ;
#1253 = EDGE_LOOP ( 'NONE', ( #1944, #1117, #1971, #5231 ) ) ;
#1254 = ORIENTED_EDGE ( 'NONE', *, *, #27, .F. ) ;
#1255 = LINE ( 'NONE', #1734, #3226 ) ;
#1256 = CLOSED_SHELL ( 'NONE', ( #879, #46, #131, #1761, #4038, #248, #6329, #2831, #1448 ) ) ;
#1257 = CARTESIAN_POINT ( 'NONE',  ( -1.415000000000000036, 0.000000000000000000, -0.3850000000000003419 ) ) ;
#1258 = DIRECTION ( 'NONE',  ( -3.942553354492745503E-16, 0.000000000000000000, -1.000000000000000000 ) ) ;
#1259 = CARTESIAN_POINT ( 'NONE',  ( 0.7999999999999998224, 0.1499999999999999944, 1.100000000000000311 ) ) ;
#1260 = VERTEX_POINT ( 'NONE', #2344 ) ;
#1261 = EDGE_CURVE ( 'NONE', #773, #6680, #1335, .T. ) ;
#1262 = EDGE_CURVE ( 'NONE', #3123, #1260, #4896, .T. ) ;
#1263 = ORIENTED_EDGE ( 'NONE', *, *, #3157, .T. ) ;
#1264 = VECTOR ( 'NONE', #3341, 1000.000000000000000 ) ;
#1265 = VERTEX_POINT ( 'NONE', #3381 ) ;
#1266 = VECTOR ( 'NONE', #2451, 1000.000000000000000 ) ;
#1267 = CARTESIAN_POINT ( 'NONE',  ( 0.09749999999999874045, 0.1499999999999999944, 0.09749999999999844902 ) ) ;
#1268 = DIRECTION ( 'NONE',  ( 1.000000000000000000, 0.000000000000000000, -1.516366674804902060E-16 ) ) ;
#1269 = EDGE_CURVE ( 'NONE', #2103, #4257, #798, .T. ) ;
#1270 = CIRCLE ( 'NONE', #383, 0.1249999999999997918 ) ;
#1271 = VECTOR ( 'NONE', #5473, 1000.000000000000000 ) ;
#1272 = DIRECTION ( 'NONE',  ( -0.000000000000000000, -1.000000000000000000, -0.000000000000000000 ) ) ;
#1273 = CARTESIAN_POINT ( 'NONE',  ( -1.100000000000000311, 0.7500000000000000000, -1.350000000000000311 ) ) ;
#1274 = CARTESIAN_POINT ( 'NONE',  ( -1.450000000000000400, 0.07499999999999999722, 1.450000000000000178 ) ) ;
#1275 = LINE ( 'NONE', #5526, #6475 ) ;
#1276 = VECTOR ( 'NONE', #1858, 1000.000000000000000 ) ;
#1277 = ADVANCED_FACE ( 'NONE', ( #5924 ), #1302, .T. ) ;
#1278 = AXIS2_PLACEMENT_3D ( 'NONE', #3420, #5634, #475 ) ;
#1279 = CARTESIAN_POINT ( 'NONE',  ( 1.449999999999999956, 0.000000000000000000, -1.450000000000000178 ) ) ;
#1280 = CARTESIAN_POINT ( 'NONE',  ( 0.6750000000000000444, 0.1499999999999999944, -1.225000000000000089 ) ) ;
#1281 = LINE ( 'NONE', #1354, #2878 ) ;
#1282 = EDGE_LOOP ( 'NONE', ( #5506, #1428, #3413, #1512 ) ) ;
#1283 = DIRECTION ( 'NONE',  ( -0.000000000000000000, -1.000000000000000000, 0.000000000000000000 ) ) ;
#1284 = CARTESIAN_POINT ( 'NONE',  ( 1.449999999999999956, 0.000000000000000000, -0.3750000000000105471 ) ) ;
#1285 = VECTOR ( 'NONE', #1426, 1000.000000000000000 ) ;
#1286 = VECTOR ( 'NONE', #5083, 1000.000000000000000 ) ;
#1287 = LINE ( 'NONE', #3336, #3332 ) ;
#1288 = LINE ( 'NONE', #344, #3964 ) ;
#1289 = ORIENTED_EDGE ( 'NONE', *, *, #497, .T. ) ;
#1290 = EDGE_CURVE ( 'NONE', #138, #4458, #6217, .T. ) ;
#1291 = VECTOR ( 'NONE', #996, 1000.000000000000000 ) ;
#1292 = VECTOR ( 'NONE', #3791, 1000.000000000000000 ) ;
#1293 = VECTOR ( 'NONE', #5648, 1000.000000000000000 ) ;
#1294 = VERTEX_POINT ( 'NONE', #1562 ) ;
#1295 = DIRECTION ( 'NONE',  ( 0.000000000000000000, 1.000000000000000000, -0.000000000000000000 ) ) ;
#1296 = DIRECTION ( 'NONE',  ( 0.000000000000000000, -0.000000000000000000, 1.000000000000000000 ) ) ;
#1297 = PLANE ( 'NONE',  #5075 ) ;
#1298 = PRESENTATION_LAYER_ASSIGNMENT (  '', '', ( #1835 ) ) ;
#1299 = CARTESIAN_POINT ( 'NONE',  ( 0.000000000000000000, 0.1499999999999999944, -0.3499999999999999223 ) ) ;
#1300 = VERTEX_POINT ( 'NONE', #1044 ) ;
#1301 = CIRCLE ( 'NONE', #5068, 0.3750000000000104361 ) ;
#1302 = PLANE ( 'NONE',  #6412 ) ;
#1303 = ORIENTED_EDGE ( 'NONE', *, *, #4352, .F. ) ;
#1304 = VECTOR ( 'NONE', #3253, 1000.000000000000000 ) ;
#1305 = VERTEX_POINT ( 'NONE', #1086 ) ;
#1306 = VECTOR ( 'NONE', #4107, 1000.000000000000000 ) ;
#1307 = EDGE_CURVE ( 'NONE', #3215, #799, #586, .T. ) ;
#1308 = ORIENTED_EDGE ( 'NONE', *, *, #2715, .F. ) ;
#1309 = EDGE_CURVE ( 'NONE', #3279, #5472, #462, .T. ) ;
#1310 = DIRECTION ( 'NONE',  ( 1.000000000000000000, 0.000000000000000000, -3.863702287402771662E-14 ) ) ;
#1311 = PLANE ( 'NONE',  #3965 ) ;
#1312 = CARTESIAN_POINT ( 'NONE',  ( 1.500000000000015321, 0.1499999999999999944, 0.8749999999999891198 ) ) ;
#1313 = CIRCLE ( 'NONE', #3036, 0.1250000000000018319 ) ;
#1314 = ORIENTED_EDGE ( 'NONE', *, *, #656, .F. ) ;
#1315 = CARTESIAN_POINT ( 'NONE',  ( 0.9249999999999993783, 0.07499999999999999722, 1.500000000000000000 ) ) ;
#1316 = DIRECTION ( 'NONE',  ( 0.000000000000000000, -1.000000000000000000, 0.000000000000000000 ) ) ;
#1317 = CARTESIAN_POINT ( 'NONE',  ( 1.357148173950387145E-16, 0.1499999999999999944, -0.8949999999999999067 ) ) ;
#1318 = ADVANCED_FACE ( 'NONE', ( #707 ), #675, .T. ) ;
#1319 = DIRECTION ( 'NONE',  ( 0.000000000000000000, 0.000000000000000000, -1.000000000000000000 ) ) ;
#1320 = LINE ( 'NONE', #5428, #415 ) ;
#1321 = CARTESIAN_POINT ( 'NONE',  ( -4.190823558986625216E-28, 0.000000000000000000, -0.3750000000000104361 ) ) ;
#1322 = VERTEX_POINT ( 'NONE', #271 ) ;
#1323 = EDGE_CURVE ( 'NONE', #1728, #3949, #2949, .T. ) ;
#1324 = FACE_OUTER_BOUND ( 'NONE', #1638, .T. ) ;
#1325 = DIRECTION ( 'NONE',  ( 1.000000000000000000, 0.000000000000000000, 3.114617150049426547E-14 ) ) ;
#1326 = DIRECTION ( 'NONE',  ( 0.000000000000000000, 1.000000000000000000, -0.000000000000000000 ) ) ;
#1327 = ORIENTED_EDGE ( 'NONE', *, *, #2715, .T. ) ;
#1328 = DIRECTION ( 'NONE',  ( -0.000000000000000000, -1.000000000000000000, -0.000000000000000000 ) ) ;
#1329 = ORIENTED_EDGE ( 'NONE', *, *, #4126, .T. ) ;
#1330 = VERTEX_POINT ( 'NONE', #395 ) ;
#1331 = LINE ( 'NONE', #1223, #6037 ) ;
#1332 = CARTESIAN_POINT ( 'NONE',  ( 1.500000000000007550, 0.1499999999999999944, -1.040834085586092303E-14 ) ) ;
#1333 = CARTESIAN_POINT ( 'NONE',  ( 0.6749999999999999334, 0.1499999999999999944, -1.450000000000000178 ) ) ;
#1334 = ORIENTED_EDGE ( 'NONE', *, *, #5730, .F. ) ;
#1335 = LINE ( 'NONE', #764, #4994 ) ;
#1336 = ORIENTED_EDGE ( 'NONE', *, *, #4847, .T. ) ;
#1337 = ORIENTED_EDGE ( 'NONE', *, *, #4224, .F. ) ;
#1338 = ORIENTED_EDGE ( 'NONE', *, *, #1069, .T. ) ;
#1339 = CYLINDRICAL_SURFACE ( 'NONE', #6247, 0.1250000000000039135 ) ;
#1340 = EDGE_CURVE ( 'NONE', #1330, #5860, #1442, .T. ) ;
#1341 = DIRECTION ( 'NONE',  ( -1.000000000000000000, 0.000000000000000000, -0.000000000000000000 ) ) ;
#1342 = DIRECTION ( 'NONE',  ( 0.000000000000000000, 1.000000000000000000, -0.000000000000000000 ) ) ;
#1343 = ORIENTED_EDGE ( 'NONE', *, *, #3366, .T. ) ;
#1344 = ADVANCED_FACE ( 'NONE', ( #983 ), #2919, .F. ) ;
#1345 = DIRECTION ( 'NONE',  ( 0.000000000000000000, 0.000000000000000000, 1.000000000000000000 ) ) ;
#1346 = CARTESIAN_POINT ( 'NONE',  ( 0.1750000000000000167, 0.1499999999999999944, 1.224999999999996758 ) ) ;
#1347 = LINE ( 'NONE', #4478, #4511 ) ;
#1348 = DIRECTION ( 'NONE',  ( 0.000000000000000000, 0.000000000000000000, -1.000000000000000000 ) ) ;
#1349 = DIRECTION ( 'NONE',  ( -0.000000000000000000, -0.000000000000000000, 1.000000000000000000 ) ) ;
#1350 = ADVANCED_FACE ( 'NONE', ( #4084 ), #1000, .F. ) ;
#1351 = EDGE_CURVE ( 'NONE', #4257, #53, #2163, .T. ) ;
#1352 = CARTESIAN_POINT ( 'NONE',  ( -1.500000000000000222, 0.07499999999999999722, -0.8499999999999999778 ) ) ;
#1353 = DIRECTION ( 'NONE',  ( 0.000000000000000000, -1.000000000000000000, 0.000000000000000000 ) ) ;
#1354 = CARTESIAN_POINT ( 'NONE',  ( -2.303929616531727293E-15, 0.07499999999999999722, 0.8500000000000040856 ) ) ;
#1355 = PLANE ( 'NONE',  #4402 ) ;
#1356 = DIRECTION ( 'NONE',  ( -3.114617150049426547E-14, 0.000000000000000000, 1.000000000000000000 ) ) ;
#1357 = PRODUCT_CONTEXT ( 'NONE', #3953, 'mechanical' ) ;
#1358 = DIRECTION ( 'NONE',  ( -0.7071067811865464625, 0.000000000000000000, 0.7071067811865486830 ) ) ;
#1359 = ORIENTED_EDGE ( 'NONE', *, *, #3170, .T. ) ;
#1360 = ADVANCED_FACE ( 'NONE', ( #1470 ), #3554, .F. ) ;
#1361 = ORIENTED_EDGE ( 'NONE', *, *, #3733, .T. ) ;
#1362 = CARTESIAN_POINT ( 'NONE',  ( -1.154999999999991589, 0.07499999999999999722, 1.155000000000005356 ) ) ;
#1363 = VERTEX_POINT ( 'NONE', #3502 ) ;
#1364 = CARTESIAN_POINT ( 'NONE',  ( 0.7999999999999998224, 0.1499999999999999944, 1.100000000000000311 ) ) ;
#1365 = ORIENTED_EDGE ( 'NONE', *, *, #4371, .T. ) ;
#1366 = DIRECTION ( 'NONE',  ( -0.000000000000000000, -1.000000000000000000, -0.000000000000000000 ) ) ;
#1367 = CARTESIAN_POINT ( 'NONE',  ( -1.415000000000000036, 0.1499999999999999944, 0.6149999999999997691 ) ) ;
#1368 = DIRECTION ( 'NONE',  ( 0.000000000000000000, -1.000000000000000000, 0.000000000000000000 ) ) ;
#1369 = EDGE_LOOP ( 'NONE', ( #3473, #1365, #4437, #211 ) ) ;
#1370 = ADVANCED_FACE ( 'NONE', ( #2027 ), #2458, .F. ) ;
#1371 = ORIENTED_EDGE ( 'NONE', *, *, #2627, .T. ) ;
#1372 = VECTOR ( 'NONE', #1573, 1000.000000000000000 ) ;
#1373 = ORIENTED_EDGE ( 'NONE', *, *, #4185, .F. ) ;
#1374 = ORIENTED_EDGE ( 'NONE', *, *, #4208, .F. ) ;
#1375 = LINE ( 'NONE', #5866, #1506 ) ;
#1376 = CARTESIAN_POINT ( 'NONE',  ( -1.415000000000000036, 0.000000000000000000, 0.3849999999999998979 ) ) ;
#1377 = CARTESIAN_POINT ( 'NONE',  ( 0.1750000000000000167, 0.07499999999999999722, -1.450000000000000178 ) ) ;
#1378 = ORIENTED_EDGE ( 'NONE', *, *, #279, .T. ) ;
#1379 = FACE_OUTER_BOUND ( 'NONE', #5233, .T. ) ;
#1380 = CARTESIAN_POINT ( 'NONE',  ( 0.6750000000000010436, 0.000000000000000000, 5.322447028565214342E-16 ) ) ;
#1381 = CYLINDRICAL_SURFACE ( 'NONE', #1278, 0.1249999999999998890 ) ;
#1382 = EDGE_CURVE ( 'NONE', #6066, #4356, #802, .T. ) ;
#1383 = DIRECTION ( 'NONE',  ( 0.000000000000000000, -1.000000000000000000, 0.000000000000000000 ) ) ;
#1384 = COLOUR_RGB ( '',0.7921568627450980005, 0.8196078431372548767, 0.9333333333333333481 ) ;
#1385 = DIRECTION ( 'NONE',  ( 0.000000000000000000, 0.000000000000000000, 1.000000000000000000 ) ) ;
#1386 = DIRECTION ( 'NONE',  ( 1.000000000000000000, 0.000000000000000000, 6.023345402696833799E-16 ) ) ;
#1387 = CARTESIAN_POINT ( 'NONE',  ( 1.499999999999999778, 0.07499999999999999722, -1.500000000000000000 ) ) ;
#1388 = VECTOR ( 'NONE', #2972, 1000.000000000000000 ) ;
#1389 = CARTESIAN_POINT ( 'NONE',  ( -0.4999999999999897304, 0.000000000000000000, -0.09999999999999999167 ) ) ;
#1390 = EDGE_CURVE ( 'NONE', #5044, #3820, #1711, .T. ) ;
#1391 = DIRECTION ( 'NONE',  ( 0.000000000000000000, 0.000000000000000000, 1.000000000000000000 ) ) ;
#1392 = LINE ( 'NONE', #5467, #6009 ) ;
#1393 = ORIENTED_EDGE ( 'NONE', *, *, #5738, .F. ) ;
#1394 = VECTOR ( 'NONE', #2607, 1000.000000000000000 ) ;
#1395 = ORIENTED_EDGE ( 'NONE', *, *, #2095, .T. ) ;
#1396 = CARTESIAN_POINT ( 'NONE',  ( 1.225000000000013856, 0.1499999999999999944, -0.7500000000000086597 ) ) ;
#1397 = FACE_OUTER_BOUND ( 'NONE', #942, .T. ) ;
#1398 = LINE ( 'NONE', #1925, #1388 ) ;
#1399 = ORIENTED_EDGE ( 'NONE', *, *, #2425, .T. ) ;
#1400 = AXIS2_PLACEMENT_3D ( 'NONE', #93, #570, #1105 ) ;
#1401 = EDGE_CURVE ( 'NONE', #5991, #2752, #5317, .T. ) ;
#1402 = DIRECTION ( 'NONE',  ( 0.000000000000000000, -1.000000000000000000, 0.000000000000000000 ) ) ;
#1403 = DIRECTION ( 'NONE',  ( 0.000000000000000000, 1.000000000000000000, -0.000000000000000000 ) ) ;
#1404 = CARTESIAN_POINT ( 'NONE',  ( 0.6749999999999998224, 0.1499999999999999944, 1.500000000000000000 ) ) ;
#1405 = ORIENTED_EDGE ( 'NONE', *, *, #606, .F. ) ;
#1406 = VECTOR ( 'NONE', #2747, 999.9999999999998863 ) ;
#1407 = ORIENTED_EDGE ( 'NONE', *, *, #6207, .T. ) ;
#1408 = VECTOR ( 'NONE', #217, 1000.000000000000000 ) ;
#1409 = ORIENTED_EDGE ( 'NONE', *, *, #2222, .T. ) ;
#1410 = ORIENTED_EDGE ( 'NONE', *, *, #5795, .F. ) ;
#1411 = VECTOR ( 'NONE', #1453, 1000.000000000000000 ) ;
#1412 = EDGE_CURVE ( 'NONE', #4563, #1330, #5837, .T. ) ;
#1413 = FACE_OUTER_BOUND ( 'NONE', #1112, .T. ) ;
#1414 = VECTOR ( 'NONE', #653, 1000.000000000000000 ) ;
#1415 = SURFACE_STYLE_USAGE ( .BOTH. , #2043 ) ;
#1416 = AXIS2_PLACEMENT_3D ( 'NONE', #3263, #5319, #2761 ) ;
#1417 = CARTESIAN_POINT ( 'NONE',  ( 0.9249999999999994893, 0.07499999999999999722, 1.450000000000000178 ) ) ;
#1418 = VERTEX_POINT ( 'NONE', #6239 ) ;
#1419 = VECTOR ( 'NONE', #1584, 1000.000000000000000 ) ;
#1420 = DIRECTION ( 'NONE',  ( -1.000000000000000000, 0.000000000000000000, -0.000000000000000000 ) ) ;
#1421 = CARTESIAN_POINT ( 'NONE',  ( 0.000000000000000000, 0.1499999999999999944, 1.499999999999996669 ) ) ;
#1422 = CARTESIAN_POINT ( 'NONE',  ( 0.000000000000000000, 0.1499999999999999944, 0.1499999999999999667 ) ) ;
#1423 = DIRECTION ( 'NONE',  ( 0.000000000000000000, -1.000000000000000000, 0.000000000000000000 ) ) ;
#1424 = VECTOR ( 'NONE', #6001, 1000.000000000000000 ) ;
#1425 = CARTESIAN_POINT ( 'NONE',  ( -1.823430926452733861E-15, 0.000000000000000000, -0.1249999999999889672 ) ) ;
#1426 = DIRECTION ( 'NONE',  ( 1.000000000000000000, 0.000000000000000000, -5.963111948670220113E-14 ) ) ;
#1427 = CARTESIAN_POINT ( 'NONE',  ( 1.449999999999999956, 0.000000000000000000, 0.6249999999999893419 ) ) ;
#1428 = ORIENTED_EDGE ( 'NONE', *, *, #2977, .T. ) ;
#1429 = DIRECTION ( 'NONE',  ( 0.000000000000000000, 1.000000000000000000, 0.000000000000000000 ) ) ;
#1430 = SURFACE_STYLE_USAGE ( .BOTH. , #2900 ) ;
#1431 = VERTEX_POINT ( 'NONE', #6723 ) ;
#1432 = EDGE_LOOP ( 'NONE', ( #5101, #3871, #2230, #3664 ) ) ;
#1433 = ADVANCED_FACE ( 'NONE', ( #3131 ), #4147, .T. ) ;
#1434 = EDGE_CURVE ( 'NONE', #15, #3475, #2192, .T. ) ;
#1435 = DIRECTION ( 'NONE',  ( -1.000000000000000000, 0.000000000000000000, -7.885106708985491006E-16 ) ) ;
#1436 = ORIENTED_EDGE ( 'NONE', *, *, #2961, .T. ) ;
#1437 = DIRECTION ( 'NONE',  ( 7.885106708985491006E-16, 0.000000000000000000, -1.000000000000000000 ) ) ;
#1438 = DIRECTION ( 'NONE',  ( 1.000000000000000000, -0.000000000000000000, 0.000000000000000000 ) ) ;
#1439 = LINE ( 'NONE', #1404, #1950 ) ;
#1440 = VERTEX_POINT ( 'NONE', #2157 ) ;
#1441 = EDGE_CURVE ( 'NONE', #6436, #1937, #3192, .T. ) ;
#1442 = LINE ( 'NONE', #5548, #3275 ) ;
#1443 = VERTEX_POINT ( 'NONE', #3227 ) ;
#1444 = ORIENTED_EDGE ( 'NONE', *, *, #2000, .F. ) ;
#1445 = DIRECTION ( 'NONE',  ( 0.000000000000000000, -1.000000000000000000, 0.000000000000000000 ) ) ;
#1446 = DIRECTION ( 'NONE',  ( 0.000000000000000000, -1.000000000000000000, 0.000000000000000000 ) ) ;
#1447 = ORIENTED_EDGE ( 'NONE', *, *, #2161, .F. ) ;
#1448 = ADVANCED_FACE ( 'NONE', ( #641 ), #2698, .F. ) ;
#1449 = CARTESIAN_POINT ( 'NONE',  ( 0.000000000000000000, 0.07499999999999999722, 0.3499999999999999223 ) ) ;
#1450 = ORIENTED_EDGE ( 'NONE', *, *, #1746, .F. ) ;
#1451 = CARTESIAN_POINT ( 'NONE',  ( 0.4249999999999996003, 0.000000000000000000, 0.000000000000000000 ) ) ;
#1452 = DIRECTION ( 'NONE',  ( 0.000000000000000000, 0.000000000000000000, 1.000000000000000000 ) ) ;
#1453 = DIRECTION ( 'NONE',  ( 0.000000000000000000, -1.000000000000000000, 0.000000000000000000 ) ) ;
#1454 = CARTESIAN_POINT ( 'NONE',  ( 0.4249999999999996003, 0.1499999999999999944, 1.224999999999996758 ) ) ;
#1455 = DIRECTION ( 'NONE',  ( 0.000000000000000000, 0.000000000000000000, -1.000000000000000000 ) ) ;
#1456 = ORIENTED_EDGE ( 'NONE', *, *, #5553, .F. ) ;
#1457 = ORIENTED_EDGE ( 'NONE', *, *, #6486, .F. ) ;
#1458 = EDGE_CURVE ( 'NONE', #5724, #6638, #1071, .T. ) ;
#1459 = ORIENTED_EDGE ( 'NONE', *, *, #6018, .T. ) ;
#1460 = DIRECTION ( 'NONE',  ( 1.000000000000000000, 0.000000000000000000, -0.000000000000000000 ) ) ;
#1461 = VERTEX_POINT ( 'NONE', #4743 ) ;
#1462 = DIRECTION ( 'NONE',  ( -0.000000000000000000, -1.000000000000000000, -0.000000000000000000 ) ) ;
#1463 = FACE_OUTER_BOUND ( 'NONE', #2743, .T. ) ;
#1464 = EDGE_CURVE ( 'NONE', #6478, #2226, #4175, .T. ) ;
#1465 = DIRECTION ( 'NONE',  ( 0.000000000000000000, 0.000000000000000000, 1.000000000000000000 ) ) ;
#1466 = ORIENTED_EDGE ( 'NONE', *, *, #711, .F. ) ;
#1467 = ORIENTED_EDGE ( 'NONE', *, *, #3774, .F. ) ;
#1468 = EDGE_CURVE ( 'NONE', #4487, #491, #95, .T. ) ;
#1469 =( NAMED_UNIT ( * ) SI_UNIT ( $, .STERADIAN. ) SOLID_ANGLE_UNIT ( ) );
#1470 = FACE_OUTER_BOUND ( 'NONE', #2029, .T. ) ;
#1471 = ADVANCED_FACE ( 'NONE', ( #3160 ), #4245, .F. ) ;
#1472 = DIRECTION ( 'NONE',  ( 0.000000000000000000, 0.000000000000000000, 1.000000000000000000 ) ) ;
#1473 = ORIENTED_EDGE ( 'NONE', *, *, #1710, .F. ) ;
#1474 = AXIS2_PLACEMENT_3D ( 'NONE', #3512, #4164, #4696 ) ;
#1475 = CARTESIAN_POINT ( 'NONE',  ( -1.415000000000000036, 0.1499999999999999944, 0.8950000000000000178 ) ) ;
#1476 = ORIENTED_EDGE ( 'NONE', *, *, #2602, .F. ) ;
#1477 = CARTESIAN_POINT ( 'NONE',  ( -1.450000000000000400, 0.07499999999999999722, -1.450000000000000178 ) ) ;
#1478 = CARTESIAN_POINT ( 'NONE',  ( 0.1750000000000000167, 0.1499999999999999944, 1.450000000000000178 ) ) ;
#1479 = EDGE_CURVE ( 'NONE', #5917, #1947, #5223, .T. ) ;
#1480 = LINE ( 'NONE', #2018, #294 ) ;
#1481 = DIRECTION ( 'NONE',  ( 0.000000000000000000, 0.000000000000000000, 1.000000000000000000 ) ) ;
#1482 = DIRECTION ( 'NONE',  ( 0.000000000000000000, 0.000000000000000000, 1.000000000000000000 ) ) ;
#1483 = ORIENTED_EDGE ( 'NONE', *, *, #4978, .T. ) ;
#1484 = VECTOR ( 'NONE', #3516, 1000.000000000000000 ) ;
#1485 = EDGE_CURVE ( 'NONE', #3949, #3860, #58, .T. ) ;
#1486 = DIRECTION ( 'NONE',  ( -0.7071067811865464625, 0.000000000000000000, -0.7071067811865486830 ) ) ;
#1487 = DIRECTION ( 'NONE',  ( 0.000000000000000000, 0.000000000000000000, -1.000000000000000000 ) ) ;
#1488 = ORIENTED_EDGE ( 'NONE', *, *, #3076, .T. ) ;
#1489 = VERTEX_POINT ( 'NONE', #3742 ) ;
#1490 = CIRCLE ( 'NONE', #6124, 0.1000000000000000194 ) ;
#1491 = VECTOR ( 'NONE', #2214, 1000.000000000000000 ) ;
#1492 = EDGE_LOOP ( 'NONE', ( #5196, #1831, #98, #561 ) ) ;
#1493 = CARTESIAN_POINT ( 'NONE',  ( -1.100000000000000311, 0.7500000000000000000, -0.8500000000000003109 ) ) ;
#1494 = ORIENTED_EDGE ( 'NONE', *, *, #2906, .T. ) ;
#1495 = LINE ( 'NONE', #3542, #4308 ) ;
#1496 = VECTOR ( 'NONE', #6515, 1000.000000000000000 ) ;
#1497 = LINE ( 'NONE', #4929, #4745 ) ;
#1498 = ORIENTED_EDGE ( 'NONE', *, *, #139, .F. ) ;
#1499 = CARTESIAN_POINT ( 'NONE',  ( 0.9249999999999994893, 0.1499999999999999944, 1.500000000000000000 ) ) ;
#1500 = VECTOR ( 'NONE', #1778, 1000.000000000000000 ) ;
#1501 = VERTEX_POINT ( 'NONE', #5797 ) ;
#1502 = ORIENTED_EDGE ( 'NONE', *, *, #1754, .T. ) ;
#1503 = CARTESIAN_POINT ( 'NONE',  ( 1.225000000000003419, 0.000000000000000000, 0.6249999999999917843 ) ) ;
#1504 = SURFACE_STYLE_USAGE ( .BOTH. , #438 ) ;
#1505 = FACE_OUTER_BOUND ( 'NONE', #4303, .T. ) ;
#1506 = VECTOR ( 'NONE', #3414, 1000.000000000000000 ) ;
#1507 = ORIENTED_EDGE ( 'NONE', *, *, #6544, .T. ) ;
#1508 = EDGE_CURVE ( 'NONE', #1189, #5719, #5287, .T. ) ;
#1509 = VECTOR ( 'NONE', #1438, 1000.000000000000000 ) ;
#1510 = EDGE_CURVE ( 'NONE', #6331, #1294, #3778, .T. ) ;
#1511 = DIRECTION ( 'NONE',  ( -0.000000000000000000, -1.000000000000000000, -0.000000000000000000 ) ) ;
#1512 = ORIENTED_EDGE ( 'NONE', *, *, #6415, .F. ) ;
#1513 = VECTOR ( 'NONE', #5615, 1000.000000000000000 ) ;
#1514 = CARTESIAN_POINT ( 'NONE',  ( 0.1750000000000000167, 0.000000000000000000, -1.224999999999996758 ) ) ;
#1515 = LINE ( 'NONE', #1478, #3026 ) ;
#1516 = AXIS2_PLACEMENT_3D ( 'NONE', #5567, #5975, #1887 ) ;
#1517 = VECTOR ( 'NONE', #3035, 1000.000000000000000 ) ;
#1518 = EDGE_CURVE ( 'NONE', #1418, #1305, #6343, .T. ) ;
#1519 = LINE ( 'NONE', #6583, #1291 ) ;
#1520 = CARTESIAN_POINT ( 'NONE',  ( -1.500000000000000222, 0.1499999999999999944, -0.8499999999999999778 ) ) ;
#1521 = VECTOR ( 'NONE', #2556, 1000.000000000000000 ) ;
#1522 = DIRECTION ( 'NONE',  ( 0.000000000000000000, 0.000000000000000000, 1.000000000000000000 ) ) ;
#1523 = ORIENTED_EDGE ( 'NONE', *, *, #497, .F. ) ;
#1524 = DIRECTION ( 'NONE',  ( -0.000000000000000000, -1.000000000000000000, -0.000000000000000000 ) ) ;
#1525 = CARTESIAN_POINT ( 'NONE',  ( 0.6750000000000000444, 0.000000000000000000, -1.225000000000000089 ) ) ;
#1526 = ORIENTED_EDGE ( 'NONE', *, *, #2009, .T. ) ;
#1527 = EDGE_CURVE ( 'NONE', #6048, #2620, #4652, .T. ) ;
#1528 = ORIENTED_EDGE ( 'NONE', *, *, #1323, .T. ) ;
#1529 = CARTESIAN_POINT ( 'NONE',  ( 0.9249999999999998224, 0.000000000000000000, 1.224999999999996536 ) ) ;
#1530 = ORIENTED_EDGE ( 'NONE', *, *, #6005, .T. ) ;
#1531 = CARTESIAN_POINT ( 'NONE',  ( -1.450000000000000400, 0.07499999999999999722, -1.450000000000000178 ) ) ;
#1532 = CARTESIAN_POINT ( 'NONE',  ( 1.500000000000003331, 0.1499999999999999944, 0.6249999999999893419 ) ) ;
#1533 = LINE ( 'NONE', #5105, #953 ) ;
#1534 = ORIENTED_EDGE ( 'NONE', *, *, #2370, .F. ) ;
#1535 = ORIENTED_EDGE ( 'NONE', *, *, #6501, .T. ) ;
#1536 = LINE ( 'NONE', #530, #5563 ) ;
#1537 = VERTEX_POINT ( 'NONE', #1747 ) ;
#1538 = LINE ( 'NONE', #6063, #4945 ) ;
#1539 = FILL_AREA_STYLE ('',( #3025 ) ) ;
#1540 = FACE_OUTER_BOUND ( 'NONE', #2727, .T. ) ;
#1541 = ORIENTED_EDGE ( 'NONE', *, *, #6607, .F. ) ;
#1542 = DIRECTION ( 'NONE',  ( -0.000000000000000000, -1.000000000000000000, -0.000000000000000000 ) ) ;
#1543 = EDGE_CURVE ( 'NONE', #5887, #6172, #3807, .T. ) ;
#1544 = CARTESIAN_POINT ( 'NONE',  ( -1.823430926452733861E-15, 0.07499999999999999722, -0.1249999999999889672 ) ) ;
#1545 = EDGE_LOOP ( 'NONE', ( #4667, #724, #1078, #3711 ) ) ;
#1546 = CARTESIAN_POINT ( 'NONE',  ( 1.449999999999999956, 0.000000000000000000, -0.000000000000000000 ) ) ;
#1547 = DIRECTION ( 'NONE',  ( 1.000000000000000000, 0.000000000000000000, 6.023345402696833799E-16 ) ) ;
#1548 = EDGE_CURVE ( 'NONE', #465, #3340, #1107, .T. ) ;
#1549 = CARTESIAN_POINT ( 'NONE',  ( 0.6750000000000010436, 0.1499999999999999944, 5.322447028565214342E-16 ) ) ;
#1550 = DIRECTION ( 'NONE',  ( 0.000000000000000000, 0.000000000000000000, 1.000000000000000000 ) ) ;
#1551 = CARTESIAN_POINT ( 'NONE',  ( -1.450000000000000400, 0.1499999999999999944, -0.8600000000000003197 ) ) ;
#1552 = DIRECTION ( 'NONE',  ( 1.000000000000000000, 0.000000000000000000, 2.710505431213783962E-15 ) ) ;
#1553 = CARTESIAN_POINT ( 'NONE',  ( -1.415000000000000036, 0.1499999999999999944, 0.000000000000000000 ) ) ;
#1554 = EDGE_CURVE ( 'NONE', #2754, #3771, #4872, .T. ) ;
#1555 = EDGE_CURVE ( 'NONE', #6309, #5111, #673, .T. ) ;
#1556 = LINE ( 'NONE', #3784, #6338 ) ;
#1557 = ORIENTED_EDGE ( 'NONE', *, *, #5020, .T. ) ;
#1558 = ORIENTED_EDGE ( 'NONE', *, *, #2551, .F. ) ;
#1559 = DIRECTION ( 'NONE',  ( 0.000000000000000000, 1.000000000000000000, 0.000000000000000000 ) ) ;
#1560 = ORIENTED_EDGE ( 'NONE', *, *, #973, .T. ) ;
#1561 = CARTESIAN_POINT ( 'NONE',  ( -1.500000000000000222, 0.1499999999999999944, 0.000000000000000000 ) ) ;
#1562 = CARTESIAN_POINT ( 'NONE',  ( -1.450000000000000400, 0.07499999999999999722, 0.8600000000000003197 ) ) ;
#1563 = DIRECTION ( 'NONE',  ( -1.000000000000000000, 0.000000000000000000, 3.863702287402771662E-14 ) ) ;
#1564 = EDGE_CURVE ( 'NONE', #6053, #351, #2398, .T. ) ;
#1565 = CARTESIAN_POINT ( 'NONE',  ( 1.500000000000010214, 0.1499999999999999944, 0.3749999999999890643 ) ) ;
#1566 = EDGE_LOOP ( 'NONE', ( #5333, #6471, #6082, #148, #6302, #3646 ) ) ;
#1567 = ORIENTED_EDGE ( 'NONE', *, *, #2123, .F. ) ;
#1568 = FACE_OUTER_BOUND ( 'NONE', #453, .T. ) ;
#1569 = ORIENTED_EDGE ( 'NONE', *, *, #26, .F. ) ;
#1570 = CARTESIAN_POINT ( 'NONE',  ( -1.500000000000000222, 0.1499999999999999944, -0.8499999999999999778 ) ) ;
#1571 = DIRECTION ( 'NONE',  ( 0.000000000000000000, -0.000000000000000000, 1.000000000000000000 ) ) ;
#1572 = VERTEX_POINT ( 'NONE', #5901 ) ;
#1573 = DIRECTION ( 'NONE',  ( 0.000000000000000000, -1.000000000000000000, 0.000000000000000000 ) ) ;
#1574 = LINE ( 'NONE', #4735, #6671 ) ;
#1575 = ORIENTED_EDGE ( 'NONE', *, *, #6588, .T. ) ;
#1576 = PLANE ( 'NONE',  #402 ) ;
#1577 = LINE ( 'NONE', #4510, #1839 ) ;
#1578 = VECTOR ( 'NONE', #4412, 1000.000000000000000 ) ;
#1579 = ADVANCED_FACE ( 'NONE', ( #5455 ), #1850, .F. ) ;
#1580 = CARTESIAN_POINT ( 'NONE',  ( 0.1750000000000000167, 0.1499999999999999944, -1.450000000000000178 ) ) ;
#1581 = DIRECTION ( 'NONE',  ( 0.7071067811865432429, 0.000000000000000000, -0.7071067811865517916 ) ) ;
#1582 = LINE ( 'NONE', #6587, #6349 ) ;
#1583 = ORIENTED_EDGE ( 'NONE', *, *, #4631, .F. ) ;
#1584 = DIRECTION ( 'NONE',  ( 0.000000000000000000, 0.000000000000000000, 1.000000000000000000 ) ) ;
#1585 = ORIENTED_EDGE ( 'NONE', *, *, #3610, .F. ) ;
#1586 = CARTESIAN_POINT ( 'NONE',  ( -1.450000000000000400, 0.000000000000000000, -0.6500000000000001332 ) ) ;
#1587 = EDGE_CURVE ( 'NONE', #1995, #6309, #6509, .T. ) ;
#1588 = ADVANCED_FACE ( 'NONE', ( #5426 ), #2759, .F. ) ;
#1589 = ORIENTED_EDGE ( 'NONE', *, *, #580, .F. ) ;
#1590 = LINE ( 'NONE', #5713, #3108 ) ;
#1591 = ORIENTED_EDGE ( 'NONE', *, *, #1964, .T. ) ;
#1592 = DIRECTION ( 'NONE',  ( 0.000000000000000000, 0.000000000000000000, -1.000000000000000000 ) ) ;
#1593 = EDGE_LOOP ( 'NONE', ( #5177, #6028, #6192, #3788, #5036 ) ) ;
#1594 = VERTEX_POINT ( 'NONE', #4376 ) ;
#1595 = VECTOR ( 'NONE', #243, 1000.000000000000000 ) ;
#1596 = VECTOR ( 'NONE', #520, 1000.000000000000000 ) ;
#1597 = VERTEX_POINT ( 'NONE', #4411 ) ;
#1598 = ADVANCED_FACE ( 'NONE', ( #6442 ), #5937, .T. ) ;
#1599 = LINE ( 'NONE', #2108, #5240 ) ;
#1600 = ORIENTED_EDGE ( 'NONE', *, *, #420, .F. ) ;
#1601 = VECTOR ( 'NONE', #3945, 1000.000000000000000 ) ;
#1602 = DIRECTION ( 'NONE',  ( 0.000000000000000000, 0.000000000000000000, -1.000000000000000000 ) ) ;
#1603 = DIRECTION ( 'NONE',  ( 1.000000000000000000, 0.000000000000000000, -2.710505431213768579E-15 ) ) ;
#1604 = PLANE ( 'NONE',  #5504 ) ;
#1605 = ORIENTED_EDGE ( 'NONE', *, *, #2273, .T. ) ;
#1606 = AXIS2_PLACEMENT_3D ( 'NONE', #5871, #1239, #3390 ) ;
#1607 = ADVANCED_FACE ( 'NONE', ( #2855 ), #4841, .T. ) ;
#1608 = CARTESIAN_POINT ( 'NONE',  ( 1.449999999999999956, 0.1499999999999999944, 0.3749999999999898415 ) ) ;
#1609 = ORIENTED_EDGE ( 'NONE', *, *, #2079, .F. ) ;
#1610 = PLANE ( 'NONE',  #5162 ) ;
#1611 = VECTOR ( 'NONE', #375, 1000.000000000000000 ) ;
#1612 = AXIS2_PLACEMENT_3D ( 'NONE', #2525, #4567, #2006 ) ;
#1613 = AXIS2_PLACEMENT_3D ( 'NONE', #416, #447, #916 ) ;
#1614 = VECTOR ( 'NONE', #5351, 1000.000000000000000 ) ;
#1615 = CARTESIAN_POINT ( 'NONE',  ( 0.000000000000000000, 0.1499999999999999944, 0.6500000000000001332 ) ) ;
#1616 = FACE_OUTER_BOUND ( 'NONE', #6492, .T. ) ;
#1617 = FACE_OUTER_BOUND ( 'NONE', #6519, .T. ) ;
#1618 = VECTOR ( 'NONE', #3604, 1000.000000000000000 ) ;
#1619 = STYLED_ITEM ( 'NONE', ( #4456 ), #2075 ) ;
#1620 = FACE_OUTER_BOUND ( 'NONE', #908, .T. ) ;
#1621 = AXIS2_PLACEMENT_3D ( 'NONE', #4788, #1295, #3345 ) ;
#1622 = PLANE ( 'NONE',  #3526 ) ;
#1623 = ORIENTED_EDGE ( 'NONE', *, *, #6435, .T. ) ;
#1624 = AXIS2_PLACEMENT_3D ( 'NONE', #5292, #6507, #2703 ) ;
#1625 = LINE ( 'NONE', #3238, #741 ) ;
#1626 = CIRCLE ( 'NONE', #5182, 0.1249999999999998890 ) ;
#1627 = ORIENTED_EDGE ( 'NONE', *, *, #4173, .T. ) ;
#1628 = CARTESIAN_POINT ( 'NONE',  ( 0.2999999999999999334, 0.1499999999999999944, 1.224999999999996758 ) ) ;
#1629 = ADVANCED_FACE ( 'NONE', ( #745 ), #4904, .F. ) ;
#1630 = ORIENTED_EDGE ( 'NONE', *, *, #4466, .F. ) ;
#1631 = DIRECTION ( 'NONE',  ( 1.000000000000000000, 0.000000000000000000, 0.000000000000000000 ) ) ;
#1632 = AXIS2_PLACEMENT_3D ( 'NONE', #870, #6019, #2381 ) ;
#1633 = VECTOR ( 'NONE', #4293, 1000.000000000000000 ) ;
#1634 = CARTESIAN_POINT ( 'NONE',  ( 0.000000000000000000, 0.1499999999999999944, -0.6500000000000001332 ) ) ;
#1635 = ORIENTED_EDGE ( 'NONE', *, *, #2825, .T. ) ;
#1636 = ORIENTED_EDGE ( 'NONE', *, *, #2431, .F. ) ;
#1637 = EDGE_CURVE ( 'NONE', #5808, #4623, #564, .T. ) ;
#1638 = EDGE_LOOP ( 'NONE', ( #6668, #6021, #5359, #2440, #3562, #4288 ) ) ;
#1639 = VERTEX_POINT ( 'NONE', #6480 ) ;
#1640 = ORIENTED_EDGE ( 'NONE', *, *, #2297, .F. ) ;
#1641 = LINE ( 'NONE', #5241, #5715 ) ;
#1642 = CARTESIAN_POINT ( 'NONE',  ( 1.357148173950387145E-16, 0.1499999999999999944, -0.8949999999999999067 ) ) ;
#1643 = FACE_OUTER_BOUND ( 'NONE', #803, .T. ) ;
#1644 = ADVANCED_FACE ( 'NONE', ( #2826 ), #3911, .F. ) ;
#1645 = ORIENTED_EDGE ( 'NONE', *, *, #3602, .F. ) ;
#1646 = CARTESIAN_POINT ( 'NONE',  ( 0.6750000000000004885, 0.000000000000000000, -2.661223514282605199E-16 ) ) ;
#1647 = CARTESIAN_POINT ( 'NONE',  ( -1.450000000000000400, 0.000000000000000000, -0.000000000000000000 ) ) ;
#1648 = ORIENTED_EDGE ( 'NONE', *, *, #1262, .F. ) ;
#1649 = CARTESIAN_POINT ( 'NONE',  ( 0.000000000000000000, 0.1499999999999999944, -0.1000000000000000056 ) ) ;
#1650 = PLANE ( 'NONE',  #1701 ) ;
#1651 = EDGE_CURVE ( 'NONE', #3856, #1740, #3389, .T. ) ;
#1652 = DIRECTION ( 'NONE',  ( -0.000000000000000000, 1.000000000000000000, 0.000000000000000000 ) ) ;
#1653 = CARTESIAN_POINT ( 'NONE',  ( 0.000000000000000000, 0.000000000000000000, 0.000000000000000000 ) ) ;
#1654 = CARTESIAN_POINT ( 'NONE',  ( -0.1999999999999961531, 0.1499999999999999944, -0.1999999999999950984 ) ) ;
#1655 = EDGE_CURVE ( 'NONE', #4195, #289, #4943, .T. ) ;
#1656 = DIRECTION ( 'NONE',  ( 0.7071067811865517916, 0.000000000000000000, 0.7071067811865432429 ) ) ;
#1657 = ORIENTED_EDGE ( 'NONE', *, *, #2685, .T. ) ;
#1658 = CARTESIAN_POINT ( 'NONE',  ( 1.225000000000008527, 0.1499999999999999944, 0.2499999999999913403 ) ) ;
#1659 = PRESENTATION_STYLE_ASSIGNMENT (( #5911 ) ) ;
#1660 = FACE_OUTER_BOUND ( 'NONE', #1369, .T. ) ;
#1661 = ORIENTED_EDGE ( 'NONE', *, *, #5865, .T. ) ;
#1662 = ORIENTED_EDGE ( 'NONE', *, *, #4454, .F. ) ;
#1663 = EDGE_LOOP ( 'NONE', ( #4357, #797, #6164, #2917 ) ) ;
#1664 = ORIENTED_EDGE ( 'NONE', *, *, #1746, .T. ) ;
#1665 = CARTESIAN_POINT ( 'NONE',  ( 0.9249999999999996003, 0.000000000000000000, 1.450000000000000178 ) ) ;
#1666 = AXIS2_PLACEMENT_3D ( 'NONE', #3633, #607, #3709 ) ;
#1667 = CARTESIAN_POINT ( 'NONE',  ( -2.303929616531714277E-15, 0.07499999999999999722, -0.8500000000000040856 ) ) ;
#1668 = DIRECTION ( 'NONE',  ( 0.7071067811865464625, 0.000000000000000000, 0.7071067811865486830 ) ) ;
#1669 = ORIENTED_EDGE ( 'NONE', *, *, #506, .F. ) ;
#1670 = ORIENTED_EDGE ( 'NONE', *, *, #6295, .T. ) ;
#1671 = CARTESIAN_POINT ( 'NONE',  ( -1.450000000000000400, 0.07499999999999999722, -0.8600000000000003197 ) ) ;
#1672 = LINE ( 'NONE', #3125, #6234 ) ;
#1673 = ORIENTED_EDGE ( 'NONE', *, *, #4198, .T. ) ;
#1674 = ADVANCED_FACE ( 'NONE', ( #368 ), #4507, .F. ) ;
#1675 = DIRECTION ( 'NONE',  ( -3.942553354492745503E-16, 0.000000000000000000, -1.000000000000000000 ) ) ;
#1676 = CARTESIAN_POINT ( 'NONE',  ( 0.1750000000000000167, 0.1499999999999999944, 0.000000000000000000 ) ) ;
#1677 = CARTESIAN_POINT ( 'NONE',  ( 0.9250000000000000444, 0.1499999999999999944, -3.646861852905789479E-16 ) ) ;
#1678 = CARTESIAN_POINT ( 'NONE',  ( 1.449999999999999956, 0.000000000000000000, -1.450000000000000178 ) ) ;
#1679 = CARTESIAN_POINT ( 'NONE',  ( -1.500000000000000222, 0.07499999999999999722, 1.500000000000000000 ) ) ;
#1680 = EDGE_CURVE ( 'NONE', #1461, #1740, #4179, .T. ) ;
#1681 = DIRECTION ( 'NONE',  ( -1.000000000000000000, 0.000000000000000000, -0.000000000000000000 ) ) ;
#1682 = ORIENTED_EDGE ( 'NONE', *, *, #1018, .T. ) ;
#1683 = CARTESIAN_POINT ( 'NONE',  ( -1.500000000000000222, 0.1499999999999999944, 0.000000000000000000 ) ) ;
#1684 = VECTOR ( 'NONE', #6152, 1000.000000000000000 ) ;
#1685 = FACE_OUTER_BOUND ( 'NONE', #4693, .T. ) ;
#1686 = CARTESIAN_POINT ( 'NONE',  ( 0.2999999999999999334, 0.1499999999999999944, 1.224999999999996758 ) ) ;
#1687 = LINE ( 'NONE', #4184, #4425 ) ;
#1688 = ORIENTED_EDGE ( 'NONE', *, *, #212, .T. ) ;
#1689 = EDGE_CURVE ( 'NONE', #4662, #3856, #2049, .T. ) ;
#1690 = DIRECTION ( 'NONE',  ( 0.000000000000000000, 0.000000000000000000, 1.000000000000000000 ) ) ;
#1691 =( LENGTH_UNIT ( ) NAMED_UNIT ( * ) SI_UNIT ( .MILLI., .METRE. ) );
#1692 = CARTESIAN_POINT ( 'NONE',  ( 0.000000000000000000, 0.1499999999999999944, 0.000000000000000000 ) ) ;
#1693 = ORIENTED_EDGE ( 'NONE', *, *, #2383, .F. ) ;
#1694 = ORIENTED_EDGE ( 'NONE', *, *, #2243, .T. ) ;
#1695 = ORIENTED_EDGE ( 'NONE', *, *, #3620, .T. ) ;
#1696 = EDGE_LOOP ( 'NONE', ( #6285, #2371, #4897, #4296 ) ) ;
#1697 = LINE ( 'NONE', #6712, #2899 ) ;
#1698 = CARTESIAN_POINT ( 'NONE',  ( 1.500000000000010214, 0.1499999999999999944, 0.3749999999999890643 ) ) ;
#1699 = LINE ( 'NONE', #3764, #3560 ) ;
#1700 = VECTOR ( 'NONE', #1487, 1000.000000000000000 ) ;
#1701 = AXIS2_PLACEMENT_3D ( 'NONE', #3221, #2189, #5737 ) ;
#1702 = PLANE ( 'NONE',  #2505 ) ;
#1703 = ORIENTED_EDGE ( 'NONE', *, *, #4758, .F. ) ;
#1704 = VERTEX_POINT ( 'NONE', #6131 ) ;
#1705 = CIRCLE ( 'NONE', #6126, 0.1000000000000000194 ) ;
#1706 = PLANE ( 'NONE',  #3864 ) ;
#1707 = ORIENTED_EDGE ( 'NONE', *, *, #5894, .T. ) ;
#1708 = CARTESIAN_POINT ( 'NONE',  ( 0.9250000000000000444, 0.1499999999999999944, -3.646861852905789479E-16 ) ) ;
#1709 = AXIS2_PLACEMENT_3D ( 'NONE', #1820, #4953, #6488 ) ;
#1710 = EDGE_CURVE ( 'NONE', #436, #4736, #911, .T. ) ;
#1711 = LINE ( 'NONE', #125, #567 ) ;
#1712 = DIRECTION ( 'NONE',  ( -1.000000000000000000, 0.000000000000000000, 0.000000000000000000 ) ) ;
#1713 = LINE ( 'NONE', #2791, #1578 ) ;
#1714 = VECTOR ( 'NONE', #2991, 1000.000000000000000 ) ;
#1715 = CARTESIAN_POINT ( 'NONE',  ( 1.499999999999999778, 0.1499999999999999944, -0.6250000000000003331 ) ) ;
#1716 = CARTESIAN_POINT ( 'NONE',  ( 1.357148173950387145E-16, 0.000000000000000000, 0.8949999999999999067 ) ) ;
#1717 = DIRECTION ( 'NONE',  ( 1.000000000000000000, 0.000000000000000000, -0.000000000000000000 ) ) ;
#1718 = MECHANICAL_DESIGN_GEOMETRIC_PRESENTATION_REPRESENTATION (  '', ( #3010 ), #2695 ) ;
#1719 = EDGE_CURVE ( 'NONE', #4030, #3550, #2989, .T. ) ;
#1720 = FACE_OUTER_BOUND ( 'NONE', #1967, .T. ) ;
#1721 = PRESENTATION_LAYER_ASSIGNMENT (  '', '', ( #2905 ) ) ;
#1722 = ORIENTED_EDGE ( 'NONE', *, *, #4244, .T. ) ;
#1723 = VECTOR ( 'NONE', #2768, 1000.000000000000000 ) ;
#1724 = LINE ( 'NONE', #4321, #6678 ) ;
#1725 = VECTOR ( 'NONE', #644, 1000.000000000000000 ) ;
#1726 =( NAMED_UNIT ( * ) SI_UNIT ( $, .STERADIAN. ) SOLID_ANGLE_UNIT ( ) );
#1727 = LINE ( 'NONE', #2202, #4837 ) ;
#1728 = VERTEX_POINT ( 'NONE', #851 ) ;
#1729 = EDGE_CURVE ( 'NONE', #4196, #889, #2424, .T. ) ;
#1730 = EDGE_LOOP ( 'NONE', ( #874, #1864, #4752, #5789 ) ) ;
#1731 = EDGE_LOOP ( 'NONE', ( #1014, #1393, #4239, #2938, #3354, #403 ) ) ;
#1732 = EDGE_LOOP ( 'NONE', ( #2529, #4155, #2175, #3451 ) ) ;
#1733 = AXIS2_PLACEMENT_3D ( 'NONE', #4640, #6298, #6714 ) ;
#1734 = CARTESIAN_POINT ( 'NONE',  ( -2.303929616531714277E-15, 0.07499999999999999722, -0.8500000000000040856 ) ) ;
#1735 = VECTOR ( 'NONE', #2640, 1000.000000000000000 ) ;
#1736 = LINE ( 'NONE', #1795, #177 ) ;
#1737 = CARTESIAN_POINT ( 'NONE',  ( 0.4249999999999996003, 0.07499999999999999722, -1.499999999999996669 ) ) ;
#1738 = CARTESIAN_POINT ( 'NONE',  ( -0.4999999999999897304, 0.1499999999999999944, -0.09999999999999999167 ) ) ;
#1739 = ORIENTED_EDGE ( 'NONE', *, *, #1340, .T. ) ;
#1740 = VERTEX_POINT ( 'NONE', #408 ) ;
#1741 = DIRECTION ( 'NONE',  ( 0.000000000000000000, 1.000000000000000000, -0.000000000000000000 ) ) ;
#1742 = DIRECTION ( 'NONE',  ( 0.000000000000000000, -0.000000000000000000, 1.000000000000000000 ) ) ;
#1743 = ORIENTED_EDGE ( 'NONE', *, *, #3935, .T. ) ;
#1744 = LINE ( 'NONE', #257, #6361 ) ;
#1745 = LINE ( 'NONE', #4243, #3859 ) ;
#1746 = EDGE_CURVE ( 'NONE', #6422, #6187, #3061, .T. ) ;
#1747 = CARTESIAN_POINT ( 'NONE',  ( 0.4249999999999996003, 0.000000000000000000, -1.224999999999996758 ) ) ;
#1748 = DIRECTION ( 'NONE',  ( -0.000000000000000000, -1.000000000000000000, 0.000000000000000000 ) ) ;
#1749 = ADVANCED_FACE ( 'NONE', ( #4477 ), #1946, .F. ) ;
#1750 = DIRECTION ( 'NONE',  ( 1.182766006347807923E-15, 0.000000000000000000, -1.000000000000000000 ) ) ;
#1751 = LINE ( 'NONE', #4119, #615 ) ;
#1752 = ORIENTED_EDGE ( 'NONE', *, *, #367, .F. ) ;
#1753 = DIRECTION ( 'NONE',  ( -0.000000000000000000, -1.000000000000000000, 0.000000000000000000 ) ) ;
#1754 = EDGE_CURVE ( 'NONE', #3471, #3820, #3206, .T. ) ;
#1755 = EDGE_CURVE ( 'NONE', #901, #6323, #3561, .T. ) ;
#1756 = LINE ( 'NONE', #2767, #2160 ) ;
#1757 = PLANE ( 'NONE',  #6252 ) ;
#1758 = ORIENTED_EDGE ( 'NONE', *, *, #6018, .F. ) ;
#1759 = ORIENTED_EDGE ( 'NONE', *, *, #5418, .F. ) ;
#1760 = EDGE_LOOP ( 'NONE', ( #1060, #1410, #1591, #1407, #4409, #2544 ) ) ;
#1761 = ADVANCED_FACE ( 'NONE', ( #4981 ), #6540, .F. ) ;
#1762 = FACE_OUTER_BOUND ( 'NONE', #3256, .T. ) ;
#1763 = DIRECTION ( 'NONE',  ( -3.114617150049426547E-14, 0.000000000000000000, 1.000000000000000000 ) ) ;
#1764 = DIRECTION ( 'NONE',  ( 1.000000000000000000, 0.000000000000000000, 0.000000000000000000 ) ) ;
#1765 = LINE ( 'NONE', #4365, #6273 ) ;
#1766 = ORIENTED_EDGE ( 'NONE', *, *, #2609, .F. ) ;
#1767 = EDGE_LOOP ( 'NONE', ( #3991, #3801, #222, #3669, #1886, #6099, #2391, #5565, #3246, #4087, #1140, #422, #3074, #4541, #2150, #4200, #2212, #3003, #4219, #4299 ) ) ;
#1768 = CARTESIAN_POINT ( 'NONE',  ( 0.4249999999999996003, 0.1499999999999999944, 0.000000000000000000 ) ) ;
#1769 = ORIENTED_EDGE ( 'NONE', *, *, #1510, .T. ) ;
#1770 = EDGE_CURVE ( 'NONE', #2169, #1704, #1907, .T. ) ;
#1771 = LINE ( 'NONE', #1873, #3987 ) ;
#1772 = DIRECTION ( 'NONE',  ( -0.000000000000000000, -1.000000000000000000, -0.000000000000000000 ) ) ;
#1773 = AXIS2_PLACEMENT_3D ( 'NONE', #201, #1238, #3841 ) ;
#1774 = ORIENTED_EDGE ( 'NONE', *, *, #6061, .F. ) ;
#1775 = DIRECTION ( 'NONE',  ( 1.000000000000000000, -0.000000000000000000, 0.000000000000000000 ) ) ;
#1776 = DIRECTION ( 'NONE',  ( 0.000000000000000000, 0.000000000000000000, -1.000000000000000000 ) ) ;
#1777 = DIRECTION ( 'NONE',  ( 0.000000000000000000, -1.000000000000000000, 0.000000000000000000 ) ) ;
#1778 = DIRECTION ( 'NONE',  ( 3.942553354492745503E-16, 0.000000000000000000, 1.000000000000000000 ) ) ;
#1779 = DIRECTION ( 'NONE',  ( 0.000000000000000000, 1.000000000000000000, -0.000000000000000000 ) ) ;
#1780 = EDGE_CURVE ( 'NONE', #5860, #863, #3460, .T. ) ;
#1781 = LINE ( 'NONE', #6487, #6379 ) ;
#1782 = DIRECTION ( 'NONE',  ( -1.000000000000000000, 0.000000000000000000, -0.000000000000000000 ) ) ;
#1783 = EDGE_LOOP ( 'NONE', ( #6251, #6395, #1661, #1894 ) ) ;
#1784 = CARTESIAN_POINT ( 'NONE',  ( 0.9249999999999993783, 0.07499999999999999722, 1.500000000000000000 ) ) ;
#1785 = SURFACE_SIDE_STYLE ('',( #2301 ) ) ;
#1786 = LINE ( 'NONE', #1246, #5823 ) ;
#1787 = ORIENTED_EDGE ( 'NONE', *, *, #5197, .F. ) ;
#1788 = AXIS2_PLACEMENT_3D ( 'NONE', #5081, #5687, #3021 ) ;
#1789 = ORIENTED_EDGE ( 'NONE', *, *, #4146, .F. ) ;
#1790 = EDGE_CURVE ( 'NONE', #5808, #5048, #4606, .T. ) ;
#1791 = ORIENTED_EDGE ( 'NONE', *, *, #5651, .T. ) ;
#1792 = ORIENTED_EDGE ( 'NONE', *, *, #1479, .F. ) ;
#1793 = LINE ( 'NONE', #4362, #4205 ) ;
#1794 = AXIS2_PLACEMENT_3D ( 'NONE', #826, #4818, #2909 ) ;
#1795 = CARTESIAN_POINT ( 'NONE',  ( 0.09749999999999874045, 0.000000000000000000, -0.09749999999999843514 ) ) ;
#1796 = DIRECTION ( 'NONE',  ( 0.000000000000000000, 1.000000000000000000, 0.000000000000000000 ) ) ;
#1797 = LINE ( 'NONE', #2816, #88 ) ;
#1798 = ORIENTED_EDGE ( 'NONE', *, *, #4390, .T. ) ;
#1799 = DIRECTION ( 'NONE',  ( 0.000000000000000000, 1.000000000000000000, 0.000000000000000000 ) ) ;
#1800 = ORIENTED_EDGE ( 'NONE', *, *, #618, .T. ) ;
#1801 = EDGE_CURVE ( 'NONE', #3475, #3123, #2958, .T. ) ;
#1802 = VERTEX_POINT ( 'NONE', #954 ) ;
#1803 = ORIENTED_EDGE ( 'NONE', *, *, #4971, .T. ) ;
#1804 =( GEOMETRIC_REPRESENTATION_CONTEXT ( 3 ) GLOBAL_UNCERTAINTY_ASSIGNED_CONTEXT ( ( #3632 ) ) GLOBAL_UNIT_ASSIGNED_CONTEXT ( ( #4272, #3672, #1205 ) ) REPRESENTATION_CONTEXT ( 'NONE', 'WORKASPACE' ) );
#1805 = FACE_OUTER_BOUND ( 'NONE', #6698, .T. ) ;
#1806 = CARTESIAN_POINT ( 'NONE',  ( -3.898199629254493495E-14, 0.07499999999999999722, -0.8749999999999539257 ) ) ;
#1807 = LINE ( 'NONE', #1312, #2498 ) ;
#1808 = ORIENTED_EDGE ( 'NONE', *, *, #5475, .F. ) ;
#1809 = VECTOR ( 'NONE', #4040, 1000.000000000000000 ) ;
#1810 = EDGE_CURVE ( 'NONE', #351, #2246, #4012, .T. ) ;
#1811 = CARTESIAN_POINT ( 'NONE',  ( 0.000000000000000000, 0.1499999999999999944, -0.1000000000000000056 ) ) ;
#1812 = PLANE ( 'NONE',  #4720 ) ;
#1813 = LINE ( 'NONE', #233, #2384 ) ;
#1814 = VECTOR ( 'NONE', #5944, 1000.000000000000000 ) ;
#1815 = CIRCLE ( 'NONE', #1709, 0.1249999999999998890 ) ;
#1816 = LINE ( 'NONE', #749, #1814 ) ;
#1817 = VECTOR ( 'NONE', #3779, 1000.000000000000000 ) ;
#1818 = CARTESIAN_POINT ( 'NONE',  ( 1.225000000000003419, 0.000000000000000000, -0.3750000000000105471 ) ) ;
#1819 = ORIENTED_EDGE ( 'NONE', *, *, #67, .F. ) ;
#1820 = CARTESIAN_POINT ( 'NONE',  ( 0.2999999999999999334, 0.1499999999999999944, 1.224999999999996758 ) ) ;
#1821 = CARTESIAN_POINT ( 'NONE',  ( -1.100000000000000311, 0.7500000000000000000, -1.100000000000000311 ) ) ;
#1822 = VECTOR ( 'NONE', #2630, 1000.000000000000000 ) ;
#1823 = DIRECTION ( 'NONE',  ( 0.000000000000000000, 0.000000000000000000, -1.000000000000000000 ) ) ;
#1824 = FACE_OUTER_BOUND ( 'NONE', #2004, .T. ) ;
#1825 = ORIENTED_EDGE ( 'NONE', *, *, #827, .F. ) ;
#1826 = ORIENTED_EDGE ( 'NONE', *, *, #6537, .T. ) ;
#1827 = VECTOR ( 'NONE', #5017, 1000.000000000000000 ) ;
#1828 =( GEOMETRIC_REPRESENTATION_CONTEXT ( 3 ) GLOBAL_UNCERTAINTY_ASSIGNED_CONTEXT ( ( #4309 ) ) GLOBAL_UNIT_ASSIGNED_CONTEXT ( ( #6621, #4552, #925 ) ) REPRESENTATION_CONTEXT ( 'NONE', 'WORKASPACE' ) );
#1829 = EDGE_CURVE ( 'NONE', #1305, #3834, #3032, .T. ) ;
#1830 = VECTOR ( 'NONE', #2974, 1000.000000000000000 ) ;
#1831 = ORIENTED_EDGE ( 'NONE', *, *, #3639, .T. ) ;
#1832 = CARTESIAN_POINT ( 'NONE',  ( -1.100000000000000311, 0.8000000000000000444, -0.8500000000000003109 ) ) ;
#1833 = DIRECTION ( 'NONE',  ( -1.000000000000000000, 0.000000000000000000, 5.963111948670220113E-14 ) ) ;
#1834 = ADVANCED_FACE ( 'NONE', ( #5632 ), #992, .F. ) ;
#1835 = STYLED_ITEM ( 'NONE', ( #3244 ), #5516 ) ;
#1836 = EDGE_CURVE ( 'NONE', #1203, #4053, #2658, .T. ) ;
#1837 = CARTESIAN_POINT ( 'NONE',  ( -1.450000000000000400, 0.07499999999999999722, -0.6500000000000000222 ) ) ;
#1838 = ORIENTED_EDGE ( 'NONE', *, *, #2454, .T. ) ;
#1839 = VECTOR ( 'NONE', #995, 1000.000000000000000 ) ;
#1840 = CARTESIAN_POINT ( 'NONE',  ( 0.7999999999999998224, 0.1499999999999999944, -1.225000000000000089 ) ) ;
#1841 = ORIENTED_EDGE ( 'NONE', *, *, #4631, .T. ) ;
#1842 = VECTOR ( 'NONE', #3745, 1000.000000000000000 ) ;
#1843 = ORIENTED_EDGE ( 'NONE', *, *, #5163, .T. ) ;
#1844 = LINE ( 'NONE', #3314, #5596 ) ;
#1845 = EDGE_CURVE ( 'NONE', #4725, #927, #500, .T. ) ;
#1846 = DIRECTION ( 'NONE',  ( -0.000000000000000000, 1.000000000000000000, 0.000000000000000000 ) ) ;
#1847 = EDGE_CURVE ( 'NONE', #863, #2870, #91, .T. ) ;
#1848 = CARTESIAN_POINT ( 'NONE',  ( 0.000000000000000000, 0.000000000000000000, 0.000000000000000000 ) ) ;
#1849 = VERTEX_POINT ( 'NONE', #3627 ) ;
#1850 = PLANE ( 'NONE',  #5749 ) ;
#1851 = LINE ( 'NONE', #1317, #1250 ) ;
#1852 = DIRECTION ( 'NONE',  ( 0.000000000000000000, 1.000000000000000000, -0.000000000000000000 ) ) ;
#1853 = CARTESIAN_POINT ( 'NONE',  ( 0.000000000000000000, 0.07499999999999999722, 0.000000000000000000 ) ) ;
#1854 = EDGE_CURVE ( 'NONE', #1869, #3514, #5218, .T. ) ;
#1855 = LINE ( 'NONE', #3915, #1055 ) ;
#1856 = CARTESIAN_POINT ( 'NONE',  ( 1.500000000000005107, 0.07499999999999999722, -0.1250000000000108524 ) ) ;
#1857 = DIRECTION ( 'NONE',  ( -1.516366674804902060E-16, 0.000000000000000000, -1.000000000000000000 ) ) ;
#1858 = DIRECTION ( 'NONE',  ( 0.000000000000000000, -1.000000000000000000, 0.000000000000000000 ) ) ;
#1859 = EDGE_CURVE ( 'NONE', #4125, #5004, #1103, .T. ) ;
#1860 = CARTESIAN_POINT ( 'NONE',  ( 1.946635718781038004E-14, 0.1499999999999999944, -0.6250000000000470735 ) ) ;
#1861 = LINE ( 'NONE', #821, #2137 ) ;
#1862 = VERTEX_POINT ( 'NONE', #6235 ) ;
#1863 = ORIENTED_EDGE ( 'NONE', *, *, #5720, .F. ) ;
#1864 = ORIENTED_EDGE ( 'NONE', *, *, #2366, .T. ) ;
#1865 = DIRECTION ( 'NONE',  ( 1.000000000000000000, 0.000000000000000000, -2.710505431213768579E-15 ) ) ;
#1866 = FACE_OUTER_BOUND ( 'NONE', #5414, .T. ) ;
#1867 = CARTESIAN_POINT ( 'NONE',  ( -1.450000000000000400, 0.1499999999999999944, 0.3499999999999999223 ) ) ;
#1868 = EDGE_CURVE ( 'NONE', #1849, #6396, #1024, .T. ) ;
#1869 = VERTEX_POINT ( 'NONE', #17 ) ;
#1870 = EDGE_CURVE ( 'NONE', #3028, #4467, #2115, .T. ) ;
#1871 = VERTEX_POINT ( 'NONE', #4703 ) ;
#1872 = ORIENTED_EDGE ( 'NONE', *, *, #2580, .T. ) ;
#1873 = CARTESIAN_POINT ( 'NONE',  ( -1.450000000000000400, 0.1499999999999999944, -0.3499999999999999223 ) ) ;
#1874 = DIRECTION ( 'NONE',  ( -1.000000000000000000, -0.000000000000000000, 4.455085290576799120E-14 ) ) ;
#1875 = PLANE ( 'NONE',  #965 ) ;
#1876 = VERTEX_POINT ( 'NONE', #3703 ) ;
#1877 = EDGE_CURVE ( 'NONE', #1242, #6206, #4141, .T. ) ;
#1878 = ADVANCED_FACE ( 'NONE', ( #3594 ), #5764, .F. ) ;
#1879 = CARTESIAN_POINT ( 'NONE',  ( -1.460000000000000409, 0.1499999999999999944, -0.8500000000000000888 ) ) ;
#1880 = CARTESIAN_POINT ( 'NONE',  ( -1.415000000000000036, 0.1499999999999999944, -0.6150000000000003242 ) ) ;
#1881 = DIRECTION ( 'NONE',  ( -1.000000000000000000, 0.000000000000000000, 3.863702287402771662E-14 ) ) ;
#1882 = ADVANCED_FACE ( 'NONE', ( #5663 ), #3186, .F. ) ;
#1883 = CARTESIAN_POINT ( 'NONE',  ( -1.450000000000000400, 0.07499999999999999722, -1.450000000000000178 ) ) ;
#1884 = CARTESIAN_POINT ( 'NONE',  ( 1.224999999999987654, 0.1499999999999999944, -0.8750000000000084377 ) ) ;
#1885 = DIRECTION ( 'NONE',  ( 1.498170274707243380E-14, 0.000000000000000000, 1.000000000000000000 ) ) ;
#1886 = ORIENTED_EDGE ( 'NONE', *, *, #5143, .T. ) ;
#1887 = DIRECTION ( 'NONE',  ( -0.000000000000000000, 0.000000000000000000, 1.000000000000000000 ) ) ;
#1888 = DIRECTION ( 'NONE',  ( 0.000000000000000000, -0.000000000000000000, 1.000000000000000000 ) ) ;
#1889 = EDGE_LOOP ( 'NONE', ( #759, #4674, #3298, #5555 ) ) ;
#1890 = ORIENTED_EDGE ( 'NONE', *, *, #6649, .T. ) ;
#1891 = ADVANCED_FACE ( 'NONE', ( #52 ), #2149, .T. ) ;
#1892 = ORIENTED_EDGE ( 'NONE', *, *, #3157, .F. ) ;
#1893 = CARTESIAN_POINT ( 'NONE',  ( -9.856383386230957800E-17, 0.1499999999999999944, 0.1249999999999885092 ) ) ;
#1894 = ORIENTED_EDGE ( 'NONE', *, *, #5631, .T. ) ;
#1895 = FACE_OUTER_BOUND ( 'NONE', #2077, .T. ) ;
#1896 = FACE_OUTER_BOUND ( 'NONE', #2687, .T. ) ;
#1897 = VECTOR ( 'NONE', #3300, 1000.000000000000000 ) ;
#1898 = CARTESIAN_POINT ( 'NONE',  ( 0.4249999999999996003, 0.07499999999999999722, 0.000000000000000000 ) ) ;
#1899 = ORIENTED_EDGE ( 'NONE', *, *, #5855, .F. ) ;
#1900 = ORIENTED_EDGE ( 'NONE', *, *, #999, .T. ) ;
#1901 = VECTOR ( 'NONE', #2722, 1000.000000000000000 ) ;
#1902 = VERTEX_POINT ( 'NONE', #3095 ) ;
#1903 = PLANE ( 'NONE',  #6446 ) ;
#1904 = CARTESIAN_POINT ( 'NONE',  ( -1.450000000000000400, 0.1499999999999999944, 0.3499999999999999223 ) ) ;
#1905 = LINE ( 'NONE', #3972, #3739 ) ;
#1906 = VECTOR ( 'NONE', #6474, 1000.000000000000000 ) ;
#1907 = LINE ( 'NONE', #5591, #818 ) ;
#1908 = DIRECTION ( 'NONE',  ( 0.000000000000000000, 0.000000000000000000, -1.000000000000000000 ) ) ;
#1909 = CARTESIAN_POINT ( 'NONE',  ( 0.1750000000000000167, 0.000000000000000000, 1.224999999999996758 ) ) ;
#1910 = EDGE_CURVE ( 'NONE', #2187, #1501, #602, .T. ) ;
#1911 = VECTOR ( 'NONE', #358, 1000.000000000000000 ) ;
#1912 = EDGE_CURVE ( 'NONE', #2353, #5472, #1574, .T. ) ;
#1913 = STYLED_ITEM ( 'NONE', ( #1994 ), #2093 ) ;
#1914 = CARTESIAN_POINT ( 'NONE',  ( 1.225000000000005196, 0.1499999999999999944, -0.1250000000000068279 ) ) ;
#1915 = LINE ( 'NONE', #2932, #2586 ) ;
#1916 = PRESENTATION_LAYER_ASSIGNMENT (  '', '', ( #4816 ) ) ;
#1917 = AXIS2_PLACEMENT_3D ( 'NONE', #2528, #4071, #3973 ) ;
#1918 = DIRECTION ( 'NONE',  ( 0.000000000000000000, 0.000000000000000000, 1.000000000000000000 ) ) ;
#1919 = EDGE_LOOP ( 'NONE', ( #1648, #4697, #1798, #6431 ) ) ;
#1920 = DIRECTION ( 'NONE',  ( -1.000000000000000000, 0.000000000000000000, -3.114617150049426547E-14 ) ) ;
#1921 = ADVANCED_FACE ( 'NONE', ( #2186 ), #1063, .F. ) ;
#1922 = ORIENTED_EDGE ( 'NONE', *, *, #3985, .T. ) ;
#1923 = AXIS2_PLACEMENT_3D ( 'NONE', #2170, #651, #170 ) ;
#1924 = ORIENTED_EDGE ( 'NONE', *, *, #3281, .F. ) ;
#1925 = CARTESIAN_POINT ( 'NONE',  ( 1.449999999999999956, 0.07499999999999999722, -1.450000000000000178 ) ) ;
#1926 = EDGE_LOOP ( 'NONE', ( #5152, #6042, #6655, #1980 ) ) ;
#1927 = AXIS2_PLACEMENT_3D ( 'NONE', #61, #1208, #3262 ) ;
#1928 = DIRECTION ( 'NONE',  ( -0.7071067811865474617, 0.000000000000000000, 0.7071067811865474617 ) ) ;
#1929 = DIRECTION ( 'NONE',  ( -0.000000000000000000, 1.000000000000000000, 0.000000000000000000 ) ) ;
#1930 = EDGE_CURVE ( 'NONE', #4759, #889, #1672, .T. ) ;
#1931 = DIRECTION ( 'NONE',  ( 1.000000000000000000, -0.000000000000000000, 0.000000000000000000 ) ) ;
#1932 = AXIS2_PLACEMENT_3D ( 'NONE', #5543, #2975, #5032 ) ;
#1933 = EDGE_LOOP ( 'NONE', ( #2823, #4974, #990, #3007 ) ) ;
#1934 = VECTOR ( 'NONE', #669, 1000.000000000000000 ) ;
#1935 = CYLINDRICAL_SURFACE ( 'NONE', #5584, 0.1249999999999998890 ) ;
#1936 = ORIENTED_EDGE ( 'NONE', *, *, #6141, .F. ) ;
#1937 = VERTEX_POINT ( 'NONE', #3734 ) ;
#1938 = VECTOR ( 'NONE', #1486, 1000.000000000000000 ) ;
#1939 = DIRECTION ( 'NONE',  ( 0.7071067811865501263, 0.000000000000000000, -0.7071067811865450192 ) ) ;
#1940 = VECTOR ( 'NONE', #3268, 1000.000000000000000 ) ;
#1941 = FILL_AREA_STYLE_COLOUR ( '', #45 ) ;
#1942 = VECTOR ( 'NONE', #5476, 1000.000000000000000 ) ;
#1943 = LINE ( 'NONE', #989, #4530 ) ;
#1944 = ORIENTED_EDGE ( 'NONE', *, *, #5429, .F. ) ;
#1945 = AXIS2_PLACEMENT_3D ( 'NONE', #4656, #3042, #6146 ) ;
#1946 = PLANE ( 'NONE',  #3417 ) ;
#1947 = VERTEX_POINT ( 'NONE', #4673 ) ;
#1948 = DIRECTION ( 'NONE',  ( -1.000000000000000000, 0.000000000000000000, -0.000000000000000000 ) ) ;
#1949 = DIRECTION ( 'NONE',  ( 0.000000000000000000, 0.000000000000000000, 1.000000000000000000 ) ) ;
#1950 = VECTOR ( 'NONE', #5513, 1000.000000000000000 ) ;
#1951 = VECTOR ( 'NONE', #815, 1000.000000000000000 ) ;
#1952 = EDGE_CURVE ( 'NONE', #4683, #4195, #5790, .T. ) ;
#1953 = DIRECTION ( 'NONE',  ( 1.000000000000000000, -0.000000000000000000, 0.000000000000000000 ) ) ;
#1954 = LINE ( 'NONE', #6002, #6571 ) ;
#1955 = EDGE_CURVE ( 'NONE', #5085, #6403, #5342, .T. ) ;
#1956 = LINE ( 'NONE', #1454, #2443 ) ;
#1957 = DIRECTION ( 'NONE',  ( -0.000000000000000000, -1.000000000000000000, 0.000000000000000000 ) ) ;
#1958 = DIRECTION ( 'NONE',  ( 0.000000000000000000, -1.000000000000000000, 0.000000000000000000 ) ) ;
#1959 = DIRECTION ( 'NONE',  ( 1.000000000000000000, 0.000000000000000000, 7.885106708985491006E-16 ) ) ;
#1960 = EDGE_LOOP ( 'NONE', ( #5583, #687, #394, #5304 ) ) ;
#1961 = ORIENTED_EDGE ( 'NONE', *, *, #2251, .F. ) ;
#1962 = DIRECTION ( 'NONE',  ( 1.000000000000000000, -0.000000000000000000, 0.000000000000000000 ) ) ;
#1963 = EDGE_CURVE ( 'NONE', #5984, #1537, #5029, .T. ) ;
#1964 = EDGE_CURVE ( 'NONE', #149, #1975, #2753, .T. ) ;
#1965 = VERTEX_POINT ( 'NONE', #5863 ) ;
#1966 = DIRECTION ( 'NONE',  ( 0.000000000000000000, 1.000000000000000000, 0.000000000000000000 ) ) ;
#1967 = EDGE_LOOP ( 'NONE', ( #6359, #5480, #598, #2819 ) ) ;
#1968 = DIRECTION ( 'NONE',  ( 0.000000000000000000, 0.000000000000000000, 1.000000000000000000 ) ) ;
#1969 = CARTESIAN_POINT ( 'NONE',  ( 0.000000000000000000, 0.1499999999999999944, 0.6500000000000001332 ) ) ;
#1970 = DIRECTION ( 'NONE',  ( -1.000000000000000000, 0.000000000000000000, 0.000000000000000000 ) ) ;
#1971 = ORIENTED_EDGE ( 'NONE', *, *, #5805, .F. ) ;
#1972 = VECTOR ( 'NONE', #1272, 1000.000000000000000 ) ;
#1973 = FACE_OUTER_BOUND ( 'NONE', #1432, .T. ) ;
#1974 = ADVANCED_FACE ( 'NONE', ( #829 ), #1706, .F. ) ;
#1975 = VERTEX_POINT ( 'NONE', #4461 ) ;
#1976 =( LENGTH_UNIT ( ) NAMED_UNIT ( * ) SI_UNIT ( .MILLI., .METRE. ) );
#1977 = DIRECTION ( 'NONE',  ( 0.7071067811865464625, 0.000000000000000000, 0.7071067811865486830 ) ) ;
#1978 = ORIENTED_EDGE ( 'NONE', *, *, #5507, .F. ) ;
#1979 = DIRECTION ( 'NONE',  ( -0.000000000000000000, 1.000000000000000000, -0.000000000000000000 ) ) ;
#1980 = ORIENTED_EDGE ( 'NONE', *, *, #6036, .F. ) ;
#1981 = LINE ( 'NONE', #2600, #3217 ) ;
#1982 = CARTESIAN_POINT ( 'NONE',  ( 1.225000000000003419, 0.000000000000000000, 0.6249999999999917843 ) ) ;
#1983 = LINE ( 'NONE', #3598, #1411 ) ;
#1984 = DIRECTION ( 'NONE',  ( -1.000000000000000000, 0.000000000000000000, 0.000000000000000000 ) ) ;
#1985 = EDGE_CURVE ( 'NONE', #3105, #3637, #3802, .T. ) ;
#1986 = EDGE_LOOP ( 'NONE', ( #1507, #4101, #1703, #5947 ) ) ;
#1987 = LINE ( 'NONE', #5605, #1938 ) ;
#1988 = DIRECTION ( 'NONE',  ( -0.000000000000000000, -1.000000000000000000, -0.000000000000000000 ) ) ;
#1989 = ORIENTED_EDGE ( 'NONE', *, *, #5453, .F. ) ;
#1990 = ORIENTED_EDGE ( 'NONE', *, *, #4866, .T. ) ;
#1991 = CYLINDRICAL_SURFACE ( 'NONE', #2694, 0.1249999999999997918 ) ;
#1992 = DIRECTION ( 'NONE',  ( 0.000000000000000000, 0.000000000000000000, -1.000000000000000000 ) ) ;
#1993 = ORIENTED_EDGE ( 'NONE', *, *, #5065, .T. ) ;
#1994 = PRESENTATION_STYLE_ASSIGNMENT (( #5202 ) ) ;
#1995 = VERTEX_POINT ( 'NONE', #5830 ) ;
#1996 = LINE ( 'NONE', #2913, #1185 ) ;
#1997 = CARTESIAN_POINT ( 'NONE',  ( 0.1750000000000000167, 0.000000000000000000, 1.450000000000000178 ) ) ;
#1998 = CARTESIAN_POINT ( 'NONE',  ( -0.7000000000000002887, 0.1499999999999999944, 0.8950000000000000178 ) ) ;
#1999 = ORIENTED_EDGE ( 'NONE', *, *, #239, .F. ) ;
#2000 = EDGE_CURVE ( 'NONE', #3897, #3960, #2941, .T. ) ;
#2001 = EDGE_CURVE ( 'NONE', #3110, #5647, #1705, .T. ) ;
#2002 = ORIENTED_EDGE ( 'NONE', *, *, #5640, .F. ) ;
#2003 = DIRECTION ( 'NONE',  ( 0.000000000000000000, -1.000000000000000000, 0.000000000000000000 ) ) ;
#2004 = EDGE_LOOP ( 'NONE', ( #2921, #1459, #3116, #2854 ) ) ;
#2005 = ORIENTED_EDGE ( 'NONE', *, *, #1755, .T. ) ;
#2006 = DIRECTION ( 'NONE',  ( 0.000000000000000000, 0.000000000000000000, -1.000000000000000000 ) ) ;
#2007 =( NAMED_UNIT ( * ) PLANE_ANGLE_UNIT ( ) SI_UNIT ( $, .RADIAN. ) );
#2008 = CARTESIAN_POINT ( 'NONE',  ( 1.357148173950387145E-16, 0.1499999999999999944, -0.8949999999999999067 ) ) ;
#2009 = EDGE_CURVE ( 'NONE', #2779, #1431, #667, .T. ) ;
#2010 = ORIENTED_EDGE ( 'NONE', *, *, #4351, .F. ) ;
#2011 = VECTOR ( 'NONE', #1542, 1000.000000000000000 ) ;
#2012 = DIRECTION ( 'NONE',  ( -1.000000000000000000, 0.000000000000000000, 0.000000000000000000 ) ) ;
#2013 = VERTEX_POINT ( 'NONE', #1230 ) ;
#2014 = CARTESIAN_POINT ( 'NONE',  ( 0.000000000000000000, 0.1499999999999999944, 1.500000000000000000 ) ) ;
#2015 = CARTESIAN_POINT ( 'NONE',  ( 0.000000000000000000, 0.000000000000000000, 0.000000000000000000 ) ) ;
#2016 = EDGE_CURVE ( 'NONE', #2752, #6531, #350, .T. ) ;
#2017 = AXIS2_PLACEMENT_3D ( 'NONE', #4348, #1857, #3848 ) ;
#2018 = CARTESIAN_POINT ( 'NONE',  ( 1.449999999999999956, 0.000000000000000000, -1.450000000000000178 ) ) ;
#2019 = CARTESIAN_POINT ( 'NONE',  ( -1.450000000000000400, 0.1499999999999999944, 0.3499999999999997002 ) ) ;
#2020 = LINE ( 'NONE', #1032, #1394 ) ;
#2021 = ORIENTED_EDGE ( 'NONE', *, *, #1039, .F. ) ;
#2022 = VECTOR ( 'NONE', #6506, 1000.000000000000000 ) ;
#2023 = CARTESIAN_POINT ( 'NONE',  ( 0.4249999999999996003, 0.000000000000000000, -1.450000000000000178 ) ) ;
#2024 = DIRECTION ( 'NONE',  ( -1.000000000000000000, 0.000000000000000000, 2.710505431213768579E-15 ) ) ;
#2025 = ORIENTED_EDGE ( 'NONE', *, *, #1464, .F. ) ;
#2026 = VECTOR ( 'NONE', #5979, 1000.000000000000000 ) ;
#2027 = FACE_OUTER_BOUND ( 'NONE', #1593, .T. ) ;
#2028 =( NAMED_UNIT ( * ) SI_UNIT ( $, .STERADIAN. ) SOLID_ANGLE_UNIT ( ) );
#2029 = EDGE_LOOP ( 'NONE', ( #3540, #2076, #1528, #1222, #980, #4625 ) ) ;
#2030 = CARTESIAN_POINT ( 'NONE',  ( -0.1800000000000122891, 0.1499999999999999944, 0.3750000000000103251 ) ) ;
#2031 = CARTESIAN_POINT ( 'NONE',  ( -0.1999999999999961531, 0.1499999999999999944, -0.1999999999999950984 ) ) ;
#2032 = LINE ( 'NONE', #3107, #4734 ) ;
#2033 = AXIS2_PLACEMENT_3D ( 'NONE', #70, #135, #1690 ) ;
#2034 = LINE ( 'NONE', #4160, #2048 ) ;
#2035 = ORIENTED_EDGE ( 'NONE', *, *, #139, .T. ) ;
#2036 = ORIENTED_EDGE ( 'NONE', *, *, #5475, .T. ) ;
#2037 = EDGE_CURVE ( 'NONE', #4662, #1440, #151, .T. ) ;
#2038 = ORIENTED_EDGE ( 'NONE', *, *, #1790, .T. ) ;
#2039 = AXIS2_PLACEMENT_3D ( 'NONE', #2014, #4073, #6135 ) ;
#2040 = VERTEX_POINT ( 'NONE', #698 ) ;
#2041 = ORIENTED_EDGE ( 'NONE', *, *, #563, .T. ) ;
#2042 = EDGE_CURVE ( 'NONE', #39, #5044, #6557, .T. ) ;
#2043 = SURFACE_SIDE_STYLE ('',( #400 ) ) ;
#2044 = LINE ( 'NONE', #1021, #4214 ) ;
#2045 = VECTOR ( 'NONE', #5538, 1000.000000000000000 ) ;
#2046 = ORIENTED_EDGE ( 'NONE', *, *, #5078, .T. ) ;
#2047 = AXIS2_PLACEMENT_3D ( 'NONE', #6117, #2615, #6218 ) ;
#2048 = VECTOR ( 'NONE', #2582, 1000.000000000000000 ) ;
#2049 = LINE ( 'NONE', #5556, #1809 ) ;
#2050 = EDGE_CURVE ( 'NONE', #4692, #491, #5803, .T. ) ;
#2051 = EDGE_LOOP ( 'NONE', ( #2275, #3538, #1567, #2472, #5172, #6020, #5035, #6380, #1673, #1165, #5620, #3894, #2396, #287, #1221, #5406, #2417, #1498, #2561, #4659, #2232, #2067, #3505, #2489, #4462, #6508, #1863, #5207, #5440, #5508, #2973, #479 ) ) ;
#2052 = VECTOR ( 'NONE', #6601, 1000.000000000000000 ) ;
#2053 = EDGE_CURVE ( 'NONE', #4988, #2040, #2409, .T. ) ;
#2054 = DIRECTION ( 'NONE',  ( 0.000000000000000000, 0.000000000000000000, -1.000000000000000000 ) ) ;
#2055 = PLANE ( 'NONE',  #5282 ) ;
#2056 = LINE ( 'NONE', #3066, #5928 ) ;
#2057 = FACE_OUTER_BOUND ( 'NONE', #4973, .T. ) ;
#2058 = VECTOR ( 'NONE', #4085, 1000.000000000000000 ) ;
#2059 = EDGE_CURVE ( 'NONE', #3545, #6199, #493, .T. ) ;
#2060 = VECTOR ( 'NONE', #2168, 1000.000000000000000 ) ;
#2061 = LINE ( 'NONE', #888, #3422 ) ;
#2062 = ORIENTED_EDGE ( 'NONE', *, *, #546, .T. ) ;
#2063 = CARTESIAN_POINT ( 'NONE',  ( 0.4249999999999996003, 0.1499999999999999944, 1.499999999999996669 ) ) ;
#2064 = DIRECTION ( 'NONE',  ( -1.000000000000000000, 0.000000000000000000, -1.516366674804902060E-16 ) ) ;
#2065 = ORIENTED_EDGE ( 'NONE', *, *, #5666, .F. ) ;
#2066 = CARTESIAN_POINT ( 'NONE',  ( -0.9000000000000022427, 0.1499999999999999944, -0.8999999999999994671 ) ) ;
#2067 = ORIENTED_EDGE ( 'NONE', *, *, #3307, .F. ) ;
#2068 = ADVANCED_FACE ( 'NONE', ( #2782 ), #6013, .F. ) ;
#2069 = FILL_AREA_STYLE ('',( #1006 ) ) ;
#2070 = ORIENTED_EDGE ( 'NONE', *, *, #1168, .F. ) ;
#2071 = LINE ( 'NONE', #1174, #6696 ) ;
#2072 = SURFACE_STYLE_FILL_AREA ( #557 ) ;
#2073 = CARTESIAN_POINT ( 'NONE',  ( 1.449999999999999956, 0.000000000000000000, 1.450000000000000178 ) ) ;
#2074 = ORIENTED_EDGE ( 'NONE', *, *, #1912, .T. ) ;
#2075 = ADVANCED_BREP_SHAPE_REPRESENTATION ( 'ACS71240KEXBLT-050U5', ( #4266, #4476, #5396, #881, #2093, #5516, #909, #5535, #4444, #4484, #3292, #5495 ), #514 ) ;
#2076 = ORIENTED_EDGE ( 'NONE', *, *, #4475, .T. ) ;
#2077 = EDGE_LOOP ( 'NONE', ( #2476, #4003, #5818, #2990, #6645 ) ) ;
#2078 = DIRECTION ( 'NONE',  ( -0.000000000000000000, 1.000000000000000000, 0.000000000000000000 ) ) ;
#2079 = EDGE_CURVE ( 'NONE', #4169, #5028, #1398, .T. ) ;
#2080 = CARTESIAN_POINT ( 'NONE',  ( -0.9000000000000022427, 0.1499999999999999944, 0.8999999999999994671 ) ) ;
#2081 = VERTEX_POINT ( 'NONE', #1364 ) ;
#2082 = CARTESIAN_POINT ( 'NONE',  ( 0.9250000000000012657, 0.1499999999999999944, 1.094058555871723778E-15 ) ) ;
#2083 = ORIENTED_EDGE ( 'NONE', *, *, #3491, .T. ) ;
#2084 = CARTESIAN_POINT ( 'NONE',  ( 1.500000000000008438, 0.1499999999999999944, 0.1249999999999897027 ) ) ;
#2085 = CARTESIAN_POINT ( 'NONE',  ( 1.449999999999999956, 0.07499999999999999722, 1.450000000000000178 ) ) ;
#2086 = EDGE_CURVE ( 'NONE', #1160, #4692, #3443, .T. ) ;
#2087 = UNCERTAINTY_MEASURE_WITH_UNIT (LENGTH_MEASURE( 1.000000000000000082E-05 ), #1976, 'distance_accuracy_value', 'NONE');
#2088 = DIRECTION ( 'NONE',  ( 1.000000000000000000, 0.000000000000000000, 0.000000000000000000 ) ) ;
#2089 = LINE ( 'NONE', #1138, #6434 ) ;
#2090 = FACE_OUTER_BOUND ( 'NONE', #3062, .T. ) ;
#2091 = FACE_OUTER_BOUND ( 'NONE', #3683, .T. ) ;
#2092 = CARTESIAN_POINT ( 'NONE',  ( -1.500000000000000222, 0.1499999999999999944, 0.1499999999999999667 ) ) ;
#2093 = MANIFOLD_SOLID_BREP ( 'Cut-Extrude1[6]', #5137 ) ;
#2094 = ORIENTED_EDGE ( 'NONE', *, *, #1510, .F. ) ;
#2095 = EDGE_CURVE ( 'NONE', #3897, #6529, #6054, .T. ) ;
#2096 = VERTEX_POINT ( 'NONE', #1529 ) ;
#2097 = PLANE ( 'NONE',  #4934 ) ;
#2098 = EDGE_LOOP ( 'NONE', ( #3547, #5750 ) ) ;
#2099 = FILL_AREA_STYLE_COLOUR ( '', #5822 ) ;
#2100 = CARTESIAN_POINT ( 'NONE',  ( 0.1750000000000000167, 0.07499999999999999722, -1.500000000000000000 ) ) ;
#2101 = AXIS2_PLACEMENT_3D ( 'NONE', #385, #6522, #2437 ) ;
#2102 = ORIENTED_EDGE ( 'NONE', *, *, #204, .F. ) ;
#2103 = VERTEX_POINT ( 'NONE', #428 ) ;
#2104 = EDGE_CURVE ( 'NONE', #6396, #1418, #4091, .T. ) ;
#2105 = EDGE_LOOP ( 'NONE', ( #517, #3814, #5882, #4859, #5343, #5167 ) ) ;
#2106 = LINE ( 'NONE', #6222, #6000 ) ;
#2107 = ORIENTED_EDGE ( 'NONE', *, *, #2840, .F. ) ;
#2108 = CARTESIAN_POINT ( 'NONE',  ( 1.499999999999999778, 0.8000000000000000444, 1.500000000000000000 ) ) ;
#2109 = ORIENTED_EDGE ( 'NONE', *, *, #1710, .T. ) ;
#2110 = CARTESIAN_POINT ( 'NONE',  ( -1.450000000000000400, 0.000000000000000000, -0.000000000000000000 ) ) ;
#2111 = DIRECTION ( 'NONE',  ( 1.000000000000000000, 0.000000000000000000, -3.942553354492745503E-16 ) ) ;
#2112 = DIRECTION ( 'NONE',  ( 1.000000000000000000, 0.000000000000000000, -0.000000000000000000 ) ) ;
#2113 = VERTEX_POINT ( 'NONE', #5070 ) ;
#2114 = DIRECTION ( 'NONE',  ( 0.000000000000000000, 0.000000000000000000, 1.000000000000000000 ) ) ;
#2115 = LINE ( 'NONE', #1608, #2994 ) ;
#2116 = EDGE_LOOP ( 'NONE', ( #5082, #5145, #4392, #5128, #1121, #1308 ) ) ;
#2117 = LINE ( 'NONE', #2755, #5491 ) ;
#2118 = CARTESIAN_POINT ( 'NONE',  ( -0.4000000000000001332, 0.1499999999999999944, -0.4000000000000001332 ) ) ;
#2119 = CARTESIAN_POINT ( 'NONE',  ( -1.500000000000000222, 0.1499999999999999944, -0.3499999999999999223 ) ) ;
#2120 = DIRECTION ( 'NONE',  ( 1.000000000000000000, 0.000000000000000000, -1.458744741162315831E-14 ) ) ;
#2121 = ORIENTED_EDGE ( 'NONE', *, *, #6675, .F. ) ;
#2122 = EDGE_CURVE ( 'NONE', #6597, #3287, #2642, .T. ) ;
#2123 = EDGE_CURVE ( 'NONE', #32, #912, #1590, .T. ) ;
#2124 = PLANE ( 'NONE',  #6259 ) ;
#2125 = EDGE_LOOP ( 'NONE', ( #2446, #4072, #1530, #2957, #5853, #1444 ) ) ;
#2126 = CARTESIAN_POINT ( 'NONE',  ( 1.225000000000008527, 0.1499999999999999944, 0.1249999999999894806 ) ) ;
#2127 = DIRECTION ( 'NONE',  ( 1.000000000000000000, -0.000000000000000000, 0.000000000000000000 ) ) ;
#2128 = VECTOR ( 'NONE', #945, 1000.000000000000000 ) ;
#2129 = ORIENTED_EDGE ( 'NONE', *, *, #2000, .T. ) ;
#2130 = DIRECTION ( 'NONE',  ( 1.000000000000000000, 0.000000000000000000, 0.000000000000000000 ) ) ;
#2131 = ORIENTED_EDGE ( 'NONE', *, *, #6121, .T. ) ;
#2132 = EDGE_CURVE ( 'NONE', #3178, #3618, #2516, .T. ) ;
#2133 = CARTESIAN_POINT ( 'NONE',  ( 0.000000000000000000, 0.1499999999999999944, 0.000000000000000000 ) ) ;
#2134 = CARTESIAN_POINT ( 'NONE',  ( 0.6750000000000000444, 0.000000000000000000, -1.225000000000000089 ) ) ;
#2135 = ORIENTED_EDGE ( 'NONE', *, *, #4432, .F. ) ;
#2136 = ORIENTED_EDGE ( 'NONE', *, *, #3857, .T. ) ;
#2137 = VECTOR ( 'NONE', #2901, 1000.000000000000000 ) ;
#2138 = VECTOR ( 'NONE', #6068, 1000.000000000000000 ) ;
#2139 = ORIENTED_EDGE ( 'NONE', *, *, #4565, .F. ) ;
#2140 = ORIENTED_EDGE ( 'NONE', *, *, #1307, .T. ) ;
#2141 = VERTEX_POINT ( 'NONE', #6598 ) ;
#2142 = VECTOR ( 'NONE', #2405, 1000.000000000000000 ) ;
#2143 = EDGE_CURVE ( 'NONE', #2322, #5048, #6459, .T. ) ;
#2144 = CYLINDRICAL_SURFACE ( 'NONE', #179, 0.1249999999999998890 ) ;
#2145 = CARTESIAN_POINT ( 'NONE',  ( 1.449999999999999956, 0.07499999999999999722, 1.450000000000000178 ) ) ;
#2146 = CARTESIAN_POINT ( 'NONE',  ( -1.450000000000000400, 0.000000000000000000, 0.1499999999999999667 ) ) ;
#2147 = ORIENTED_EDGE ( 'NONE', *, *, #2252, .T. ) ;
#2148 = AXIS2_PLACEMENT_3D ( 'NONE', #6308, #3230, #6383 ) ;
#2149 = PLANE ( 'NONE',  #3104 ) ;
#2150 = ORIENTED_EDGE ( 'NONE', *, *, #1689, .F. ) ;
#2151 = FACE_OUTER_BOUND ( 'NONE', #6730, .T. ) ;
#2152 = DIRECTION ( 'NONE',  ( 0.000000000000000000, 0.000000000000000000, 1.000000000000000000 ) ) ;
#2153 = AXIS2_PLACEMENT_3D ( 'NONE', #3067, #4148, #5252 ) ;
#2154 = VECTOR ( 'NONE', #4372, 1000.000000000000000 ) ;
#2155 = AXIS2_PLACEMENT_3D ( 'NONE', #2465, #6688, #6139 ) ;
#2156 = VECTOR ( 'NONE', #1240, 1000.000000000000000 ) ;
#2157 = CARTESIAN_POINT ( 'NONE',  ( 1.499999999999999778, 0.07499999999999999722, -0.3750000000000103251 ) ) ;
#2158 = DIRECTION ( 'NONE',  ( -0.000000000000000000, -1.000000000000000000, -0.000000000000000000 ) ) ;
#2159 = FACE_OUTER_BOUND ( 'NONE', #1123, .T. ) ;
#2160 = VECTOR ( 'NONE', #4353, 1000.000000000000000 ) ;
#2161 = EDGE_CURVE ( 'NONE', #6606, #1265, #3078, .T. ) ;
#2162 = PLANE ( 'NONE',  #4642 ) ;
#2163 = LINE ( 'NONE', #5794, #4571 ) ;
#2164 = VECTOR ( 'NONE', #1881, 1000.000000000000000 ) ;
#2165 = EDGE_CURVE ( 'NONE', #4356, #848, #3047, .T. ) ;
#2166 = VECTOR ( 'NONE', #5628, 1000.000000000000000 ) ;
#2167 = VECTOR ( 'NONE', #30, 1000.000000000000000 ) ;
#2168 = DIRECTION ( 'NONE',  ( -0.000000000000000000, -1.000000000000000000, -0.000000000000000000 ) ) ;
#2169 = VERTEX_POINT ( 'NONE', #975 ) ;
#2170 = CARTESIAN_POINT ( 'NONE',  ( 1.225000000000003419, 0.000000000000000000, -0.2500000000000086597 ) ) ;
#2171 = DIRECTION ( 'NONE',  ( 3.863702287402771662E-14, -0.000000000000000000, 1.000000000000000000 ) ) ;
#2172 = VECTOR ( 'NONE', #6527, 1000.000000000000000 ) ;
#2173 = DIRECTION ( 'NONE',  ( 0.000000000000000000, 0.000000000000000000, 1.000000000000000000 ) ) ;
#2174 = ORIENTED_EDGE ( 'NONE', *, *, #2059, .T. ) ;
#2175 = ORIENTED_EDGE ( 'NONE', *, *, #750, .T. ) ;
#2176 = EDGE_CURVE ( 'NONE', #6478, #6396, #3, .T. ) ;
#2177 = EDGE_CURVE ( 'NONE', #5133, #2369, #3645, .T. ) ;
#2178 = ORIENTED_EDGE ( 'NONE', *, *, #4838, .T. ) ;
#2179 = ORIENTED_EDGE ( 'NONE', *, *, #3288, .T. ) ;
#2180 = DIRECTION ( 'NONE',  ( 1.000000000000000000, 0.000000000000000000, -0.000000000000000000 ) ) ;
#2181 = DIRECTION ( 'NONE',  ( -1.000000000000000000, 0.000000000000000000, -0.000000000000000000 ) ) ;
#2182 = DIRECTION ( 'NONE',  ( 0.000000000000000000, 0.000000000000000000, -1.000000000000000000 ) ) ;
#2183 = ORIENTED_EDGE ( 'NONE', *, *, #3207, .T. ) ;
#2184 = ADVANCED_FACE ( 'NONE', ( #5100 ), #5676, .F. ) ;
#2185 = DIRECTION ( 'NONE',  ( 3.942553354492745503E-16, 0.000000000000000000, 1.000000000000000000 ) ) ;
#2186 = FACE_OUTER_BOUND ( 'NONE', #4327, .T. ) ;
#2187 = VERTEX_POINT ( 'NONE', #5166 ) ;
#2188 = PLANE ( 'NONE',  #6027 ) ;
#2189 = DIRECTION ( 'NONE',  ( -0.000000000000000000, 1.000000000000000000, 0.000000000000000000 ) ) ;
#2190 = ADVANCED_FACE ( 'NONE', ( #2613 ), #2097, .F. ) ;
#2191 = AXIS2_PLACEMENT_3D ( 'NONE', #262, #6381, #2356 ) ;
#2192 = LINE ( 'NONE', #1170, #5437 ) ;
#2193 = CARTESIAN_POINT ( 'NONE',  ( 1.499999999999987566, 0.1499999999999999944, -0.8750000000000207612 ) ) ;
#2194 = CARTESIAN_POINT ( 'NONE',  ( 1.500000000000005107, 0.1499999999999999944, -0.1250000000000108524 ) ) ;
#2195 = EDGE_LOOP ( 'NONE', ( #3693, #1936, #4470, #2576 ) ) ;
#2196 = LINE ( 'NONE', #3809, #2156 ) ;
#2197 = DIRECTION ( 'NONE',  ( 0.000000000000000000, -1.000000000000000000, 0.000000000000000000 ) ) ;
#2198 = DIRECTION ( 'NONE',  ( 0.000000000000000000, -1.000000000000000000, 0.000000000000000000 ) ) ;
#2199 = ORIENTED_EDGE ( 'NONE', *, *, #2626, .T. ) ;
#2200 = LINE ( 'NONE', #5748, #4080 ) ;
#2201 = FILL_AREA_STYLE ('',( #2738 ) ) ;
#2202 = CARTESIAN_POINT ( 'NONE',  ( -0.4000000000000001332, 0.000000000000000000, -0.4000000000000001332 ) ) ;
#2203 = ORIENTED_EDGE ( 'NONE', *, *, #2176, .F. ) ;
#2204 = ORIENTED_EDGE ( 'NONE', *, *, #850, .F. ) ;
#2205 = VERTEX_POINT ( 'NONE', #3504 ) ;
#2206 = DIRECTION ( 'NONE',  ( 0.000000000000000000, -1.000000000000000000, 0.000000000000000000 ) ) ;
#2207 = AXIS2_PLACEMENT_3D ( 'NONE', #4122, #6181, #63 ) ;
#2208 = CARTESIAN_POINT ( 'NONE',  ( 1.499999999999999778, 0.07499999999999999722, 1.500000000000000000 ) ) ;
#2209 = PLANE ( 'NONE',  #4742 ) ;
#2210 = ADVANCED_FACE ( 'NONE', ( #3688 ), #5779, .F. ) ;
#2211 = CARTESIAN_POINT ( 'NONE',  ( 0.9249999999999994893, 0.07499999999999999722, -1.450000000000000178 ) ) ;
#2212 = ORIENTED_EDGE ( 'NONE', *, *, #5507, .T. ) ;
#2213 = ORIENTED_EDGE ( 'NONE', *, *, #3530, .T. ) ;
#2214 = DIRECTION ( 'NONE',  ( 1.000000000000000000, -0.000000000000000000, 0.000000000000000000 ) ) ;
#2215 = EDGE_LOOP ( 'NONE', ( #6623, #5854, #1043, #3849 ) ) ;
#2216 = CARTESIAN_POINT ( 'NONE',  ( 1.449999999999999956, 0.1499999999999999944, 0.6249999999999897859 ) ) ;
#2217 = FACE_OUTER_BOUND ( 'NONE', #319, .T. ) ;
#2218 = EDGE_CURVE ( 'NONE', #6199, #6670, #3976, .T. ) ;
#2219 = CARTESIAN_POINT ( 'NONE',  ( -1.450000000000000400, 0.07499999999999999722, -1.450000000000000178 ) ) ;
#2220 = CARTESIAN_POINT ( 'NONE',  ( 0.000000000000000000, 0.07499999999999999722, 0.000000000000000000 ) ) ;
#2221 = CARTESIAN_POINT ( 'NONE',  ( 1.225000000000003419, 0.000000000000000000, -0.2500000000000086597 ) ) ;
#2222 = EDGE_CURVE ( 'NONE', #4326, #6605, #3210, .T. ) ;
#2223 = AXIS2_PLACEMENT_3D ( 'NONE', #4980, #3937, #2423 ) ;
#2224 = LINE ( 'NONE', #2126, #5505 ) ;
#2225 = LINE ( 'NONE', #1212, #6320 ) ;
#2226 = VERTEX_POINT ( 'NONE', #2766 ) ;
#2227 = CARTESIAN_POINT ( 'NONE',  ( -3.898199629254493495E-14, 0.000000000000000000, -0.8749999999999539257 ) ) ;
#2228 = VECTOR ( 'NONE', #5862, 1000.000000000000000 ) ;
#2229 = CARTESIAN_POINT ( 'NONE',  ( 1.449999999999999956, 0.07499999999999999722, -0.8750000000000187628 ) ) ;
#2230 = ORIENTED_EDGE ( 'NONE', *, *, #817, .T. ) ;
#2231 = CARTESIAN_POINT ( 'NONE',  ( -1.500000000000000222, 0.1499999999999999944, -0.6500000000000001332 ) ) ;
#2232 = ORIENTED_EDGE ( 'NONE', *, *, #2670, .F. ) ;
#2233 = ORIENTED_EDGE ( 'NONE', *, *, #2242, .T. ) ;
#2234 = CARTESIAN_POINT ( 'NONE',  ( 1.225000000000013856, 0.1499999999999999944, -0.6250000000000088818 ) ) ;
#2235 = DIRECTION ( 'NONE',  ( 0.000000000000000000, -1.000000000000000000, 0.000000000000000000 ) ) ;
#2236 = LINE ( 'NONE', #2281, #1633 ) ;
#2237 = VECTOR ( 'NONE', #571, 1000.000000000000000 ) ;
#2238 = DIRECTION ( 'NONE',  ( -0.000000000000000000, 0.000000000000000000, -1.000000000000000000 ) ) ;
#2239 = EDGE_CURVE ( 'NONE', #1869, #527, #1243, .T. ) ;
#2240 = CARTESIAN_POINT ( 'NONE',  ( 0.9249999999999994893, 0.1499999999999999944, -1.450000000000000178 ) ) ;
#2241 = ORIENTED_EDGE ( 'NONE', *, *, #657, .T. ) ;
#2242 = EDGE_CURVE ( 'NONE', #5489, #976, #103, .T. ) ;
#2243 = EDGE_CURVE ( 'NONE', #381, #2643, #823, .T. ) ;
#2244 = COLOUR_RGB ( '',0.7921568627450980005, 0.8196078431372548767, 0.9333333333333333481 ) ;
#2245 = CARTESIAN_POINT ( 'NONE',  ( 0.4249999999999996003, 0.1499999999999999944, 1.450000000000000178 ) ) ;
#2246 = VERTEX_POINT ( 'NONE', #5262 ) ;
#2247 = CARTESIAN_POINT ( 'NONE',  ( -1.100000000000000311, 0.7500000000000000000, -0.8500000000000003109 ) ) ;
#2248 = LINE ( 'NONE', #4676, #2237 ) ;
#2249 = AXIS2_PLACEMENT_3D ( 'NONE', #376, #2468, #1522 ) ;
#2250 = ORIENTED_EDGE ( 'NONE', *, *, #4380, .T. ) ;
#2251 = EDGE_CURVE ( 'NONE', #300, #1048, #6389, .T. ) ;
#2252 = EDGE_CURVE ( 'NONE', #6362, #2353, #3717, .T. ) ;
#2253 = DIRECTION ( 'NONE',  ( 0.000000000000000000, 0.000000000000000000, 1.000000000000000000 ) ) ;
#2254 = VECTOR ( 'NONE', #3258, 1000.000000000000000 ) ;
#2255 = DIRECTION ( 'NONE',  ( 0.000000000000000000, 0.000000000000000000, 1.000000000000000000 ) ) ;
#2256 = CARTESIAN_POINT ( 'NONE',  ( 1.449999999999999956, 0.07499999999999999722, -1.450000000000000178 ) ) ;
#2257 = VECTOR ( 'NONE', #2914, 1000.000000000000000 ) ;
#2258 = VECTOR ( 'NONE', #4405, 1000.000000000000000 ) ;
#2259 = EDGE_CURVE ( 'NONE', #2801, #2877, #3267, .T. ) ;
#2260 = CARTESIAN_POINT ( 'NONE',  ( 0.000000000000000000, 0.1499999999999999944, -0.1000000000000000056 ) ) ;
#2261 = PLANE ( 'NONE',  #5815 ) ;
#2262 = AXIS2_PLACEMENT_3D ( 'NONE', #250, #5410, #1296 ) ;
#2263 = ORIENTED_EDGE ( 'NONE', *, *, #2709, .F. ) ;
#2264 = CARTESIAN_POINT ( 'NONE',  ( 0.7999999999999998224, 0.1499999999999999944, 1.225000000000000089 ) ) ;
#2265 = VECTOR ( 'NONE', #5394, 1000.000000000000000 ) ;
#2266 = LINE ( 'NONE', #6390, #6040 ) ;
#2267 = CARTESIAN_POINT ( 'NONE',  ( -2.258754526011375044E-16, 0.1499999999999999944, 0.3750000000000104361 ) ) ;
#2268 = DIRECTION ( 'NONE',  ( 0.000000000000000000, -1.000000000000000000, 0.000000000000000000 ) ) ;
#2269 = ORIENTED_EDGE ( 'NONE', *, *, #3558, .T. ) ;
#2270 = CIRCLE ( 'NONE', #3887, 0.1250000000000039135 ) ;
#2271 = ORIENTED_EDGE ( 'NONE', *, *, #6226, .F. ) ;
#2272 = VECTOR ( 'NONE', #1712, 1000.000000000000000 ) ;
#2273 = EDGE_CURVE ( 'NONE', #2540, #1995, #2200, .T. ) ;
#2274 = LINE ( 'NONE', #1252, #1897 ) ;
#2275 = ORIENTED_EDGE ( 'NONE', *, *, #4083, .T. ) ;
#2276 = ORIENTED_EDGE ( 'NONE', *, *, #5884, .F. ) ;
#2277 = VECTOR ( 'NONE', #3387, 1000.000000000000000 ) ;
#2278 = DIRECTION ( 'NONE',  ( -0.000000000000000000, -1.000000000000000000, -0.000000000000000000 ) ) ;
#2279 = VECTOR ( 'NONE', #5973, 1000.000000000000000 ) ;
#2280 = CARTESIAN_POINT ( 'NONE',  ( -1.500000000000000222, 0.07499999999999999722, 0.3500000000000000333 ) ) ;
#2281 = CARTESIAN_POINT ( 'NONE',  ( 0.000000000000000000, 0.1499999999999999944, -0.1000000000000000056 ) ) ;
#2282 = DIRECTION ( 'NONE',  ( -1.000000000000000000, 0.000000000000000000, -7.885106708985491006E-16 ) ) ;
#2283 = VERTEX_POINT ( 'NONE', #4782 ) ;
#2284 = ORIENTED_EDGE ( 'NONE', *, *, #6061, .T. ) ;
#2285 = LINE ( 'NONE', #4898, #4280 ) ;
#2286 = EDGE_CURVE ( 'NONE', #4188, #149, #6253, .T. ) ;
#2287 = CARTESIAN_POINT ( 'NONE',  ( 0.7999999999999998224, 0.1499999999999999944, -1.225000000000000089 ) ) ;
#2288 = ORIENTED_EDGE ( 'NONE', *, *, #4826, .T. ) ;
#2289 = DIRECTION ( 'NONE',  ( -0.000000000000000000, 1.000000000000000000, 0.000000000000000000 ) ) ;
#2290 = CARTESIAN_POINT ( 'NONE',  ( 0.2999999999999999334, 0.000000000000000000, 1.224999999999996758 ) ) ;
#2291 = ORIENTED_EDGE ( 'NONE', *, *, #2252, .F. ) ;
#2292 = DIRECTION ( 'NONE',  ( 0.000000000000000000, 0.000000000000000000, 1.000000000000000000 ) ) ;
#2293 = DIRECTION ( 'NONE',  ( 0.000000000000000000, 1.000000000000000000, 0.000000000000000000 ) ) ;
#2294 = DIRECTION ( 'NONE',  ( 1.000000000000000000, 0.000000000000000000, -5.963111948670220113E-14 ) ) ;
#2295 = DIRECTION ( 'NONE',  ( 1.000000000000000000, 0.000000000000000000, 0.000000000000000000 ) ) ;
#2296 = FACE_OUTER_BOUND ( 'NONE', #6215, .T. ) ;
#2297 = EDGE_CURVE ( 'NONE', #937, #5887, #1724, .T. ) ;
#2298 = CARTESIAN_POINT ( 'NONE',  ( -1.415000000000000036, 0.1499999999999999944, -0.3850000000000003419 ) ) ;
#2299 = ORIENTED_EDGE ( 'NONE', *, *, #3912, .F. ) ;
#2300 = CARTESIAN_POINT ( 'NONE',  ( -1.450000000000000400, 0.000000000000000000, 0.1499999999999999667 ) ) ;
#2301 = SURFACE_STYLE_FILL_AREA ( #209 ) ;
#2302 = EDGE_CURVE ( 'NONE', #835, #2483, #5232, .T. ) ;
#2303 = CARTESIAN_POINT ( 'NONE',  ( 1.225000000000008527, 0.000000000000000000, 0.1249999999999894806 ) ) ;
#2304 = DIRECTION ( 'NONE',  ( 1.000000000000000000, 0.000000000000000000, -0.000000000000000000 ) ) ;
#2305 = ORIENTED_EDGE ( 'NONE', *, *, #2123, .T. ) ;
#2306 = ORIENTED_EDGE ( 'NONE', *, *, #4653, .F. ) ;
#2307 = DIRECTION ( 'NONE',  ( 0.000000000000000000, 0.000000000000000000, -1.000000000000000000 ) ) ;
#2308 = ORIENTED_EDGE ( 'NONE', *, *, #5142, .F. ) ;
#2309 = EDGE_LOOP ( 'NONE', ( #223, #29, #5370, #2306 ) ) ;
#2310 = CARTESIAN_POINT ( 'NONE',  ( 1.225000000000013856, 0.000000000000000000, -0.7500000000000086597 ) ) ;
#2311 = CARTESIAN_POINT ( 'NONE',  ( 0.1750000000000000167, 0.1499999999999999944, -1.224999999999996758 ) ) ;
#2312 = LINE ( 'NONE', #3863, #4643 ) ;
#2313 = EDGE_CURVE ( 'NONE', #6665, #1639, #5809, .T. ) ;
#2314 = CARTESIAN_POINT ( 'NONE',  ( 0.000000000000000000, 0.1499999999999999944, 0.000000000000000000 ) ) ;
#2315 = ORIENTED_EDGE ( 'NONE', *, *, #1390, .T. ) ;
#2316 = CARTESIAN_POINT ( 'NONE',  ( 1.357148173950387145E-16, 0.000000000000000000, 0.8949999999999999067 ) ) ;
#2317 = ORIENTED_EDGE ( 'NONE', *, *, #3699, .F. ) ;
#2318 = EDGE_LOOP ( 'NONE', ( #2509, #4142, #5572, #5435 ) ) ;
#2319 = DIRECTION ( 'NONE',  ( 0.000000000000000000, -1.000000000000000000, 0.000000000000000000 ) ) ;
#2320 = PLANE ( 'NONE',  #4920 ) ;
#2321 = CARTESIAN_POINT ( 'NONE',  ( -2.303929616531714277E-15, 0.1499999999999999944, -0.8500000000000040856 ) ) ;
#2322 = VERTEX_POINT ( 'NONE', #6316 ) ;
#2323 = CARTESIAN_POINT ( 'NONE',  ( 0.1750000000000000167, 0.1499999999999999944, 1.224999999999996758 ) ) ;
#2324 = DIRECTION ( 'NONE',  ( -0.000000000000000000, -1.000000000000000000, -0.000000000000000000 ) ) ;
#2325 = LINE ( 'NONE', #126, #4346 ) ;
#2326 = DIRECTION ( 'NONE',  ( 0.000000000000000000, 1.000000000000000000, -0.000000000000000000 ) ) ;
#2327 = CARTESIAN_POINT ( 'NONE',  ( -0.1800000000000122891, 0.1499999999999999944, 0.3750000000000103251 ) ) ;
#2328 = ADVANCED_FACE ( 'NONE', ( #3752 ), #1184, .T. ) ;
#2329 = CARTESIAN_POINT ( 'NONE',  ( 0.09749999999999874045, 0.1499999999999999944, -0.09749999999999843514 ) ) ;
#2330 = EDGE_CURVE ( 'NONE', #2850, #4856, #5298, .T. ) ;
#2331 = ORIENTED_EDGE ( 'NONE', *, *, #6274, .F. ) ;
#2332 = DIRECTION ( 'NONE',  ( -2.168404344971010446E-15, 0.000000000000000000, 1.000000000000000000 ) ) ;
#2333 = CYLINDRICAL_SURFACE ( 'NONE', #3992, 0.2500000000000000000 ) ;
#2334 = CARTESIAN_POINT ( 'NONE',  ( 0.000000000000000000, 0.1499999999999999944, 0.1000000000000000056 ) ) ;
#2335 = LINE ( 'NONE', #6393, #1161 ) ;
#2336 = EDGE_LOOP ( 'NONE', ( #4222, #1130, #4820, #6426 ) ) ;
#2337 = VERTEX_POINT ( 'NONE', #4717 ) ;
#2338 = ADVANCED_FACE ( 'NONE', ( #4813 ), #6353, .F. ) ;
#2339 = ORIENTED_EDGE ( 'NONE', *, *, #2939, .F. ) ;
#2340 = ORIENTED_EDGE ( 'NONE', *, *, #1211, .F. ) ;
#2341 = DIRECTION ( 'NONE',  ( -0.000000000000000000, -1.000000000000000000, -0.000000000000000000 ) ) ;
#2342 = CARTESIAN_POINT ( 'NONE',  ( -0.3999999999999867550, 0.1499999999999999944, 0.3999999999999941380 ) ) ;
#2343 = CARTESIAN_POINT ( 'NONE',  ( 1.449999999999999956, 0.07499999999999999722, 1.450000000000000178 ) ) ;
#2344 = CARTESIAN_POINT ( 'NONE',  ( -0.7000000000000002887, 0.000000000000000000, 0.8950000000000000178 ) ) ;
#2345 = VERTEX_POINT ( 'NONE', #6286 ) ;
#2346 = EDGE_CURVE ( 'NONE', #5244, #1597, #3869, .T. ) ;
#2347 = ORIENTED_EDGE ( 'NONE', *, *, #2918, .F. ) ;
#2348 = VERTEX_POINT ( 'NONE', #1784 ) ;
#2349 = PRESENTATION_LAYER_ASSIGNMENT (  '', '', ( #5250 ) ) ;
#2350 = DIRECTION ( 'NONE',  ( 0.000000000000000000, -0.000000000000000000, 1.000000000000000000 ) ) ;
#2351 = LINE ( 'NONE', #5486, #158 ) ;
#2352 = CARTESIAN_POINT ( 'NONE',  ( -2.258754526011375044E-16, 0.000000000000000000, 0.3750000000000104361 ) ) ;
#2353 = VERTEX_POINT ( 'NONE', #238 ) ;
#2354 = VECTOR ( 'NONE', #3666, 1000.000000000000000 ) ;
#2355 = AXIS2_PLACEMENT_3D ( 'NONE', #6301, #2726, #4769 ) ;
#2356 = DIRECTION ( 'NONE',  ( 0.000000000000000000, -0.000000000000000000, 1.000000000000000000 ) ) ;
#2357 = DIRECTION ( 'NONE',  ( -0.000000000000000000, -1.000000000000000000, -0.000000000000000000 ) ) ;
#2358 = CARTESIAN_POINT ( 'NONE',  ( 0.1750000000000000167, 0.1499999999999999944, 1.224999999999996758 ) ) ;
#2359 = COLOUR_RGB ( '',0.7921568627450980005, 0.8196078431372548767, 0.9333333333333333481 ) ;
#2360 = VECTOR ( 'NONE', #5021, 1000.000000000000000 ) ;
#2361 = CARTESIAN_POINT ( 'NONE',  ( 0.6749999999999998224, 0.1499999999999999944, 1.500000000000000000 ) ) ;
#2362 = AXIS2_PLACEMENT_3D ( 'NONE', #2220, #5742, #5253 ) ;
#2363 = LINE ( 'NONE', #2894, #1068 ) ;
#2364 = DIRECTION ( 'NONE',  ( 1.000000000000000000, 0.000000000000000000, -8.673617379884040205E-15 ) ) ;
#2365 = DIRECTION ( 'NONE',  ( 1.000000000000000000, 0.000000000000000000, 0.000000000000000000 ) ) ;
#2366 = EDGE_CURVE ( 'NONE', #3834, #3650, #3465, .T. ) ;
#2367 = DIRECTION ( 'NONE',  ( 0.000000000000000000, 1.000000000000000000, 0.000000000000000000 ) ) ;
#2368 = VECTOR ( 'NONE', #4761, 1000.000000000000000 ) ;
#2369 = VERTEX_POINT ( 'NONE', #2300 ) ;
#2370 = EDGE_CURVE ( 'NONE', #5085, #4912, #2861, .T. ) ;
#2371 = ORIENTED_EDGE ( 'NONE', *, *, #5366, .T. ) ;
#2372 = VECTOR ( 'NONE', #934, 1000.000000000000000 ) ;
#2373 = VECTOR ( 'NONE', #1046, 1000.000000000000000 ) ;
#2374 = LINE ( 'NONE', #4427, #5574 ) ;
#2375 = AXIS2_PLACEMENT_3D ( 'NONE', #3924, #4463, #4560 ) ;
#2376 = EDGE_LOOP ( 'NONE', ( #3585, #5170, #559, #2641 ) ) ;
#2377 = ORIENTED_EDGE ( 'NONE', *, *, #3249, .F. ) ;
#2378 = CARTESIAN_POINT ( 'NONE',  ( -1.450000000000000400, 0.1499999999999999944, -0.6500000000000000222 ) ) ;
#2379 = PLANE ( 'NONE',  #4832 ) ;
#2380 = VECTOR ( 'NONE', #3498, 1000.000000000000000 ) ;
#2381 = DIRECTION ( 'NONE',  ( -1.000000000000000000, 0.000000000000000000, -0.000000000000000000 ) ) ;
#2382 = EDGE_LOOP ( 'NONE', ( #3114, #40, #6186, #1759 ) ) ;
#2383 = EDGE_CURVE ( 'NONE', #2345, #4251, #5530, .T. ) ;
#2384 = VECTOR ( 'NONE', #853, 1000.000000000000000 ) ;
#2385 = EDGE_CURVE ( 'NONE', #3771, #681, #4505, .T. ) ;
#2386 = CARTESIAN_POINT ( 'NONE',  ( 0.6749999999999998224, 0.07499999999999999722, 1.450000000000000178 ) ) ;
#2387 = EDGE_LOOP ( 'NONE', ( #245, #6162, #2951, #501 ) ) ;
#2388 = VECTOR ( 'NONE', #4902, 1000.000000000000000 ) ;
#2389 = ORIENTED_EDGE ( 'NONE', *, *, #4857, .F. ) ;
#2390 = AXIS2_PLACEMENT_3D ( 'NONE', #3118, #184, #1258 ) ;
#2391 = ORIENTED_EDGE ( 'NONE', *, *, #5053, .F. ) ;
#2392 = LINE ( 'NONE', #4471, #5926 ) ;
#2393 = CARTESIAN_POINT ( 'NONE',  ( -1.450000000000000400, 0.1499999999999999944, 0.6500000000000000222 ) ) ;
#2394 = DIRECTION ( 'NONE',  ( 0.000000000000000000, 0.000000000000000000, 1.000000000000000000 ) ) ;
#2395 = ADVANCED_FACE ( 'NONE', ( #5463 ), #4881, .T. ) ;
#2396 = ORIENTED_EDGE ( 'NONE', *, *, #3782, .T. ) ;
#2397 = CARTESIAN_POINT ( 'NONE',  ( 0.000000000000000000, 0.07499999999999999722, 0.000000000000000000 ) ) ;
#2398 = LINE ( 'NONE', #4310, #4869 ) ;
#2399 = PLANE ( 'NONE',  #1474 ) ;
#2400 = DIRECTION ( 'NONE',  ( -7.885106708985491006E-16, 0.000000000000000000, 1.000000000000000000 ) ) ;
#2401 = LINE ( 'NONE', #3462, #4211 ) ;
#2402 = EDGE_CURVE ( 'NONE', #1192, #2621, #4383, .T. ) ;
#2403 = DIRECTION ( 'NONE',  ( 0.000000000000000000, -1.000000000000000000, 0.000000000000000000 ) ) ;
#2404 = CARTESIAN_POINT ( 'NONE',  ( 0.000000000000000000, 0.07499999999999999722, -0.3499999999999999223 ) ) ;
#2405 = DIRECTION ( 'NONE',  ( 0.000000000000000000, 0.000000000000000000, -1.000000000000000000 ) ) ;
#2406 = APPLICATION_PROTOCOL_DEFINITION ( 'draft international standard', 'automotive_design', 1998, #6504 ) ;
#2407 = ORIENTED_EDGE ( 'NONE', *, *, #2770, .F. ) ;
#2408 = LINE ( 'NONE', #6049, #2045 ) ;
#2409 = LINE ( 'NONE', #1768, #6347 ) ;
#2410 = ORIENTED_EDGE ( 'NONE', *, *, #4677, .T. ) ;
#2411 = DIRECTION ( 'NONE',  ( 0.7071067811865517916, 0.000000000000000000, 0.7071067811865432429 ) ) ;
#2412 = CARTESIAN_POINT ( 'NONE',  ( -9.856383386230957800E-17, 0.1499999999999999944, 0.1249999999999885092 ) ) ;
#2413 = LINE ( 'NONE', #3959, #5732 ) ;
#2414 = ORIENTED_EDGE ( 'NONE', *, *, #5771, .T. ) ;
#2415 = ORIENTED_EDGE ( 'NONE', *, *, #2042, .T. ) ;
#2416 = ADVANCED_FACE ( 'NONE', ( #5948 ), #272, .F. ) ;
#2417 = ORIENTED_EDGE ( 'NONE', *, *, #2001, .F. ) ;
#2418 = ADVANCED_FACE ( 'NONE', ( #1324 ), #4483, .F. ) ;
#2419 = DIRECTION ( 'NONE',  ( 0.000000000000000000, 0.000000000000000000, -1.000000000000000000 ) ) ;
#2420 = DIRECTION ( 'NONE',  ( 1.000000000000000000, 0.000000000000000000, -8.673617379884040205E-15 ) ) ;
#2421 = CARTESIAN_POINT ( 'NONE',  ( 1.449999999999999956, 0.07499999999999999722, 1.450000000000000178 ) ) ;
#2422 = ORIENTED_EDGE ( 'NONE', *, *, #367, .T. ) ;
#2423 = DIRECTION ( 'NONE',  ( -0.000000000000000000, 0.000000000000000000, 1.000000000000000000 ) ) ;
#2424 = LINE ( 'NONE', #3521, #3757 ) ;
#2425 = EDGE_CURVE ( 'NONE', #5961, #1330, #3369, .T. ) ;
#2426 = DIRECTION ( 'NONE',  ( -1.000000000000000000, 0.000000000000000000, -0.000000000000000000 ) ) ;
#2427 = LINE ( 'NONE', #5904, #6263 ) ;
#2428 =( LENGTH_UNIT ( ) NAMED_UNIT ( * ) SI_UNIT ( .MILLI., .METRE. ) );
#2429 = LINE ( 'NONE', #6448, #3896 ) ;
#2430 = DIRECTION ( 'NONE',  ( 4.857225732734664172E-14, 0.000000000000000000, 1.000000000000000000 ) ) ;
#2431 = EDGE_CURVE ( 'NONE', #2643, #4992, #3333, .T. ) ;
#2432 = CARTESIAN_POINT ( 'NONE',  ( 0.9249999999999994893, 0.1499999999999999944, -1.500000000000000000 ) ) ;
#2433 = VERTEX_POINT ( 'NONE', #5402 ) ;
#2434 = CARTESIAN_POINT ( 'NONE',  ( 1.499999999999999778, 0.07499999999999999722, -0.3750000000000103251 ) ) ;
#2435 = ORIENTED_EDGE ( 'NONE', *, *, #538, .F. ) ;
#2436 = DIRECTION ( 'NONE',  ( -1.000000000000000000, 0.000000000000000000, 0.000000000000000000 ) ) ;
#2437 = DIRECTION ( 'NONE',  ( -1.182766006347807923E-15, 0.000000000000000000, 1.000000000000000000 ) ) ;
#2438 = ORIENTED_EDGE ( 'NONE', *, *, #4023, .F. ) ;
#2439 = DIRECTION ( 'NONE',  ( 0.000000000000000000, 1.000000000000000000, -0.000000000000000000 ) ) ;
#2440 = ORIENTED_EDGE ( 'NONE', *, *, #3971, .T. ) ;
#2441 = CARTESIAN_POINT ( 'NONE',  ( -1.500000000000000222, 0.07499999999999999722, -0.1499999999999999667 ) ) ;
#2442 = FACE_OUTER_BOUND ( 'NONE', #3624, .T. ) ;
#2443 = VECTOR ( 'NONE', #918, 1000.000000000000000 ) ;
#2444 = CARTESIAN_POINT ( 'NONE',  ( 0.000000000000000000, 0.1499999999999999944, 0.1000000000000000056 ) ) ;
#2445 = ORIENTED_EDGE ( 'NONE', *, *, #3006, .F. ) ;
#2446 = ORIENTED_EDGE ( 'NONE', *, *, #3113, .T. ) ;
#2447 = ORIENTED_EDGE ( 'NONE', *, *, #5216, .F. ) ;
#2448 = ORIENTED_EDGE ( 'NONE', *, *, #506, .T. ) ;
#2449 =( LENGTH_UNIT ( ) NAMED_UNIT ( * ) SI_UNIT ( .MILLI., .METRE. ) );
#2450 = EDGE_CURVE ( 'NONE', #2643, #1975, #1815, .T. ) ;
#2451 = DIRECTION ( 'NONE',  ( 0.000000000000000000, -1.000000000000000000, 0.000000000000000000 ) ) ;
#2452 = PLANE ( 'NONE',  #4316 ) ;
#2453 = VERTEX_POINT ( 'NONE', #1427 ) ;
#2454 = EDGE_CURVE ( 'NONE', #4051, #930, #784, .T. ) ;
#2455 = PLANE ( 'NONE',  #4057 ) ;
#2456 = DIRECTION ( 'NONE',  ( -0.000000000000000000, -1.000000000000000000, -0.000000000000000000 ) ) ;
#2457 = VERTEX_POINT ( 'NONE', #2933 ) ;
#2458 = PLANE ( 'NONE',  #347 ) ;
#2459 = LINE ( 'NONE', #1451, #60 ) ;
#2460 = CARTESIAN_POINT ( 'NONE',  ( -0.4000000000000001332, 0.1499999999999999944, -0.4000000000000001332 ) ) ;
#2461 = VECTOR ( 'NONE', #6611, 1000.000000000000000 ) ;
#2462 = DIRECTION ( 'NONE',  ( 1.000000000000000000, 0.000000000000000000, -6.938893903907240211E-15 ) ) ;
#2463 = ADVANCED_FACE ( 'NONE', ( #3918 ), #1355, .F. ) ;
#2464 = EDGE_CURVE ( 'NONE', #5986, #2620, #311, .T. ) ;
#2465 = CARTESIAN_POINT ( 'NONE',  ( 0.7999999999999998224, 0.1499999999999999944, 1.225000000000000089 ) ) ;
#2466 = DIRECTION ( 'NONE',  ( 0.000000000000000000, 1.000000000000000000, -0.000000000000000000 ) ) ;
#2467 = VECTOR ( 'NONE', #584, 1000.000000000000000 ) ;
#2468 = DIRECTION ( 'NONE',  ( 0.000000000000000000, 1.000000000000000000, -0.000000000000000000 ) ) ;
#2469 = ORIENTED_EDGE ( 'NONE', *, *, #3441, .F. ) ;
#2470 = CARTESIAN_POINT ( 'NONE',  ( 0.1750000000000000167, 0.1499999999999999944, -1.499999999999996669 ) ) ;
#2471 = PLANE ( 'NONE',  #6449 ) ;
#2472 = ORIENTED_EDGE ( 'NONE', *, *, #4390, .F. ) ;
#2473 = AXIS2_PLACEMENT_3D ( 'NONE', #3710, #4746, #1681 ) ;
#2474 = EDGE_CURVE ( 'NONE', #2141, #2618, #339, .T. ) ;
#2475 = ORIENTED_EDGE ( 'NONE', *, *, #6264, .F. ) ;
#2476 = ORIENTED_EDGE ( 'NONE', *, *, #6619, .F. ) ;
#2477 = CARTESIAN_POINT ( 'NONE',  ( 0.000000000000000000, 0.07499999999999999722, 0.000000000000000000 ) ) ;
#2478 = VERTEX_POINT ( 'NONE', #2432 ) ;
#2479 = VECTOR ( 'NONE', #4451, 1000.000000000000000 ) ;
#2480 = CARTESIAN_POINT ( 'NONE',  ( 1.225000000000003419, 0.1499999999999999944, 0.6249999999999917843 ) ) ;
#2481 = CARTESIAN_POINT ( 'NONE',  ( -0.3999999999999867550, 0.1499999999999999944, 0.3999999999999941380 ) ) ;
#2482 = PLANE ( 'NONE',  #1632 ) ;
#2483 = VERTEX_POINT ( 'NONE', #1389 ) ;
#2484 = VECTOR ( 'NONE', #3724, 1000.000000000000000 ) ;
#2485 = EDGE_CURVE ( 'NONE', #2283, #4333, #4851, .T. ) ;
#2486 = VERTEX_POINT ( 'NONE', #4617 ) ;
#2487 = AXIS2_PLACEMENT_3D ( 'NONE', #4094, #4247, #3780 ) ;
#2488 = CARTESIAN_POINT ( 'NONE',  ( -1.500000000000000222, 0.07499999999999999722, -0.8499999999999999778 ) ) ;
#2489 = ORIENTED_EDGE ( 'NONE', *, *, #2330, .F. ) ;
#2490 = ORIENTED_EDGE ( 'NONE', *, *, #4908, .T. ) ;
#2491 = VECTOR ( 'NONE', #1920, 1000.000000000000000 ) ;
#2492 = DIRECTION ( 'NONE',  ( 1.000000000000000000, -0.000000000000000000, 0.000000000000000000 ) ) ;
#2493 = VECTOR ( 'NONE', #3082, 1000.000000000000000 ) ;
#2494 = CARTESIAN_POINT ( 'NONE',  ( 1.499999999999999778, 0.07499999999999999722, 1.500000000000000000 ) ) ;
#2495 = AXIS2_PLACEMENT_3D ( 'NONE', #3940, #5458, #6483 ) ;
#2496 = DIRECTION ( 'NONE',  ( 1.000000000000000000, 0.000000000000000000, -0.000000000000000000 ) ) ;
#2497 = ORIENTED_EDGE ( 'NONE', *, *, #5014, .F. ) ;
#2498 = VECTOR ( 'NONE', #3358, 1000.000000000000000 ) ;
#2499 = EDGE_CURVE ( 'NONE', #2752, #4368, #2061, .T. ) ;
#2500 = VECTOR ( 'NONE', #4275, 1000.000000000000000 ) ;
#2501 = DIRECTION ( 'NONE',  ( -1.000000000000000000, 0.000000000000000000, -0.000000000000000000 ) ) ;
#2502 = ORIENTED_EDGE ( 'NONE', *, *, #1485, .F. ) ;
#2503 = DIRECTION ( 'NONE',  ( 0.000000000000000000, 0.000000000000000000, 1.000000000000000000 ) ) ;
#2504 = LINE ( 'NONE', #5699, #5611 ) ;
#2505 = AXIS2_PLACEMENT_3D ( 'NONE', #3765, #1199, #5545 ) ;
#2506 = AXIS2_PLACEMENT_3D ( 'NONE', #5308, #6269, #44 ) ;
#2507 = DIRECTION ( 'NONE',  ( 0.000000000000000000, 0.000000000000000000, 1.000000000000000000 ) ) ;
#2508 = LINE ( 'NONE', #418, #6130 ) ;
#2509 = ORIENTED_EDGE ( 'NONE', *, *, #694, .T. ) ;
#2510 = ADVANCED_FACE ( 'NONE', ( #2090 ), #3496, .F. ) ;
#2511 = DIRECTION ( 'NONE',  ( -0.000000000000000000, 0.000000000000000000, -1.000000000000000000 ) ) ;
#2512 = ORIENTED_EDGE ( 'NONE', *, *, #4894, .F. ) ;
#2513 = VERTEX_POINT ( 'NONE', #4017 ) ;
#2514 = DIRECTION ( 'NONE',  ( -0.7071067811865493491, 0.000000000000000000, -0.7071067811865456854 ) ) ;
#2515 = ORIENTED_EDGE ( 'NONE', *, *, #4935, .F. ) ;
#2516 = LINE ( 'NONE', #1493, #2999 ) ;
#2517 = EDGE_LOOP ( 'NONE', ( #1399, #3088, #1263, #3456 ) ) ;
#2518 = EDGE_CURVE ( 'NONE', #1572, #2655, #1582, .T. ) ;
#2519 = DIRECTION ( 'NONE',  ( 1.000000000000000000, 0.000000000000000000, -5.963111948670220113E-14 ) ) ;
#2520 = CARTESIAN_POINT ( 'NONE',  ( 1.500000000000003331, 0.1499999999999999944, -0.3750000000000104361 ) ) ;
#2521 = CARTESIAN_POINT ( 'NONE',  ( 1.500000000000015321, 0.1499999999999999944, 0.8749999999999891198 ) ) ;
#2522 = ORIENTED_EDGE ( 'NONE', *, *, #6134, .T. ) ;
#2523 = AXIS2_PLACEMENT_3D ( 'NONE', #4445, #3289, #1345 ) ;
#2524 = VERTEX_POINT ( 'NONE', #5564 ) ;
#2525 = CARTESIAN_POINT ( 'NONE',  ( 1.225000000000003419, 0.1499999999999999944, -0.2500000000000086597 ) ) ;
#2526 = CARTESIAN_POINT ( 'NONE',  ( -1.450000000000000400, 0.000000000000000000, 1.450000000000000178 ) ) ;
#2527 = ORIENTED_EDGE ( 'NONE', *, *, #2122, .F. ) ;
#2528 = CARTESIAN_POINT ( 'NONE',  ( 1.225000000000003419, 0.1499999999999999944, -0.2500000000000086597 ) ) ;
#2529 = ORIENTED_EDGE ( 'NONE', *, *, #4847, .F. ) ;
#2530 = DIRECTION ( 'NONE',  ( -1.000000000000000000, 0.000000000000000000, -7.885106708985491006E-16 ) ) ;
#2531 = DIRECTION ( 'NONE',  ( -1.000000000000000000, 0.000000000000000000, 3.863702287402771662E-14 ) ) ;
#2532 = CARTESIAN_POINT ( 'NONE',  ( -1.415000000000000036, 0.1499999999999999944, -0.6150000000000003242 ) ) ;
#2533 = CARTESIAN_POINT ( 'NONE',  ( 0.6749999999999999334, 0.07499999999999999722, -1.450000000000000178 ) ) ;
#2534 = DIRECTION ( 'NONE',  ( 0.000000000000000000, -1.000000000000000000, 0.000000000000000000 ) ) ;
#2535 = DIRECTION ( 'NONE',  ( 0.000000000000000000, -1.000000000000000000, 0.000000000000000000 ) ) ;
#2536 = ORIENTED_EDGE ( 'NONE', *, *, #212, .F. ) ;
#2537 = EDGE_CURVE ( 'NONE', #2540, #6530, #3570, .T. ) ;
#2538 = DIRECTION ( 'NONE',  ( 0.000000000000000000, 0.000000000000000000, 1.000000000000000000 ) ) ;
#2539 = FACE_OUTER_BOUND ( 'NONE', #1696, .T. ) ;
#2540 = VERTEX_POINT ( 'NONE', #511 ) ;
#2541 = EDGE_CURVE ( 'NONE', #4504, #830, #6180, .T. ) ;
#2542 = EDGE_CURVE ( 'NONE', #976, #637, #4047, .T. ) ;
#2543 = FACE_OUTER_BOUND ( 'NONE', #2195, .T. ) ;
#2544 = ORIENTED_EDGE ( 'NONE', *, *, #4008, .F. ) ;
#2545 = DIRECTION ( 'NONE',  ( -0.000000000000000000, 1.000000000000000000, 0.000000000000000000 ) ) ;
#2546 = ORIENTED_EDGE ( 'NONE', *, *, #6503, .T. ) ;
#2547 = DIRECTION ( 'NONE',  ( 1.000000000000000000, 0.000000000000000000, -0.000000000000000000 ) ) ;
#2548 = FACE_OUTER_BOUND ( 'NONE', #5831, .T. ) ;
#2549 = CARTESIAN_POINT ( 'NONE',  ( -3.898199629254493495E-14, 0.07499999999999999722, -0.8749999999999539257 ) ) ;
#2550 = ORIENTED_EDGE ( 'NONE', *, *, #2551, .T. ) ;
#2551 = EDGE_CURVE ( 'NONE', #6315, #5860, #2508, .T. ) ;
#2552 = EDGE_CURVE ( 'NONE', #2877, #6115, #6074, .T. ) ;
#2553 = CARTESIAN_POINT ( 'NONE',  ( 3.380739501477607037E-14, 0.000000000000000000, 0.8750000000000470735 ) ) ;
#2554 = ORIENTED_EDGE ( 'NONE', *, *, #5675, .T. ) ;
#2555 = AXIS2_PLACEMENT_3D ( 'NONE', #2066, #5322, #2764 ) ;
#2556 = DIRECTION ( 'NONE',  ( 0.000000000000000000, 0.000000000000000000, -1.000000000000000000 ) ) ;
#2557 = ORIENTED_EDGE ( 'NONE', *, *, #2955, .F. ) ;
#2558 = EDGE_CURVE ( 'NONE', #3548, #4030, #2020, .T. ) ;
#2559 = CARTESIAN_POINT ( 'NONE',  ( 1.357148173950387145E-16, 0.000000000000000000, -0.8949999999999999067 ) ) ;
#2560 = DIRECTION ( 'NONE',  ( 0.000000000000000000, -1.000000000000000000, 0.000000000000000000 ) ) ;
#2561 = ORIENTED_EDGE ( 'NONE', *, *, #2927, .F. ) ;
#2562 = LINE ( 'NONE', #3563, #2587 ) ;
#2563 = PLANE ( 'NONE',  #3555 ) ;
#2564 = CARTESIAN_POINT ( 'NONE',  ( -0.1800000000000122891, 0.1499999999999999944, 0.3750000000000103251 ) ) ;
#2565 = UNCERTAINTY_MEASURE_WITH_UNIT (LENGTH_MEASURE( 1.000000000000000082E-05 ), #2705, 'distance_accuracy_value', 'NONE');
#2566 = PLANE ( 'NONE',  #3119 ) ;
#2567 = LINE ( 'NONE', #1551, #4801 ) ;
#2568 = DIRECTION ( 'NONE',  ( -1.000000000000000000, 0.000000000000000000, 5.963111948670220113E-14 ) ) ;
#2569 = VERTEX_POINT ( 'NONE', #5638 ) ;
#2570 = VECTOR ( 'NONE', #2822, 1000.000000000000000 ) ;
#2571 = CARTESIAN_POINT ( 'NONE',  ( 1.499999999999999778, 0.07499999999999999722, 0.3749999999999890643 ) ) ;
#2572 = CARTESIAN_POINT ( 'NONE',  ( 1.357148173950387145E-16, 0.1499999999999999944, -0.8949999999999999067 ) ) ;
#2573 = ORIENTED_EDGE ( 'NONE', *, *, #5590, .F. ) ;
#2574 = VECTOR ( 'NONE', #5734, 1000.000000000000000 ) ;
#2575 = EDGE_CURVE ( 'NONE', #1048, #1192, #5158, .T. ) ;
#2576 = ORIENTED_EDGE ( 'NONE', *, *, #4718, .T. ) ;
#2577 = ORIENTED_EDGE ( 'NONE', *, *, #90, .F. ) ;
#2578 = LINE ( 'NONE', #3744, #1614 ) ;
#2579 =( LENGTH_UNIT ( ) NAMED_UNIT ( * ) SI_UNIT ( .MILLI., .METRE. ) );
#2580 = EDGE_CURVE ( 'NONE', #987, #270, #449, .T. ) ;
#2581 = AXIS2_PLACEMENT_3D ( 'NONE', #3040, #5094, #2568 ) ;
#2582 = DIRECTION ( 'NONE',  ( 0.000000000000000000, -1.000000000000000000, 0.000000000000000000 ) ) ;
#2583 = ORIENTED_EDGE ( 'NONE', *, *, #6574, .T. ) ;
#2584 = ORIENTED_EDGE ( 'NONE', *, *, #291, .T. ) ;
#2585 = ORIENTED_EDGE ( 'NONE', *, *, #4711, .F. ) ;
#2586 = VECTOR ( 'NONE', #3981, 1000.000000000000000 ) ;
#2587 = VECTOR ( 'NONE', #5664, 1000.000000000000000 ) ;
#2588 = FACE_OUTER_BOUND ( 'NONE', #4134, .T. ) ;
#2589 = EDGE_LOOP ( 'NONE', ( #1609, #4781, #3310, #4469 ) ) ;
#2590 = LINE ( 'NONE', #4639, #1408 ) ;
#2591 = EDGE_CURVE ( 'NONE', #6529, #5917, #6108, .T. ) ;
#2592 = CARTESIAN_POINT ( 'NONE',  ( -1.415000000000000036, 0.1499999999999999944, 0.3849999999999998979 ) ) ;
#2593 = VECTOR ( 'NONE', #1602, 1000.000000000000000 ) ;
#2594 = ORIENTED_EDGE ( 'NONE', *, *, #328, .F. ) ;
#2595 = AXIS2_PLACEMENT_3D ( 'NONE', #794, #1403, #5073 ) ;
#2596 = CIRCLE ( 'NONE', #296, 0.1250000000000039135 ) ;
#2597 = DIRECTION ( 'NONE',  ( 0.000000000000000000, 0.000000000000000000, -1.000000000000000000 ) ) ;
#2598 = ORIENTED_EDGE ( 'NONE', *, *, #1080, .F. ) ;
#2599 = AXIS2_PLACEMENT_3D ( 'NONE', #1561, #3611, #3195 ) ;
#2600 = CARTESIAN_POINT ( 'NONE',  ( 0.6750000000000000444, 0.1499999999999999944, 1.225000000000000089 ) ) ;
#2601 = DIRECTION ( 'NONE',  ( 0.7071067811865474617, 0.000000000000000000, -0.7071067811865474617 ) ) ;
#2602 = EDGE_CURVE ( 'NONE', #2205, #3616, #5371, .T. ) ;
#2603 = VECTOR ( 'NONE', #6656, 1000.000000000000000 ) ;
#2604 = DIRECTION ( 'NONE',  ( 0.000000000000000000, 1.000000000000000000, 0.000000000000000000 ) ) ;
#2605 = VECTOR ( 'NONE', #4863, 1000.000000000000000 ) ;
#2606 = VECTOR ( 'NONE', #6513, 1000.000000000000000 ) ;
#2607 = DIRECTION ( 'NONE',  ( 0.000000000000000000, 0.000000000000000000, -1.000000000000000000 ) ) ;
#2608 = EDGE_LOOP ( 'NONE', ( #3342, #5314, #4403, #6014 ) ) ;
#2609 = EDGE_CURVE ( 'NONE', #53, #2621, #3070, .T. ) ;
#2610 = LINE ( 'NONE', #924, #5718 ) ;
#2611 = ORIENTED_EDGE ( 'NONE', *, *, #4922, .T. ) ;
#2612 = EDGE_LOOP ( 'NONE', ( #3928, #1151, #2291, #1005 ) ) ;
#2613 = FACE_OUTER_BOUND ( 'NONE', #4267, .T. ) ;
#2614 = VERTEX_POINT ( 'NONE', #5159 ) ;
#2615 = DIRECTION ( 'NONE',  ( -0.000000000000000000, -1.000000000000000000, 0.000000000000000000 ) ) ;
#2616 = CARTESIAN_POINT ( 'NONE',  ( 0.1750000000000000167, 0.1499999999999999944, 1.224999999999996758 ) ) ;
#2617 = ORIENTED_EDGE ( 'NONE', *, *, #5086, .F. ) ;
#2618 = VERTEX_POINT ( 'NONE', #4581 ) ;
#2619 = ORIENTED_EDGE ( 'NONE', *, *, #744, .F. ) ;
#2620 = VERTEX_POINT ( 'NONE', #967 ) ;
#2621 = VERTEX_POINT ( 'NONE', #6654 ) ;
#2622 = DIRECTION ( 'NONE',  ( 0.000000000000000000, -1.000000000000000000, 0.000000000000000000 ) ) ;
#2623 = CARTESIAN_POINT ( 'NONE',  ( 0.000000000000000000, 0.1499999999999999944, 1.499999999999996669 ) ) ;
#2624 = CARTESIAN_POINT ( 'NONE',  ( 1.499999999999999778, 0.07499999999999999722, 0.3749999999999890643 ) ) ;
#2625 = ORIENTED_EDGE ( 'NONE', *, *, #108, .T. ) ;
#2626 = EDGE_CURVE ( 'NONE', #982, #6665, #4081, .T. ) ;
#2627 = EDGE_CURVE ( 'NONE', #685, #5215, #5123, .T. ) ;
#2628 = DIRECTION ( 'NONE',  ( 0.000000000000000000, 0.000000000000000000, -1.000000000000000000 ) ) ;
#2629 = ORIENTED_EDGE ( 'NONE', *, *, #2016, .F. ) ;
#2630 = DIRECTION ( 'NONE',  ( -0.000000000000000000, -1.000000000000000000, -0.000000000000000000 ) ) ;
#2631 = CARTESIAN_POINT ( 'NONE',  ( -0.5499999999999894973, 0.1499999999999999944, -0.1499999999999999667 ) ) ;
#2632 = ADVANCED_FACE ( 'NONE', ( #3601 ), #5671, .T. ) ;
#2633 = DIRECTION ( 'NONE',  ( 3.942553354492745503E-16, 0.000000000000000000, 1.000000000000000000 ) ) ;
#2634 = DIRECTION ( 'NONE',  ( 0.000000000000000000, 1.000000000000000000, 0.000000000000000000 ) ) ;
#2635 = DIRECTION ( 'NONE',  ( 0.000000000000000000, 0.000000000000000000, 1.000000000000000000 ) ) ;
#2636 = DIRECTION ( 'NONE',  ( 0.000000000000000000, 0.000000000000000000, 1.000000000000000000 ) ) ;
#2637 = DIRECTION ( 'NONE',  ( 0.000000000000000000, 0.000000000000000000, -1.000000000000000000 ) ) ;
#2638 = EDGE_LOOP ( 'NONE', ( #2046, #2839, #6715, #2950 ) ) ;
#2639 = ADVANCED_FACE ( 'NONE', ( #5195 ), #5318, .T. ) ;
#2640 = DIRECTION ( 'NONE',  ( -0.000000000000000000, -1.000000000000000000, -0.000000000000000000 ) ) ;
#2641 = ORIENTED_EDGE ( 'NONE', *, *, #5552, .F. ) ;
#2642 = LINE ( 'NONE', #5571, #1169 ) ;
#2643 = VERTEX_POINT ( 'NONE', #4246 ) ;
#2644 = CARTESIAN_POINT ( 'NONE',  ( 1.225000000000010303, 0.1499999999999999944, 0.3749999999999931721 ) ) ;
#2645 = DIRECTION ( 'NONE',  ( 0.000000000000000000, 0.000000000000000000, 1.000000000000000000 ) ) ;
#2646 = ORIENTED_EDGE ( 'NONE', *, *, #1729, .T. ) ;
#2647 = ORIENTED_EDGE ( 'NONE', *, *, #1912, .F. ) ;
#2648 = ORIENTED_EDGE ( 'NONE', *, *, #1527, .F. ) ;
#2649 = VERTEX_POINT ( 'NONE', #3194 ) ;
#2650 = CARTESIAN_POINT ( 'NONE',  ( 1.224999999999987654, 0.1499999999999999944, -0.8750000000000084377 ) ) ;
#2651 = ORIENTED_EDGE ( 'NONE', *, *, #2669, .F. ) ;
#2652 = DIRECTION ( 'NONE',  ( 0.000000000000000000, -1.000000000000000000, 0.000000000000000000 ) ) ;
#2653 = DIRECTION ( 'NONE',  ( 1.000000000000000000, 0.000000000000000000, 1.516366674804902060E-16 ) ) ;
#2654 = PLANE ( 'NONE',  #5835 ) ;
#2655 = VERTEX_POINT ( 'NONE', #4218 ) ;
#2656 = LINE ( 'NONE', #5828, #2228 ) ;
#2657 = EDGE_CURVE ( 'NONE', #1802, #4339, #610, .T. ) ;
#2658 = LINE ( 'NONE', #6276, #5155 ) ;
#2659 = ORIENTED_EDGE ( 'NONE', *, *, #1548, .T. ) ;
#2660 = DIRECTION ( 'NONE',  ( -0.000000000000000000, 0.000000000000000000, 1.000000000000000000 ) ) ;
#2661 = FACE_OUTER_BOUND ( 'NONE', #4765, .T. ) ;
#2662 = ADVANCED_FACE ( 'NONE', ( #6345 ), #1173, .F. ) ;
#2663 = AXIS2_PLACEMENT_3D ( 'NONE', #6093, #6165, #5110 ) ;
#2664 = CLOSED_SHELL ( 'NONE', ( #1350, #950, #5636, #5840, #5264, #1145, #6185, #6477 ) ) ;
#2665 = CARTESIAN_POINT ( 'NONE',  ( 0.6749999999999999334, 0.1499999999999999944, -1.500000000000000000 ) ) ;
#2666 = LINE ( 'NONE', #3363, #2500 ) ;
#2667 = LINE ( 'NONE', #5704, #2689 ) ;
#2668 = CARTESIAN_POINT ( 'NONE',  ( 0.6749999999999999334, 0.07499999999999999722, -1.450000000000000178 ) ) ;
#2669 = EDGE_CURVE ( 'NONE', #4886, #3794, #5263, .T. ) ;
#2670 = EDGE_CURVE ( 'NONE', #6436, #6388, #2760, .T. ) ;
#2671 = DIRECTION ( 'NONE',  ( 0.000000000000000000, 0.000000000000000000, -1.000000000000000000 ) ) ;
#2672 = VECTOR ( 'NONE', #3259, 1000.000000000000114 ) ;
#2673 = ORIENTED_EDGE ( 'NONE', *, *, #4031, .T. ) ;
#2674 = CARTESIAN_POINT ( 'NONE',  ( -1.415000000000000036, 0.1499999999999999944, 0.000000000000000000 ) ) ;
#2675 = ORIENTED_EDGE ( 'NONE', *, *, #4708, .T. ) ;
#2676 = ADVANCED_FACE ( 'NONE', ( #4804 ), #161, .F. ) ;
#2677 = LINE ( 'NONE', #2549, #3667 ) ;
#2678 = ORIENTED_EDGE ( 'NONE', *, *, #2552, .T. ) ;
#2679 = VECTOR ( 'NONE', #5151, 1000.000000000000000 ) ;
#2680 = ORIENTED_EDGE ( 'NONE', *, *, #322, .T. ) ;
#2681 = ORIENTED_EDGE ( 'NONE', *, *, #4139, .T. ) ;
#2682 = ORIENTED_EDGE ( 'NONE', *, *, #4325, .T. ) ;
#2683 = VECTOR ( 'NONE', #1966, 1000.000000000000000 ) ;
#2684 = LINE ( 'NONE', #4727, #2798 ) ;
#2685 = EDGE_CURVE ( 'NONE', #4457, #2896, #6282, .T. ) ;
#2686 = CARTESIAN_POINT ( 'NONE',  ( -0.1800000000000122891, 0.000000000000000000, 0.3750000000000103251 ) ) ;
#2687 = EDGE_LOOP ( 'NONE', ( #4157, #4828, #4282, #4786 ) ) ;
#2688 = ORIENTED_EDGE ( 'NONE', *, *, #5669, .T. ) ;
#2689 = VECTOR ( 'NONE', #2255, 1000.000000000000000 ) ;
#2690 = CARTESIAN_POINT ( 'NONE',  ( -1.499999999999998224, 0.1499999999999999944, -3.252606517456512119E-15 ) ) ;
#2691 = ORIENTED_EDGE ( 'NONE', *, *, #3936, .F. ) ;
#2692 = FACE_OUTER_BOUND ( 'NONE', #4237, .T. ) ;
#2693 = CARTESIAN_POINT ( 'NONE',  ( -3.898199629254493495E-14, 0.000000000000000000, -0.8749999999999539257 ) ) ;
#2694 = AXIS2_PLACEMENT_3D ( 'NONE', #1396, #4586, #2908 ) ;
#2695 =( GEOMETRIC_REPRESENTATION_CONTEXT ( 3 ) GLOBAL_UNCERTAINTY_ASSIGNED_CONTEXT ( ( #6615 ) ) GLOBAL_UNIT_ASSIGNED_CONTEXT ( ( #2449, #3457, #6095 ) ) REPRESENTATION_CONTEXT ( 'NONE', 'WORKASPACE' ) );
#2696 = EDGE_CURVE ( 'NONE', #3152, #34, #3743, .T. ) ;
#2697 = VECTOR ( 'NONE', #6650, 1000.000000000000000 ) ;
#2698 = PLANE ( 'NONE',  #6092 ) ;
#2699 = CARTESIAN_POINT ( 'NONE',  ( -1.415000000000000036, 0.000000000000000000, -0.000000000000000000 ) ) ;
#2700 = ORIENTED_EDGE ( 'NONE', *, *, #6280, .T. ) ;
#2701 = LINE ( 'NONE', #1716, #6371 ) ;
#2702 = VECTOR ( 'NONE', #3690, 1000.000000000000000 ) ;
#2703 = DIRECTION ( 'NONE',  ( -4.857225732734663541E-14, 0.000000000000000000, -1.000000000000000000 ) ) ;
#2704 = VECTOR ( 'NONE', #2531, 1000.000000000000000 ) ;
#2705 =( LENGTH_UNIT ( ) NAMED_UNIT ( * ) SI_UNIT ( .MILLI., .METRE. ) );
#2706 = VECTOR ( 'NONE', #1446, 1000.000000000000000 ) ;
#2707 = AXIS2_PLACEMENT_3D ( 'NONE', #4700, #3213, #4728 ) ;
#2708 = CARTESIAN_POINT ( 'NONE',  ( 9.184792940293066228E-17, 0.1499999999999999944, 0.3750000000000104361 ) ) ;
#2709 = EDGE_CURVE ( 'NONE', #791, #5310, #2667, .T. ) ;
#2710 = ORIENTED_EDGE ( 'NONE', *, *, #2425, .F. ) ;
#2711 = CARTESIAN_POINT ( 'NONE',  ( 0.000000000000000000, 0.1499999999999999944, 1.499999999999996669 ) ) ;
#2712 = LINE ( 'NONE', #4815, #3224 ) ;
#2713 = ORIENTED_EDGE ( 'NONE', *, *, #528, .F. ) ;
#2714 = ORIENTED_EDGE ( 'NONE', *, *, #6675, .T. ) ;
#2715 = EDGE_CURVE ( 'NONE', #6101, #3615, #5800, .T. ) ;
#2716 = ORIENTED_EDGE ( 'NONE', *, *, #3225, .F. ) ;
#2717 = ORIENTED_EDGE ( 'NONE', *, *, #36, .T. ) ;
#2718 = CARTESIAN_POINT ( 'NONE',  ( 0.000000000000000000, 0.07499999999999999722, 0.000000000000000000 ) ) ;
#2719 = LINE ( 'NONE', #3346, #2484 ) ;
#2720 = CARTESIAN_POINT ( 'NONE',  ( 0.09749999999999874045, 0.000000000000000000, 0.09749999999999844902 ) ) ;
#2721 = PLANE ( 'NONE',  #5725 ) ;
#2722 = DIRECTION ( 'NONE',  ( 0.000000000000000000, 0.000000000000000000, -1.000000000000000000 ) ) ;
#2723 = VERTEX_POINT ( 'NONE', #97 ) ;
#2724 = DIRECTION ( 'NONE',  ( -0.000000000000000000, -1.000000000000000000, -0.000000000000000000 ) ) ;
#2725 = ADVANCED_FACE ( 'NONE', ( #1617 ), #1139, .T. ) ;
#2726 = DIRECTION ( 'NONE',  ( 0.000000000000000000, 1.000000000000000000, 0.000000000000000000 ) ) ;
#2727 = EDGE_LOOP ( 'NONE', ( #1670, #4269, #6155, #1092, #2070, #5662 ) ) ;
#2728 = CARTESIAN_POINT ( 'NONE',  ( 1.449999999999999956, 0.000000000000000000, 1.450000000000000178 ) ) ;
#2729 = FILL_AREA_STYLE ('',( #3738 ) ) ;
#2730 = CARTESIAN_POINT ( 'NONE',  ( 1.499999999999999778, 0.07499999999999999722, 1.500000000000000000 ) ) ;
#2731 = DIRECTION ( 'NONE',  ( -0.000000000000000000, 0.000000000000000000, 1.000000000000000000 ) ) ;
#2732 = CARTESIAN_POINT ( 'NONE',  ( 0.9249999999999998224, 0.000000000000000000, 1.224999999999996536 ) ) ;
#2733 = PLANE ( 'NONE',  #4960 ) ;
#2734 = DIRECTION ( 'NONE',  ( 0.000000000000000000, -0.000000000000000000, 1.000000000000000000 ) ) ;
#2735 = ORIENTED_EDGE ( 'NONE', *, *, #1548, .F. ) ;
#2736 = CARTESIAN_POINT ( 'NONE',  ( 1.225000000000008527, 0.000000000000000000, 0.2499999999999913403 ) ) ;
#2737 = ADVANCED_FACE ( 'NONE', ( #2159 ), #128, .F. ) ;
#2738 = FILL_AREA_STYLE_COLOUR ( '', #75 ) ;
#2739 = ORIENTED_EDGE ( 'NONE', *, *, #1637, .T. ) ;
#2740 = EDGE_CURVE ( 'NONE', #1322, #3618, #940, .T. ) ;
#2741 = EDGE_CURVE ( 'NONE', #314, #5413, #4277, .T. ) ;
#2742 = EDGE_LOOP ( 'NONE', ( #583, #2648, #4428, #3085 ) ) ;
#2743 = EDGE_LOOP ( 'NONE', ( #6119, #3273, #6084, #324, #6322, #6707, #6441, #3759, #1627, #1254, #2140, #4597 ) ) ;
#2744 = VERTEX_POINT ( 'NONE', #1715 ) ;
#2745 = CARTESIAN_POINT ( 'NONE',  ( -0.5499999999999894973, 0.1499999999999999944, -0.1499999999999999667 ) ) ;
#2746 = DIRECTION ( 'NONE',  ( 0.000000000000000000, 0.000000000000000000, 1.000000000000000000 ) ) ;
#2747 = DIRECTION ( 'NONE',  ( 0.7071067811865464625, 0.000000000000000000, -0.7071067811865486830 ) ) ;
#2748 = CARTESIAN_POINT ( 'NONE',  ( 0.000000000000000000, 0.000000000000000000, 0.1000000000000000056 ) ) ;
#2749 = ORIENTED_EDGE ( 'NONE', *, *, #5380, .F. ) ;
#2750 = ADVANCED_FACE ( 'NONE', ( #576 ), #5839, .T. ) ;
#2751 = ADVANCED_FACE ( 'NONE', ( #5492 ), #2929, .T. ) ;
#2752 = VERTEX_POINT ( 'NONE', #6443 ) ;
#2753 = LINE ( 'NONE', #5313, #269 ) ;
#2754 = VERTEX_POINT ( 'NONE', #263 ) ;
#2755 = CARTESIAN_POINT ( 'NONE',  ( 0.000000000000000000, 0.1499999999999999944, -1.499999999999996669 ) ) ;
#2756 = CARTESIAN_POINT ( 'NONE',  ( 1.449999999999999956, 0.07499999999999999722, -0.6250000000000021094 ) ) ;
#2757 = ADVANCED_FACE ( 'NONE', ( #334 ), #1812, .F. ) ;
#2758 = VERTEX_POINT ( 'NONE', #747 ) ;
#2759 = PLANE ( 'NONE',  #4236 ) ;
#2760 = LINE ( 'NONE', #1073, #3979 ) ;
#2761 = DIRECTION ( 'NONE',  ( -1.182766006347807923E-15, 0.000000000000000000, 1.000000000000000000 ) ) ;
#2762 = SURFACE_STYLE_FILL_AREA ( #813 ) ;
#2763 = CARTESIAN_POINT ( 'NONE',  ( -0.1999999999999955980, 0.1499999999999999944, 0.1999999999999949873 ) ) ;
#2764 = DIRECTION ( 'NONE',  ( 0.7071067811865464625, 0.000000000000000000, -0.7071067811865486830 ) ) ;
#2765 = ORIENTED_EDGE ( 'NONE', *, *, #355, .F. ) ;
#2766 = CARTESIAN_POINT ( 'NONE',  ( -1.449999999999999956, 0.1499999999999999944, -0.3500000000000000333 ) ) ;
#2767 = CARTESIAN_POINT ( 'NONE',  ( -1.450000000000000400, 0.000000000000000000, -0.000000000000000000 ) ) ;
#2768 = DIRECTION ( 'NONE',  ( -0.000000000000000000, -1.000000000000000000, -0.000000000000000000 ) ) ;
#2769 = EDGE_LOOP ( 'NONE', ( #4923, #532, #6055, #5381, #665 ) ) ;
#2770 = EDGE_CURVE ( 'NONE', #1639, #2621, #831, .T. ) ;
#2771 = ORIENTED_EDGE ( 'NONE', *, *, #5640, .T. ) ;
#2772 = DIRECTION ( 'NONE',  ( 0.7071067811865540120, 0.000000000000000000, 0.7071067811865410224 ) ) ;
#2773 = ORIENTED_EDGE ( 'NONE', *, *, #4256, .T. ) ;
#2774 = PLANE ( 'NONE',  #516 ) ;
#2775 = DIRECTION ( 'NONE',  ( 0.000000000000000000, 1.000000000000000000, -0.000000000000000000 ) ) ;
#2776 = DIRECTION ( 'NONE',  ( 1.000000000000000000, 0.000000000000000000, 0.000000000000000000 ) ) ;
#2777 = VECTOR ( 'NONE', #3002, 1000.000000000000000 ) ;
#2778 = CARTESIAN_POINT ( 'NONE',  ( 0.4249999999999996003, 0.1499999999999999944, 1.224999999999996758 ) ) ;
#2779 = VERTEX_POINT ( 'NONE', #852 ) ;
#2780 = ORIENTED_EDGE ( 'NONE', *, *, #2079, .T. ) ;
#2781 = VECTOR ( 'NONE', #3201, 1000.000000000000000 ) ;
#2782 = FACE_OUTER_BOUND ( 'NONE', #6425, .T. ) ;
#2783 = ORIENTED_EDGE ( 'NONE', *, *, #1518, .T. ) ;
#2784 = EDGE_CURVE ( 'NONE', #5472, #2524, #3364, .T. ) ;
#2785 = CARTESIAN_POINT ( 'NONE',  ( 0.6749999999999998224, 0.1499999999999999944, 1.500000000000000000 ) ) ;
#2786 = CARTESIAN_POINT ( 'NONE',  ( -4.190823558986625216E-28, 0.1499999999999999944, -0.3750000000000104361 ) ) ;
#2787 = AXIS2_PLACEMENT_3D ( 'NONE', #3106, #2545, #457 ) ;
#2788 = EDGE_LOOP ( 'NONE', ( #5683, #1623, #4090, #599, #1343, #6405, #216, #2865 ) ) ;
#2789 = CARTESIAN_POINT ( 'NONE',  ( -1.100000000000000311, 0.7500000000000000000, -1.100000000000000311 ) ) ;
#2790 = CARTESIAN_POINT ( 'NONE',  ( 1.225000000000013856, 0.1499999999999999944, -0.6250000000000088818 ) ) ;
#2791 = CARTESIAN_POINT ( 'NONE',  ( -1.500000000000000222, 0.000000000000000000, 1.500000000000000000 ) ) ;
#2792 = AXIS2_PLACEMENT_3D ( 'NONE', #206, #6414, #1782 ) ;
#2793 = VECTOR ( 'NONE', #4120, 1000.000000000000000 ) ;
#2794 = EDGE_CURVE ( 'NONE', #1012, #4553, #2828, .T. ) ;
#2795 = CARTESIAN_POINT ( 'NONE',  ( -1.450000000000000400, 0.07499999999999999722, 1.450000000000000178 ) ) ;
#2796 = DIRECTION ( 'NONE',  ( 0.000000000000000000, 1.000000000000000000, -0.000000000000000000 ) ) ;
#2797 = AXIS2_PLACEMENT_3D ( 'NONE', #4056, #1631, #5616 ) ;
#2798 = VECTOR ( 'NONE', #2206, 1000.000000000000000 ) ;
#2799 = DIRECTION ( 'NONE',  ( -1.000000000000000000, 0.000000000000000000, 0.000000000000000000 ) ) ;
#2800 = AXIS2_PLACEMENT_3D ( 'NONE', #6043, #1429, #2966 ) ;
#2801 = VERTEX_POINT ( 'NONE', #4447 ) ;
#2802 = EDGE_CURVE ( 'NONE', #3961, #34, #5709, .T. ) ;
#2803 = CARTESIAN_POINT ( 'NONE',  ( 0.4249999999999996003, 0.1499999999999999944, 0.000000000000000000 ) ) ;
#2804 = CYLINDRICAL_SURFACE ( 'NONE', #5275, 0.3750000000000104361 ) ;
#2805 = DIRECTION ( 'NONE',  ( 1.000000000000000000, 0.000000000000000000, 0.000000000000000000 ) ) ;
#2806 = ORIENTED_EDGE ( 'NONE', *, *, #4304, .T. ) ;
#2807 = VECTOR ( 'NONE', #5126, 1000.000000000000000 ) ;
#2808 = ORIENTED_EDGE ( 'NONE', *, *, #4611, .T. ) ;
#2809 = CIRCLE ( 'NONE', #4533, 0.2500000000000000000 ) ;
#2810 = EDGE_LOOP ( 'NONE', ( #4647, #463, #4664, #3969 ) ) ;
#2811 = VECTOR ( 'NONE', #1465, 1000.000000000000000 ) ;
#2812 = DIRECTION ( 'NONE',  ( 2.710505431213783962E-15, 0.000000000000000000, -1.000000000000000000 ) ) ;
#2813 = VECTOR ( 'NONE', #4263, 1000.000000000000000 ) ;
#2814 = DIRECTION ( 'NONE',  ( 0.000000000000000000, 0.000000000000000000, 1.000000000000000000 ) ) ;
#2815 = DIRECTION ( 'NONE',  ( -0.000000000000000000, -1.000000000000000000, -0.000000000000000000 ) ) ;
#2816 = CARTESIAN_POINT ( 'NONE',  ( -0.7000000000000002887, 0.1499999999999999944, 0.8950000000000000178 ) ) ;
#2817 = CYLINDRICAL_SURFACE ( 'NONE', #371, 0.1249999999999998890 ) ;
#2818 = ORIENTED_EDGE ( 'NONE', *, *, #4772, .T. ) ;
#2819 = ORIENTED_EDGE ( 'NONE', *, *, #5436, .T. ) ;
#2820 = DIRECTION ( 'NONE',  ( 0.000000000000000000, -1.000000000000000000, 0.000000000000000000 ) ) ;
#2821 = EDGE_CURVE ( 'NONE', #1489, #3204, #4378, .T. ) ;
#2822 = DIRECTION ( 'NONE',  ( -0.000000000000000000, -1.000000000000000000, -0.000000000000000000 ) ) ;
#2823 = ORIENTED_EDGE ( 'NONE', *, *, #2857, .F. ) ;
#2824 = ADVANCED_FACE ( 'NONE', ( #4875 ), #3913, .F. ) ;
#2825 = EDGE_CURVE ( 'NONE', #2870, #2968, #6410, .T. ) ;
#2826 = FACE_OUTER_BOUND ( 'NONE', #5305, .T. ) ;
#2827 = CARTESIAN_POINT ( 'NONE',  ( 0.7999999999999998224, 0.1499999999999999944, 1.225000000000000089 ) ) ;
#2828 = LINE ( 'NONE', #5427, #3425 ) ;
#2829 = LINE ( 'NONE', #3914, #4839 ) ;
#2830 = AXIS2_PLACEMENT_3D ( 'NONE', #706, #1316, #1776 ) ;
#2831 = ADVANCED_FACE ( 'NONE', ( #231 ), #3842, .F. ) ;
#2832 = CARTESIAN_POINT ( 'NONE',  ( 0.1750000000000000167, 0.1499999999999999944, 1.499999999999996669 ) ) ;
#2833 = CARTESIAN_POINT ( 'NONE',  ( 1.500000000000003331, 0.1499999999999999944, -0.3750000000000104361 ) ) ;
#2834 = ORIENTED_EDGE ( 'NONE', *, *, #5765, .T. ) ;
#2835 = CARTESIAN_POINT ( 'NONE',  ( 1.500000000000003331, 0.000000000000000000, -0.3750000000000104361 ) ) ;
#2836 = DIRECTION ( 'NONE',  ( 7.885106708985491006E-16, 0.000000000000000000, -1.000000000000000000 ) ) ;
#2837 = CARTESIAN_POINT ( 'NONE',  ( 1.449999999999999956, 0.000000000000000000, 1.450000000000000178 ) ) ;
#2838 = CARTESIAN_POINT ( 'NONE',  ( 1.225000000000013856, 0.1499999999999999944, -0.7500000000000086597 ) ) ;
#2839 = ORIENTED_EDGE ( 'NONE', *, *, #2857, .T. ) ;
#2840 = EDGE_CURVE ( 'NONE', #2013, #2801, #5939, .T. ) ;
#2841 = EDGE_LOOP ( 'NONE', ( #1231, #1022, #3823, #5116, #579, #938 ) ) ;
#2842 = ORIENTED_EDGE ( 'NONE', *, *, #6458, .T. ) ;
#2843 = CARTESIAN_POINT ( 'NONE',  ( 1.357148173950387145E-16, 0.1499999999999999944, 0.8949999999999999067 ) ) ;
#2844 = PLANE ( 'NONE',  #2262 ) ;
#2845 = DIRECTION ( 'NONE',  ( 1.000000000000000000, -0.000000000000000000, 0.000000000000000000 ) ) ;
#2846 = FACE_OUTER_BOUND ( 'NONE', #7, .T. ) ;
#2847 = DIRECTION ( 'NONE',  ( -1.000000000000000000, 0.000000000000000000, -7.885106708985491006E-16 ) ) ;
#2848 = ORIENTED_EDGE ( 'NONE', *, *, #5597, .F. ) ;
#2849 = VECTOR ( 'NONE', #1118, 1000.000000000000000 ) ;
#2850 = VERTEX_POINT ( 'NONE', #1880 ) ;
#2851 = CYLINDRICAL_SURFACE ( 'NONE', #5378, 0.1250000000000039135 ) ;
#2852 = LINE ( 'NONE', #258, #5352 ) ;
#2853 = CARTESIAN_POINT ( 'NONE',  ( -1.415000000000000036, 0.1499999999999999944, -0.6150000000000003242 ) ) ;
#2854 = ORIENTED_EDGE ( 'NONE', *, *, #3086, .F. ) ;
#2855 = FACE_OUTER_BOUND ( 'NONE', #3614, .T. ) ;
#2856 = CARTESIAN_POINT ( 'NONE',  ( -1.450000000000000400, 0.07499999999999999722, 1.450000000000000178 ) ) ;
#2857 = EDGE_CURVE ( 'NONE', #2081, #681, #1347, .T. ) ;
#2858 = CYLINDRICAL_SURFACE ( 'NONE', #1077, 0.1250000000000018319 ) ;
#2859 = LINE ( 'NONE', #2832, #1951 ) ;
#2860 = ORIENTED_EDGE ( 'NONE', *, *, #3813, .T. ) ;
#2861 = LINE ( 'NONE', #2835, #3761 ) ;
#2862 = ADVANCED_FACE ( 'NONE', ( #3808 ), #708, .F. ) ;
#2863 =( LENGTH_UNIT ( ) NAMED_UNIT ( * ) SI_UNIT ( .MILLI., .METRE. ) );
#2864 = LINE ( 'NONE', #4422, #1049 ) ;
#2865 = ORIENTED_EDGE ( 'NONE', *, *, #446, .F. ) ;
#2866 = AXIS2_PLACEMENT_3D ( 'NONE', #4615, #4744, #3069 ) ;
#2867 = CLOSED_SHELL ( 'NONE', ( #4440, #3257, #5484, #5329, #5444, #2210, #781, #4340 ) ) ;
#2868 = ORIENTED_EDGE ( 'NONE', *, *, #489, .F. ) ;
#2869 = VERTEX_POINT ( 'NONE', #810 ) ;
#2870 = VERTEX_POINT ( 'NONE', #5350 ) ;
#2871 = EDGE_CURVE ( 'NONE', #5570, #3722, #5457, .T. ) ;
#2872 = FACE_OUTER_BOUND ( 'NONE', #3022, .T. ) ;
#2873 = FACE_OUTER_BOUND ( 'NONE', #4867, .T. ) ;
#2874 = PLANE ( 'NONE',  #1079 ) ;
#2875 = ORIENTED_EDGE ( 'NONE', *, *, #3170, .F. ) ;
#2876 = DIRECTION ( 'NONE',  ( 1.000000000000000000, 0.000000000000000000, -1.516366674804902060E-16 ) ) ;
#2877 = VERTEX_POINT ( 'NONE', #6511 ) ;
#2878 = VECTOR ( 'NONE', #752, 1000.000000000000000 ) ;
#2879 = ORIENTED_EDGE ( 'NONE', *, *, #4840, .F. ) ;
#2880 = ORIENTED_EDGE ( 'NONE', *, *, #1930, .T. ) ;
#2881 = VECTOR ( 'NONE', #4933, 1000.000000000000000 ) ;
#2882 = AXIS2_PLACEMENT_3D ( 'NONE', #4441, #4373, #4834 ) ;
#2883 = ADVANCED_FACE ( 'NONE', ( #5993 ), #1381, .F. ) ;
#2884 = DIRECTION ( 'NONE',  ( 1.000000000000000000, 0.000000000000000000, 0.000000000000000000 ) ) ;
#2885 = CARTESIAN_POINT ( 'NONE',  ( -1.415000000000000258, 0.000000000000000000, -0.8950000000000001288 ) ) ;
#2886 = LINE ( 'NONE', #299, #5285 ) ;
#2887 = ORIENTED_EDGE ( 'NONE', *, *, #743, .T. ) ;
#2888 = VECTOR ( 'NONE', #2012, 1000.000000000000000 ) ;
#2889 = DIRECTION ( 'NONE',  ( -1.000000000000000000, 0.000000000000000000, 1.458744741162315831E-14 ) ) ;
#2890 = CARTESIAN_POINT ( 'NONE',  ( 0.1750000000000000167, 0.1499999999999999944, -1.499999999999996669 ) ) ;
#2891 = CARTESIAN_POINT ( 'NONE',  ( 0.4249999999999996003, 0.07499999999999999722, 1.450000000000000178 ) ) ;
#2892 = AXIS2_PLACEMENT_3D ( 'NONE', #2736, #3295, #716 ) ;
#2893 = AXIS2_PLACEMENT_3D ( 'NONE', #4176, #1109, #2731 ) ;
#2894 = CARTESIAN_POINT ( 'NONE',  ( -1.500000000000000222, 0.07499999999999999722, -1.500000000000000000 ) ) ;
#2895 = DIRECTION ( 'NONE',  ( 0.000000000000000000, -0.000000000000000000, 1.000000000000000000 ) ) ;
#2896 = VERTEX_POINT ( 'NONE', #411 ) ;
#2897 = CARTESIAN_POINT ( 'NONE',  ( 0.4249999999999996003, 0.1499999999999999944, -1.499999999999996669 ) ) ;
#2898 = AXIS2_PLACEMENT_3D ( 'NONE', #3565, #2462, #3423 ) ;
#2899 = VECTOR ( 'NONE', #3117, 1000.000000000000000 ) ;
#2900 = SURFACE_SIDE_STYLE ('',( #4990 ) ) ;
#2901 = DIRECTION ( 'NONE',  ( 1.000000000000000000, -0.000000000000000000, 0.000000000000000000 ) ) ;
#2902 = ORIENTED_EDGE ( 'NONE', *, *, #5865, .F. ) ;
#2903 = ORIENTED_EDGE ( 'NONE', *, *, #1099, .T. ) ;
#2904 = ADVANCED_FACE ( 'NONE', ( #4042 ), #3034, .F. ) ;
#2905 = STYLED_ITEM ( 'NONE', ( #4158 ), #5396 ) ;
#2906 = EDGE_CURVE ( 'NONE', #1191, #3284, #2459, .T. ) ;
#2907 = VECTOR ( 'NONE', #4661, 1000.000000000000000 ) ;
#2908 = DIRECTION ( 'NONE',  ( 0.000000000000000000, 0.000000000000000000, -1.000000000000000000 ) ) ;
#2909 = DIRECTION ( 'NONE',  ( -0.000000000000000000, 0.000000000000000000, -1.000000000000000000 ) ) ;
#2910 = CIRCLE ( 'NONE', #71, 0.1250000000000018319 ) ;
#2911 = ORIENTED_EDGE ( 'NONE', *, *, #5112, .T. ) ;
#2912 = DIRECTION ( 'NONE',  ( 0.000000000000000000, 0.000000000000000000, 1.000000000000000000 ) ) ;
#2913 = CARTESIAN_POINT ( 'NONE',  ( 0.6750000000000010436, 0.07499999999999999722, 5.322447028565214342E-16 ) ) ;
#2914 = DIRECTION ( 'NONE',  ( 0.000000000000000000, 0.000000000000000000, -1.000000000000000000 ) ) ;
#2915 =( GEOMETRIC_REPRESENTATION_CONTEXT ( 3 ) GLOBAL_UNCERTAINTY_ASSIGNED_CONTEXT ( ( #3708 ) ) GLOBAL_UNIT_ASSIGNED_CONTEXT ( ( #3202, #3919, #5466 ) ) REPRESENTATION_CONTEXT ( 'NONE', 'WORKASPACE' ) );
#2916 = CARTESIAN_POINT ( 'NONE',  ( -1.500000000000000222, 0.1499999999999999944, -0.3499999999999999223 ) ) ;
#2917 = ORIENTED_EDGE ( 'NONE', *, *, #3181, .T. ) ;
#2918 = EDGE_CURVE ( 'NONE', #6199, #3616, #3596, .T. ) ;
#2919 = PLANE ( 'NONE',  #6521 ) ;
#2920 = AXIS2_PLACEMENT_3D ( 'NONE', #1059, #3214, #2182 ) ;
#2921 = ORIENTED_EDGE ( 'NONE', *, *, #3513, .T. ) ;
#2922 = AXIS2_PLACEMENT_3D ( 'NONE', #648, #3685, #2734 ) ;
#2923 = ORIENTED_EDGE ( 'NONE', *, *, #6052, .F. ) ;
#2924 = SURFACE_STYLE_USAGE ( .BOTH. , #3966 ) ;
#2925 = DIRECTION ( 'NONE',  ( -0.000000000000000000, 0.000000000000000000, 1.000000000000000000 ) ) ;
#2926 = LINE ( 'NONE', #2421, #1521 ) ;
#2927 = EDGE_CURVE ( 'NONE', #3583, #5489, #3489, .T. ) ;
#2928 = CARTESIAN_POINT ( 'NONE',  ( 0.2999999999999999334, 0.000000000000000000, 1.224999999999996758 ) ) ;
#2929 = PLANE ( 'NONE',  #3768 ) ;
#2930 = LINE ( 'NONE', #2327, #3890 ) ;
#2931 = DIRECTION ( 'NONE',  ( 0.000000000000000000, -1.000000000000000000, 0.000000000000000000 ) ) ;
#2932 = CARTESIAN_POINT ( 'NONE',  ( 0.000000000000000000, 0.1499999999999999944, 0.1499999999999999667 ) ) ;
#2933 = CARTESIAN_POINT ( 'NONE',  ( 0.9249999999999994893, 0.07499999999999999722, -1.500000000000000000 ) ) ;
#2934 = PLANE ( 'NONE',  #3447 ) ;
#2935 = FILL_AREA_STYLE ('',( #3988 ) ) ;
#2936 = DIRECTION ( 'NONE',  ( 1.000000000000000000, 0.000000000000000000, 0.000000000000000000 ) ) ;
#2937 = EDGE_LOOP ( 'NONE', ( #112, #3280, #3103, #312, #4018, #2765 ) ) ;
#2938 = ORIENTED_EDGE ( 'NONE', *, *, #4187, .T. ) ;
#2939 = EDGE_CURVE ( 'NONE', #1431, #4326, #5153, .T. ) ;
#2940 = ORIENTED_EDGE ( 'NONE', *, *, #2259, .T. ) ;
#2941 = LINE ( 'NONE', #1893, #6450 ) ;
#2942 = VERTEX_POINT ( 'NONE', #6613 ) ;
#2943 = CARTESIAN_POINT ( 'NONE',  ( -2.236166980751394863E-14, 0.1499999999999999944, -0.3750000000000104361 ) ) ;
#2944 = CARTESIAN_POINT ( 'NONE',  ( -1.500000000000000222, 0.000000000000000000, 1.500000000000000000 ) ) ;
#2945 = EDGE_CURVE ( 'NONE', #569, #388, #5558, .T. ) ;
#2946 = LINE ( 'NONE', #6631, #5398 ) ;
#2947 = ORIENTED_EDGE ( 'NONE', *, *, #2609, .T. ) ;
#2948 = ORIENTED_EDGE ( 'NONE', *, *, #439, .T. ) ;
#2949 = LINE ( 'NONE', #6635, #671 ) ;
#2950 = ORIENTED_EDGE ( 'NONE', *, *, #885, .F. ) ;
#2951 = ORIENTED_EDGE ( 'NONE', *, *, #5958, .T. ) ;
#2952 = DIRECTION ( 'NONE',  ( 0.000000000000000000, 0.000000000000000000, 1.000000000000000000 ) ) ;
#2953 = EDGE_CURVE ( 'NONE', #2478, #5961, #4509, .T. ) ;
#2954 = PLANE ( 'NONE',  #4300 ) ;
#2955 = EDGE_CURVE ( 'NONE', #3545, #2205, #1981, .T. ) ;
#2956 = LINE ( 'NONE', #2008, #81 ) ;
#2957 = ORIENTED_EDGE ( 'NONE', *, *, #1261, .T. ) ;
#2958 = LINE ( 'NONE', #1475, #3527 ) ;
#2959 = FACE_OUTER_BOUND ( 'NONE', #2105, .T. ) ;
#2960 = CARTESIAN_POINT ( 'NONE',  ( 0.4249999999999996003, 0.1499999999999999944, 1.450000000000000178 ) ) ;
#2961 = EDGE_CURVE ( 'NONE', #2649, #3373, #444, .T. ) ;
#2962 = LINE ( 'NONE', #3038, #1827 ) ;
#2963 = CARTESIAN_POINT ( 'NONE',  ( 1.946635718781038004E-14, 0.07499999999999999722, -0.6250000000000470735 ) ) ;
#2964 = DIRECTION ( 'NONE',  ( 1.000000000000000000, -0.000000000000000000, 0.000000000000000000 ) ) ;
#2965 = EDGE_CURVE ( 'NONE', #5688, #1101, #3524, .T. ) ;
#2966 = DIRECTION ( 'NONE',  ( 0.000000000000000000, 0.000000000000000000, 1.000000000000000000 ) ) ;
#2967 = PLANE ( 'NONE',  #4810 ) ;
#2968 = VERTEX_POINT ( 'NONE', #6579 ) ;
#2969 = ORIENTED_EDGE ( 'NONE', *, *, #5730, .T. ) ;
#2970 = CARTESIAN_POINT ( 'NONE',  ( 0.4249999999999996003, 0.07499999999999999722, -1.500000000000000000 ) ) ;
#2971 = EDGE_LOOP ( 'NONE', ( #2659, #2269, #926, #6358 ) ) ;
#2972 = DIRECTION ( 'NONE',  ( -1.000000000000000000, 0.000000000000000000, 0.000000000000000000 ) ) ;
#2973 = ORIENTED_EDGE ( 'NONE', *, *, #4894, .T. ) ;
#2974 = DIRECTION ( 'NONE',  ( 0.000000000000000000, 0.000000000000000000, -1.000000000000000000 ) ) ;
#2975 = DIRECTION ( 'NONE',  ( 1.000000000000000000, 0.000000000000000000, -4.857225732735066175E-14 ) ) ;
#2976 = PLANE ( 'NONE',  #972 ) ;
#2977 = EDGE_CURVE ( 'NONE', #773, #4467, #6646, .T. ) ;
#2978 = ORIENTED_EDGE ( 'NONE', *, *, #2086, .T. ) ;
#2979 = ORIENTED_EDGE ( 'NONE', *, *, #5651, .F. ) ;
#2980 = ORIENTED_EDGE ( 'NONE', *, *, #3851, .F. ) ;
#2981 = FILL_AREA_STYLE ('',( #3589 ) ) ;
#2982 = CARTESIAN_POINT ( 'NONE',  ( -0.9000000000000022427, 0.000000000000000000, 0.8999999999999994671 ) ) ;
#2983 = CARTESIAN_POINT ( 'NONE',  ( 1.449999999999999956, 0.07499999999999999722, -1.450000000000000178 ) ) ;
#2984 = VECTOR ( 'NONE', #5852, 1000.000000000000000 ) ;
#2985 = ORIENTED_EDGE ( 'NONE', *, *, #4572, .F. ) ;
#2986 = LINE ( 'NONE', #2559, #4592 ) ;
#2987 = ADVANCED_FACE ( 'NONE', ( #1026 ), #883, .T. ) ;
#2988 = VECTOR ( 'NONE', #1772, 1000.000000000000000 ) ;
#2989 = LINE ( 'NONE', #1544, #4077 ) ;
#2990 = ORIENTED_EDGE ( 'NONE', *, *, #4276, .T. ) ;
#2991 = DIRECTION ( 'NONE',  ( -0.000000000000000000, -1.000000000000000000, -0.000000000000000000 ) ) ;
#2992 = DIRECTION ( 'NONE',  ( 0.000000000000000000, 0.000000000000000000, 1.000000000000000000 ) ) ;
#2993 = AXIS2_PLACEMENT_3D ( 'NONE', #6550, #5097, #2024 ) ;
#2994 = VECTOR ( 'NONE', #6718, 1000.000000000000000 ) ;
#2995 = PLANE ( 'NONE',  #2898 ) ;
#2996 = ADVANCED_FACE ( 'NONE', ( #5015 ), #6681, .F. ) ;
#2997 = DIRECTION ( 'NONE',  ( 0.000000000000000000, -0.000000000000000000, 1.000000000000000000 ) ) ;
#2998 = CARTESIAN_POINT ( 'NONE',  ( -1.500000000000000222, 0.07499999999999999722, 0.6500000000000000222 ) ) ;
#2999 = VECTOR ( 'NONE', #3576, 1000.000000000000000 ) ;
#3000 = DIRECTION ( 'NONE',  ( 0.7071067811865456854, 0.000000000000000000, -0.7071067811865493491 ) ) ;
#3001 = CARTESIAN_POINT ( 'NONE',  ( -1.500000000000000222, 0.07499999999999999722, -1.500000000000000000 ) ) ;
#3002 = DIRECTION ( 'NONE',  ( -1.000000000000000000, 0.000000000000000000, 8.673617379884040205E-15 ) ) ;
#3003 = ORIENTED_EDGE ( 'NONE', *, *, #6590, .F. ) ;
#3004 = AXIS2_PLACEMENT_3D ( 'NONE', #1477, #5049, #994 ) ;
#3005 = VERTEX_POINT ( 'NONE', #1514 ) ;
#3006 = EDGE_CURVE ( 'NONE', #5851, #1147, #2562, .T. ) ;
#3007 = ORIENTED_EDGE ( 'NONE', *, *, #5217, .F. ) ;
#3008 = SURFACE_SIDE_STYLE ('',( #4624 ) ) ;
#3009 = ORIENTED_EDGE ( 'NONE', *, *, #3727, .F. ) ;
#3010 = STYLED_ITEM ( 'NONE', ( #6608 ), #3292 ) ;
#3011 = LINE ( 'NONE', #3406, #1830 ) ;
#3012 = LINE ( 'NONE', #3081, #6144 ) ;
#3013 = FACE_OUTER_BOUND ( 'NONE', #4658, .T. ) ;
#3014 = ORIENTED_EDGE ( 'NONE', *, *, #2518, .T. ) ;
#3015 = VECTOR ( 'NONE', #6602, 1000.000000000000000 ) ;
#3016 = ORIENTED_EDGE ( 'NONE', *, *, #3857, .F. ) ;
#3017 = VECTOR ( 'NONE', #3649, 1000.000000000000000 ) ;
#3018 = EDGE_LOOP ( 'NONE', ( #3535, #1739, #3956, #2041, #3868, #3219 ) ) ;
#3019 = VECTOR ( 'NONE', #1462, 1000.000000000000000 ) ;
#3020 = ORIENTED_EDGE ( 'NONE', *, *, #2243, .F. ) ;
#3021 = DIRECTION ( 'NONE',  ( 0.000000000000000000, 0.000000000000000000, 1.000000000000000000 ) ) ;
#3022 = EDGE_LOOP ( 'NONE', ( #5759, #539, #1999, #6516, #2868, #2902, #3963, #1575, #658, #4937, #5550, #822, #4570, #5011, #2178, #1037, #2241, #4060, #6363, #1523, #5950, #3472, #3435, #5886, #3172, #4492, #9, #5266, #1722, #2969, #2147, #2074 ) ) ;
#3023 = AXIS2_PLACEMENT_3D ( 'NONE', #5361, #2171, #171 ) ;
#3024 = CARTESIAN_POINT ( 'NONE',  ( 0.000000000000000000, 0.1499999999999999944, -0.3499999999999999223 ) ) ;
#3025 = FILL_AREA_STYLE_COLOUR ( '', #6595 ) ;
#3026 = VECTOR ( 'NONE', #6614, 1000.000000000000000 ) ;
#3027 = PLANE ( 'NONE',  #6586 ) ;
#3028 = VERTEX_POINT ( 'NONE', #3096 ) ;
#3029 = AXIS2_PLACEMENT_3D ( 'NONE', #4150, #6210, #5706 ) ;
#3030 = VECTOR ( 'NONE', #5807, 1000.000000000000000 ) ;
#3031 = ADVANCED_FACE ( 'NONE', ( #4608 ), #4116, .F. ) ;
#3032 = LINE ( 'NONE', #6644, #2888 ) ;
#3033 = ORIENTED_EDGE ( 'NONE', *, *, #6415, .T. ) ;
#3034 = PLANE ( 'NONE',  #3004 ) ;
#3035 = DIRECTION ( 'NONE',  ( 1.000000000000000000, 0.000000000000000000, 0.000000000000000000 ) ) ;
#3036 = AXIS2_PLACEMENT_3D ( 'NONE', #5576, #3409, #936 ) ;
#3037 = ADVANCED_FACE ( 'NONE', ( #2959 ), #369, .T. ) ;
#3038 = CARTESIAN_POINT ( 'NONE',  ( 1.499999999999972911, 0.1499999999999999944, -7.285838599102467365E-14 ) ) ;
#3039 = LINE ( 'NONE', #5461, #6354 ) ;
#3040 = CARTESIAN_POINT ( 'NONE',  ( -2.236166980751394863E-14, 0.1499999999999999944, -0.3750000000000104361 ) ) ;
#3041 = DIRECTION ( 'NONE',  ( 0.000000000000000000, 0.000000000000000000, 1.000000000000000000 ) ) ;
#3042 = DIRECTION ( 'NONE',  ( -0.7071067811865475727, 0.000000000000000000, -0.7071067811865475727 ) ) ;
#3043 = EDGE_CURVE ( 'NONE', #3294, #5672, #5832, .T. ) ;
#3044 = CARTESIAN_POINT ( 'NONE',  ( 0.000000000000000000, 0.07499999999999999722, 0.000000000000000000 ) ) ;
#3045 = ORIENTED_EDGE ( 'NONE', *, *, #1099, .F. ) ;
#3046 = ORIENTED_EDGE ( 'NONE', *, *, #1129, .T. ) ;
#3047 = LINE ( 'NONE', #6214, #5589 ) ;
#3048 = ORIENTED_EDGE ( 'NONE', *, *, #4433, .F. ) ;
#3049 = CARTESIAN_POINT ( 'NONE',  ( -1.450000000000000400, 0.07499999999999999722, 0.1499999999999999667 ) ) ;
#3050 = ADVANCED_FACE ( 'NONE', ( #2692 ), #4739, .F. ) ;
#3051 = LINE ( 'NONE', #2616, #5061 ) ;
#3052 = EDGE_LOOP ( 'NONE', ( #1003, #3716, #6166, #5753 ) ) ;
#3053 = ORIENTED_EDGE ( 'NONE', *, *, #4449, .T. ) ;
#3054 = VERTEX_POINT ( 'NONE', #6278 ) ;
#3055 = CARTESIAN_POINT ( 'NONE',  ( -1.154999999999994920, 0.1499999999999999944, -1.155000000000003357 ) ) ;
#3056 = ORIENTED_EDGE ( 'NONE', *, *, #6332, .T. ) ;
#3057 = FACE_OUTER_BOUND ( 'NONE', #3018, .T. ) ;
#3058 =( NAMED_UNIT ( * ) PLANE_ANGLE_UNIT ( ) SI_UNIT ( $, .RADIAN. ) );
#3059 = LINE ( 'NONE', #4602, #2166 ) ;
#3060 = ORIENTED_EDGE ( 'NONE', *, *, #4306, .F. ) ;
#3061 = LINE ( 'NONE', #473, #928 ) ;
#3062 = EDGE_LOOP ( 'NONE', ( #3888, #326, #3009, #458 ) ) ;
#3063 = DIRECTION ( 'NONE',  ( 0.000000000000000000, -1.000000000000000000, 0.000000000000000000 ) ) ;
#3064 = LINE ( 'NONE', #5016, #77 ) ;
#3065 = ADVANCED_FACE ( 'NONE', ( #3629 ), #1610, .T. ) ;
#3066 = CARTESIAN_POINT ( 'NONE',  ( 0.000000000000000000, 0.1499999999999999944, 0.6500000000000001332 ) ) ;
#3067 = CARTESIAN_POINT ( 'NONE',  ( 0.000000000000000000, 0.000000000000000000, 0.000000000000000000 ) ) ;
#3068 = EDGE_CURVE ( 'NONE', #6101, #1489, #5698, .T. ) ;
#3069 = DIRECTION ( 'NONE',  ( 0.000000000000000000, 0.000000000000000000, 1.000000000000000000 ) ) ;
#3070 = LINE ( 'NONE', #3531, #3648 ) ;
#3071 = ORIENTED_EDGE ( 'NONE', *, *, #2132, .T. ) ;
#3072 = PLANE ( 'NONE',  #1945 ) ;
#3073 = PLANE ( 'NONE',  #2993 ) ;
#3074 = ORIENTED_EDGE ( 'NONE', *, *, #2558, .T. ) ;
#3075 = ADVANCED_FACE ( 'NONE', ( #5315 ), #2188, .F. ) ;
#3076 = EDGE_CURVE ( 'NONE', #1443, #5851, #4212, .T. ) ;
#3077 = ORIENTED_EDGE ( 'NONE', *, *, #2050, .T. ) ;
#3078 = LINE ( 'NONE', #5132, #2683 ) ;
#3079 = ORIENTED_EDGE ( 'NONE', *, *, #6332, .F. ) ;
#3080 = CARTESIAN_POINT ( 'NONE',  ( 0.4249999999999996003, 0.000000000000000000, 1.224999999999996758 ) ) ;
#3081 = CARTESIAN_POINT ( 'NONE',  ( 0.000000000000000000, 0.000000000000000000, -1.450000000000000178 ) ) ;
#3082 = DIRECTION ( 'NONE',  ( 1.000000000000000000, 0.000000000000000000, 0.000000000000000000 ) ) ;
#3083 = ORIENTED_EDGE ( 'NONE', *, *, #2591, .F. ) ;
#3084 = ORIENTED_EDGE ( 'NONE', *, *, #4840, .T. ) ;
#3085 = ORIENTED_EDGE ( 'NONE', *, *, #6543, .T. ) ;
#3086 = EDGE_CURVE ( 'NONE', #5347, #2141, #2117, .T. ) ;
#3087 = ORIENTED_EDGE ( 'NONE', *, *, #1168, .T. ) ;
#3088 = ORIENTED_EDGE ( 'NONE', *, *, #1412, .F. ) ;
#3089 = CARTESIAN_POINT ( 'NONE',  ( -1.460000000000000631, 0.07499999999999999722, 0.8500000000000000888 ) ) ;
#3090 = SURFACE_STYLE_USAGE ( .BOTH. , #1020 ) ;
#3091 = CARTESIAN_POINT ( 'NONE',  ( -2.258754526011375044E-16, 0.1499999999999999944, 0.3750000000000104361 ) ) ;
#3092 = ORIENTED_EDGE ( 'NONE', *, *, #6295, .F. ) ;
#3093 = VECTOR ( 'NONE', #3229, 1000.000000000000000 ) ;
#3094 = ADVANCED_FACE ( 'NONE', ( #6303 ), #3188, .F. ) ;
#3095 = CARTESIAN_POINT ( 'NONE',  ( -1.415000000000000036, 0.1499999999999999944, 0.3849999999999998979 ) ) ;
#3096 = CARTESIAN_POINT ( 'NONE',  ( 1.449999999999999956, 0.07499999999999999722, 0.3749999999999897304 ) ) ;
#3097 = CARTESIAN_POINT ( 'NONE',  ( 3.380739501477607037E-14, 0.1499999999999999944, 0.8750000000000470735 ) ) ;
#3098 = PLANE ( 'NONE',  #1613 ) ;
#3099 = CARTESIAN_POINT ( 'NONE',  ( -1.100000000000000311, 0.7500000000000000000, -1.100000000000000311 ) ) ;
#3100 = STYLED_ITEM ( 'NONE', ( #1135 ), #4266 ) ;
#3101 = LINE ( 'NONE', #5160, #2603 ) ;
#3102 = CARTESIAN_POINT ( 'NONE',  ( -9.856383386230957800E-17, 0.1499999999999999944, 0.1249999999999885092 ) ) ;
#3103 = ORIENTED_EDGE ( 'NONE', *, *, #758, .T. ) ;
#3104 = AXIS2_PLACEMENT_3D ( 'NONE', #4209, #1133, #5246 ) ;
#3105 = VERTEX_POINT ( 'NONE', #3772 ) ;
#3106 = CARTESIAN_POINT ( 'NONE',  ( 0.000000000000000000, 0.07499999999999999722, 0.000000000000000000 ) ) ;
#3107 = CARTESIAN_POINT ( 'NONE',  ( -1.415000000000000036, 0.1499999999999999944, -0.3850000000000003419 ) ) ;
#3108 = VECTOR ( 'NONE', #1084, 999.9999999999998863 ) ;
#3109 = CARTESIAN_POINT ( 'NONE',  ( 3.380739501477607037E-14, 0.07499999999999999722, 0.8750000000000470735 ) ) ;
#3110 = VERTEX_POINT ( 'NONE', #1649 ) ;
#3111 = EDGE_CURVE ( 'NONE', #6677, #2614, #5767, .T. ) ;
#3112 = VERTEX_POINT ( 'NONE', #6720 ) ;
#3113 = EDGE_CURVE ( 'NONE', #3897, #3628, #3127, .T. ) ;
#3114 = ORIENTED_EDGE ( 'NONE', *, *, #5465, .F. ) ;
#3115 = VECTOR ( 'NONE', #5736, 1000.000000000000114 ) ;
#3116 = ORIENTED_EDGE ( 'NONE', *, *, #2474, .F. ) ;
#3117 = DIRECTION ( 'NONE',  ( -0.000000000000000000, -1.000000000000000000, -0.000000000000000000 ) ) ;
#3118 = CARTESIAN_POINT ( 'NONE',  ( 0.9250000000000000444, 0.1499999999999999944, -3.646861852905789479E-16 ) ) ;
#3119 = AXIS2_PLACEMENT_3D ( 'NONE', #6616, #3528, #2507 ) ;
#3120 = CARTESIAN_POINT ( 'NONE',  ( -1.450000000000000400, 0.07499999999999999722, 0.8600000000000000977 ) ) ;
#3121 = VECTOR ( 'NONE', #5040, 1000.000000000000000 ) ;
#3122 = ADVANCED_FACE ( 'NONE', ( #2151 ), #1134, .F. ) ;
#3123 = VERTEX_POINT ( 'NONE', #5190 ) ;
#3124 = VECTOR ( 'NONE', #3432, 1000.000000000000000 ) ;
#3125 = CARTESIAN_POINT ( 'NONE',  ( -1.450000000000000400, 0.000000000000000000, -0.000000000000000000 ) ) ;
#3126 = ORIENTED_EDGE ( 'NONE', *, *, #6543, .F. ) ;
#3127 = LINE ( 'NONE', #2084, #4520 ) ;
#3128 = SURFACE_STYLE_USAGE ( .BOTH. , #4172 ) ;
#3129 = MECHANICAL_DESIGN_GEOMETRIC_PRESENTATION_REPRESENTATION (  '', ( #1835 ), #301 ) ;
#3130 = EDGE_CURVE ( 'NONE', #6417, #2968, #603, .T. ) ;
#3131 = FACE_OUTER_BOUND ( 'NONE', #720, .T. ) ;
#3132 = CARTESIAN_POINT ( 'NONE',  ( 0.2999999999999999334, 0.000000000000000000, -1.224999999999996758 ) ) ;
#3133 = VECTOR ( 'NONE', #3591, 1000.000000000000000 ) ;
#3134 = VECTOR ( 'NONE', #3810, 1000.000000000000000 ) ;
#3135 = DIRECTION ( 'NONE',  ( 0.000000000000000000, 1.000000000000000000, 0.000000000000000000 ) ) ;
#3136 = ORIENTED_EDGE ( 'NONE', *, *, #6503, .F. ) ;
#3137 = CARTESIAN_POINT ( 'NONE',  ( -0.3999999999999867550, 0.000000000000000000, 0.3999999999999941380 ) ) ;
#3138 = ORIENTED_EDGE ( 'NONE', *, *, #3654, .T. ) ;
#3139 = CARTESIAN_POINT ( 'NONE',  ( 0.9249999999999998224, 0.1499999999999999944, 1.224999999999996536 ) ) ;
#3140 = EDGE_LOOP ( 'NONE', ( #2948, #2213, #6272, #4865 ) ) ;
#3141 = VERTEX_POINT ( 'NONE', #1065 ) ;
#3142 = DIRECTION ( 'NONE',  ( 0.000000000000000000, 0.000000000000000000, -1.000000000000000000 ) ) ;
#3143 = DIRECTION ( 'NONE',  ( -0.000000000000000000, -1.000000000000000000, -0.000000000000000000 ) ) ;
#3144 = EDGE_CURVE ( 'NONE', #6665, #3728, #4675, .T. ) ;
#3145 = FACE_OUTER_BOUND ( 'NONE', #6265, .T. ) ;
#3146 = ADVANCED_FACE ( 'NONE', ( #6200 ), #1576, .F. ) ;
#3147 = ORIENTED_EDGE ( 'NONE', *, *, #4556, .F. ) ;
#3148 = DIRECTION ( 'NONE',  ( 0.7071067811865486830, 0.000000000000000000, -0.7071067811865464625 ) ) ;
#3149 = FACE_OUTER_BOUND ( 'NONE', #4864, .T. ) ;
#3150 = DIRECTION ( 'NONE',  ( -0.000000000000000000, 0.000000000000000000, -1.000000000000000000 ) ) ;
#3151 = VECTOR ( 'NONE', #1236, 1000.000000000000000 ) ;
#3152 = VERTEX_POINT ( 'NONE', #6237 ) ;
#3153 = CARTESIAN_POINT ( 'NONE',  ( 1.500000000000003331, 0.1499999999999999944, -0.3750000000000104361 ) ) ;
#3154 = CARTESIAN_POINT ( 'NONE',  ( -1.415000000000000036, 0.000000000000000000, 0.000000000000000000 ) ) ;
#3155 = EDGE_CURVE ( 'NONE', #6149, #2453, #123, .T. ) ;
#3156 = ORIENTED_EDGE ( 'NONE', *, *, #2825, .F. ) ;
#3157 = EDGE_CURVE ( 'NONE', #4563, #2478, #5962, .T. ) ;
#3158 = CARTESIAN_POINT ( 'NONE',  ( 1.449999999999999956, 0.1499999999999999944, -0.8750000000000185407 ) ) ;
#3159 = CARTESIAN_POINT ( 'NONE',  ( -1.154999999999991589, 0.1499999999999999944, 1.155000000000005356 ) ) ;
#3160 = FACE_OUTER_BOUND ( 'NONE', #1545, .T. ) ;
#3161 = DIRECTION ( 'NONE',  ( 0.000000000000000000, 0.000000000000000000, 1.000000000000000000 ) ) ;
#3162 = CARTESIAN_POINT ( 'NONE',  ( 0.4249999999999996003, 0.07499999999999999722, -1.450000000000000178 ) ) ;
#3163 = EDGE_CURVE ( 'NONE', #2141, #974, #1844, .T. ) ;
#3164 = CARTESIAN_POINT ( 'NONE',  ( -0.1800000000000016032, 0.1499999999999999944, -0.3749999999999996669 ) ) ;
#3165 = EDGE_LOOP ( 'NONE', ( #3760, #5474, #3659, #2490 ) ) ;
#3166 = DIRECTION ( 'NONE',  ( 0.000000000000000000, 1.000000000000000000, -0.000000000000000000 ) ) ;
#3167 = VECTOR ( 'NONE', #543, 1000.000000000000000 ) ;
#3168 = DIRECTION ( 'NONE',  ( 0.7071067811865486830, 0.000000000000000000, -0.7071067811865464625 ) ) ;
#3169 = ORIENTED_EDGE ( 'NONE', *, *, #1, .F. ) ;
#3170 = EDGE_CURVE ( 'NONE', #2942, #3204, #1375, .T. ) ;
#3171 = DIRECTION ( 'NONE',  ( 0.7071067811865464625, 0.000000000000000000, 0.7071067811865486830 ) ) ;
#3172 = ORIENTED_EDGE ( 'NONE', *, *, #4276, .F. ) ;
#3173 = CARTESIAN_POINT ( 'NONE',  ( 1.225000000000007194, 0.000000000000000000, 0.7499999999999998890 ) ) ;
#3174 = DIRECTION ( 'NONE',  ( 0.7071067811865432429, 0.000000000000000000, -0.7071067811865517916 ) ) ;
#3175 = VECTOR ( 'NONE', #4274, 1000.000000000000000 ) ;
#3176 = EDGE_LOOP ( 'NONE', ( #5697, #427, #971, #3254, #2773, #3595, #3240, #3014, #1228, #4688, #4695, #5579, #3946, #5201, #4161, #4607, #2577, #2880, #2179, #659, #4903, #5422, #253, #1114, #4499, #5501 ) ) ;
#3177 = ORIENTED_EDGE ( 'NONE', *, *, #2627, .F. ) ;
#3178 = VERTEX_POINT ( 'NONE', #2247 ) ;
#3179 = ORIENTED_EDGE ( 'NONE', *, *, #4877, .F. ) ;
#3180 = PLANE ( 'NONE',  #4413 ) ;
#3181 = EDGE_CURVE ( 'NONE', #3376, #4382, #3804, .T. ) ;
#3182 = VECTOR ( 'NONE', #2889, 1000.000000000000000 ) ;
#3183 = FACE_OUTER_BOUND ( 'NONE', #3311, .T. ) ;
#3184 = DIRECTION ( 'NONE',  ( -1.000000000000000000, 0.000000000000000000, -6.023345402696833799E-16 ) ) ;
#3185 = VERTEX_POINT ( 'NONE', #1232 ) ;
#3186 = PLANE ( 'NONE',  #51 ) ;
#3187 = ORIENTED_EDGE ( 'NONE', *, *, #6176, .T. ) ;
#3188 = PLANE ( 'NONE',  #6469 ) ;
#3189 = LINE ( 'NONE', #3159, #1157 ) ;
#3190 = AXIS2_PLACEMENT_3D ( 'NONE', #2397, #5012, #5454 ) ;
#3191 = ADVANCED_FACE ( 'NONE', ( #5344 ), #2851, .F. ) ;
#3192 = LINE ( 'NONE', #2119, #5226 ) ;
#3193 = CARTESIAN_POINT ( 'NONE',  ( -0.1800000000000016032, 0.1499999999999999944, -0.3749999999999996669 ) ) ;
#3194 = CARTESIAN_POINT ( 'NONE',  ( 1.449999999999999956, 0.000000000000000000, 0.6249999999999897859 ) ) ;
#3195 = DIRECTION ( 'NONE',  ( 0.000000000000000000, 0.000000000000000000, 1.000000000000000000 ) ) ;
#3196 = DIRECTION ( 'NONE',  ( -0.7071067811865456854, 0.000000000000000000, 0.7071067811865493491 ) ) ;
#3197 = ADVANCED_FACE ( 'NONE', ( #4900 ), #6438, .F. ) ;
#3198 = CARTESIAN_POINT ( 'NONE',  ( 0.6750000000000000444, 0.1499999999999999944, -1.225000000000000089 ) ) ;
#3199 = DIRECTION ( 'NONE',  ( 1.000000000000000000, -0.000000000000000000, 0.000000000000000000 ) ) ;
#3200 = VERTEX_POINT ( 'NONE', #155 ) ;
#3201 = DIRECTION ( 'NONE',  ( 0.000000000000000000, -1.000000000000000000, 0.000000000000000000 ) ) ;
#3202 =( LENGTH_UNIT ( ) NAMED_UNIT ( * ) SI_UNIT ( .MILLI., .METRE. ) );
#3203 = DIRECTION ( 'NONE',  ( 0.7071067811865486830, 0.000000000000000000, -0.7071067811865464625 ) ) ;
#3204 = VERTEX_POINT ( 'NONE', #5485 ) ;
#3205 = AXIS2_PLACEMENT_3D ( 'NONE', #1686, #550, #2637 ) ;
#3206 = CIRCLE ( 'NONE', #5039, 0.1249999999999998890 ) ;
#3207 = EDGE_CURVE ( 'NONE', #6352, #351, #1744, .T. ) ;
#3208 = EDGE_LOOP ( 'NONE', ( #3412, #5311, #4104, #1892 ) ) ;
#3209 = ORIENTED_EDGE ( 'NONE', *, *, #1382, .T. ) ;
#3210 = CIRCLE ( 'NONE', #2892, 0.1250000000000018319 ) ;
#3211 = DIRECTION ( 'NONE',  ( -0.000000000000000000, -1.000000000000000000, -0.000000000000000000 ) ) ;
#3212 = FACE_OUTER_BOUND ( 'NONE', #5747, .T. ) ;
#3213 = DIRECTION ( 'NONE',  ( 1.000000000000000000, 0.000000000000000000, -0.000000000000000000 ) ) ;
#3214 = DIRECTION ( 'NONE',  ( 1.000000000000000000, 0.000000000000000000, 0.000000000000000000 ) ) ;
#3215 = VERTEX_POINT ( 'NONE', #2785 ) ;
#3216 = ORIENTED_EDGE ( 'NONE', *, *, #232, .F. ) ;
#3217 = VECTOR ( 'NONE', #6102, 1000.000000000000000 ) ;
#3218 = DIRECTION ( 'NONE',  ( 0.000000000000000000, 0.000000000000000000, -1.000000000000000000 ) ) ;
#3219 = ORIENTED_EDGE ( 'NONE', *, *, #572, .F. ) ;
#3220 = DIRECTION ( 'NONE',  ( -0.000000000000000000, 0.000000000000000000, -1.000000000000000000 ) ) ;
#3221 = CARTESIAN_POINT ( 'NONE',  ( 0.000000000000000000, 0.07499999999999999722, 0.000000000000000000 ) ) ;
#3222 = AXIS2_PLACEMENT_3D ( 'NONE', #193, #2289, #2350 ) ;
#3223 = AXIS2_PLACEMENT_3D ( 'NONE', #631, #6465, #1224 ) ;
#3224 = VECTOR ( 'NONE', #6392, 1000.000000000000000 ) ;
#3225 = EDGE_CURVE ( 'NONE', #3532, #270, #1771, .T. ) ;
#3226 = VECTOR ( 'NONE', #1865, 1000.000000000000000 ) ;
#3227 = CARTESIAN_POINT ( 'NONE',  ( -1.450000000000000400, 0.000000000000000000, 0.6500000000000000222 ) ) ;
#3228 = PLANE ( 'NONE',  #5656 ) ;
#3229 = DIRECTION ( 'NONE',  ( -0.7071067811865464625, 0.000000000000000000, 0.7071067811865486830 ) ) ;
#3230 = DIRECTION ( 'NONE',  ( 0.000000000000000000, -1.000000000000000000, 0.000000000000000000 ) ) ;
#3231 = ADVANCED_FACE ( 'NONE', ( #844 ), #3835, .F. ) ;
#3232 = CARTESIAN_POINT ( 'NONE',  ( -1.500000000000000222, 0.1499999999999999944, 0.8499999999999999778 ) ) ;
#3233 = VECTOR ( 'NONE', #2836, 1000.000000000000000 ) ;
#3234 = ADVANCED_FACE ( 'NONE', ( #1805 ), #4833, .F. ) ;
#3235 = FACE_OUTER_BOUND ( 'NONE', #2742, .T. ) ;
#3236 = VECTOR ( 'NONE', #5588, 1000.000000000000000 ) ;
#3237 = VECTOR ( 'NONE', #2198, 1000.000000000000000 ) ;
#3238 = CARTESIAN_POINT ( 'NONE',  ( 0.1750000000000000167, 0.07499999999999999722, 0.000000000000000000 ) ) ;
#3239 = CARTESIAN_POINT ( 'NONE',  ( 5.421010862427545836E-15, 0.1499999999999999944, 0.6250000000000024425 ) ) ;
#3240 = ORIENTED_EDGE ( 'NONE', *, *, #962, .T. ) ;
#3241 = DIRECTION ( 'NONE',  ( 0.000000000000000000, -0.000000000000000000, -1.000000000000000000 ) ) ;
#3242 = ADVANCED_FACE ( 'NONE', ( #4337 ), #6406, .F. ) ;
#3243 = ADVANCED_FACE ( 'NONE', ( #738 ), #4868, .F. ) ;
#3244 = PRESENTATION_STYLE_ASSIGNMENT (( #1216 ) ) ;
#3245 = DIRECTION ( 'NONE',  ( 0.000000000000000000, -0.000000000000000000, 1.000000000000000000 ) ) ;
#3246 = ORIENTED_EDGE ( 'NONE', *, *, #1508, .T. ) ;
#3247 = EDGE_LOOP ( 'NONE', ( #2435, #993, #4663, #4438 ) ) ;
#3248 = ORIENTED_EDGE ( 'NONE', *, *, #1176, .T. ) ;
#3249 = EDGE_CURVE ( 'NONE', #3573, #1537, #3356, .T. ) ;
#3250 = DIRECTION ( 'NONE',  ( 0.7071067811865500152, 0.000000000000000000, -0.7071067811865450192 ) ) ;
#3251 = CARTESIAN_POINT ( 'NONE',  ( -1.450000000000000400, 0.000000000000000000, -1.450000000000000178 ) ) ;
#3252 = DIRECTION ( 'NONE',  ( -3.942553354492745503E-16, 0.000000000000000000, -1.000000000000000000 ) ) ;
#3253 = DIRECTION ( 'NONE',  ( 0.000000000000000000, -1.000000000000000000, 0.000000000000000000 ) ) ;
#3254 = ORIENTED_EDGE ( 'NONE', *, *, #2657, .T. ) ;
#3255 = DIRECTION ( 'NONE',  ( 0.000000000000000000, -1.000000000000000000, 0.000000000000000000 ) ) ;
#3256 = EDGE_LOOP ( 'NONE', ( #871, #2331, #1334, #3577 ) ) ;
#3257 = ADVANCED_FACE ( 'NONE', ( #6473 ), #1339, .T. ) ;
#3258 = DIRECTION ( 'NONE',  ( 0.000000000000000000, 0.000000000000000000, 1.000000000000000000 ) ) ;
#3259 = DIRECTION ( 'NONE',  ( 0.7071067811865474617, 0.000000000000000000, -0.7071067811865474617 ) ) ;
#3260 = CARTESIAN_POINT ( 'NONE',  ( -1.450000000000000400, 0.1499999999999999944, -0.3499999999999999223 ) ) ;
#3261 = DIRECTION ( 'NONE',  ( 3.942553354492745503E-16, 0.000000000000000000, 1.000000000000000000 ) ) ;
#3262 = DIRECTION ( 'NONE',  ( 1.000000000000000000, 0.000000000000000000, -4.455085290576799120E-14 ) ) ;
#3263 = CARTESIAN_POINT ( 'NONE',  ( 0.9250000000000012657, 0.1499999999999999944, 1.094058555871723778E-15 ) ) ;
#3264 = CARTESIAN_POINT ( 'NONE',  ( 0.6749999999999999334, 0.000000000000000000, -1.450000000000000178 ) ) ;
#3265 = LINE ( 'NONE', #2260, #3237 ) ;
#3266 = ORIENTED_EDGE ( 'NONE', *, *, #2580, .F. ) ;
#3267 = LINE ( 'NONE', #4189, #5046 ) ;
#3268 = DIRECTION ( 'NONE',  ( 0.000000000000000000, -1.000000000000000000, 0.000000000000000000 ) ) ;
#3269 = VERTEX_POINT ( 'NONE', #295 ) ;
#3270 = ORIENTED_EDGE ( 'NONE', *, *, #6141, .T. ) ;
#3271 = EDGE_CURVE ( 'NONE', #24, #1965, #2392, .T. ) ;
#3272 = VERTEX_POINT ( 'NONE', #4035 ) ;
#3273 = ORIENTED_EDGE ( 'NONE', *, *, #2945, .T. ) ;
#3274 = DIRECTION ( 'NONE',  ( 1.000000000000000000, 0.000000000000000000, 0.000000000000000000 ) ) ;
#3275 = VECTOR ( 'NONE', #5580, 1000.000000000000000 ) ;
#3276 = DIRECTION ( 'NONE',  ( 0.000000000000000000, 0.000000000000000000, -1.000000000000000000 ) ) ;
#3277 = LINE ( 'NONE', #4862, #3786 ) ;
#3278 = LINE ( 'NONE', #2778, #1304 ) ;
#3279 = VERTEX_POINT ( 'NONE', #6568 ) ;
#3280 = ORIENTED_EDGE ( 'NONE', *, *, #5214, .F. ) ;
#3281 = EDGE_CURVE ( 'NONE', #2779, #3550, #4538, .T. ) ;
#3282 = CARTESIAN_POINT ( 'NONE',  ( -9.856383386230957800E-17, 0.07499999999999999722, 0.1249999999999885092 ) ) ;
#3283 = DIRECTION ( 'NONE',  ( 0.000000000000000000, 0.000000000000000000, 1.000000000000000000 ) ) ;
#3284 = VERTEX_POINT ( 'NONE', #905 ) ;
#3285 = CARTESIAN_POINT ( 'NONE',  ( 1.225000000000013856, 0.1499999999999999944, -0.7500000000000086597 ) ) ;
#3286 = LINE ( 'NONE', #4472, #6010 ) ;
#3287 = VERTEX_POINT ( 'NONE', #399 ) ;
#3288 = EDGE_CURVE ( 'NONE', #889, #1101, #1538, .T. ) ;
#3289 = DIRECTION ( 'NONE',  ( -0.000000000000000000, -1.000000000000000000, 0.000000000000000000 ) ) ;
#3290 = DIRECTION ( 'NONE',  ( 0.000000000000000000, 0.000000000000000000, 1.000000000000000000 ) ) ;
#3291 = DIRECTION ( 'NONE',  ( 0.000000000000000000, 0.000000000000000000, 1.000000000000000000 ) ) ;
#3292 = MANIFOLD_SOLID_BREP ( 'Boss-Extrude3', #3845 ) ;
#3293 = CARTESIAN_POINT ( 'NONE',  ( 0.4249999999999996003, 0.07499999999999999722, -1.500000000000000000 ) ) ;
#3294 = VERTEX_POINT ( 'NONE', #6024 ) ;
#3295 = DIRECTION ( 'NONE',  ( 0.000000000000000000, 1.000000000000000000, -0.000000000000000000 ) ) ;
#3296 = FACE_OUTER_BOUND ( 'NONE', #4138, .T. ) ;
#3297 = DIRECTION ( 'NONE',  ( -0.000000000000000000, -1.000000000000000000, 0.000000000000000000 ) ) ;
#3298 = ORIENTED_EDGE ( 'NONE', *, *, #6373, .T. ) ;
#3299 = DIRECTION ( 'NONE',  ( 0.000000000000000000, -1.000000000000000000, 0.000000000000000000 ) ) ;
#3300 = DIRECTION ( 'NONE',  ( 0.000000000000000000, -1.000000000000000000, 0.000000000000000000 ) ) ;
#3301 = ORIENTED_EDGE ( 'NONE', *, *, #5998, .F. ) ;
#3302 = EDGE_LOOP ( 'NONE', ( #4930, #260, #4026, #357 ) ) ;
#3303 = CARTESIAN_POINT ( 'NONE',  ( 0.4249999999999996003, 0.1499999999999999944, -1.224999999999996758 ) ) ;
#3304 = DIRECTION ( 'NONE',  ( 0.7071067811865464625, 0.000000000000000000, 0.7071067811865486830 ) ) ;
#3305 = CARTESIAN_POINT ( 'NONE',  ( 1.500000000000003331, 0.1499999999999999944, -0.3750000000000104361 ) ) ;
#3306 = AXIS2_PLACEMENT_3D ( 'NONE', #3055, #5109, #3587 ) ;
#3307 = EDGE_CURVE ( 'NONE', #987, #6436, #3551, .T. ) ;
#3308 = VECTOR ( 'NONE', #5280, 1000.000000000000114 ) ;
#3309 = CARTESIAN_POINT ( 'NONE',  ( -1.500000000000000222, 0.07499999999999999722, 0.6500000000000000222 ) ) ;
#3310 = ORIENTED_EDGE ( 'NONE', *, *, #1198, .T. ) ;
#3311 = EDGE_LOOP ( 'NONE', ( #4, #4069, #2978, #3651, #4802, #6292 ) ) ;
#3312 = AXIS2_PLACEMENT_3D ( 'NONE', #617, #5845, #3241 ) ;
#3313 = ORIENTED_EDGE ( 'NONE', *, *, #1441, .F. ) ;
#3314 = CARTESIAN_POINT ( 'NONE',  ( 0.4249999999999996003, 0.1499999999999999944, -1.499999999999996669 ) ) ;
#3315 = LINE ( 'NONE', #5345, #2022 ) ;
#3316 = ADVANCED_FACE ( 'NONE', ( #1413 ), #943, .F. ) ;
#3317 = VECTOR ( 'NONE', #4311, 1000.000000000000000 ) ;
#3318 = ORIENTED_EDGE ( 'NONE', *, *, #2784, .F. ) ;
#3319 = DIRECTION ( 'NONE',  ( 0.000000000000000000, 0.000000000000000000, 1.000000000000000000 ) ) ;
#3320 = CARTESIAN_POINT ( 'NONE',  ( 0.000000000000000000, 0.07499999999999999722, 0.000000000000000000 ) ) ;
#3321 = CARTESIAN_POINT ( 'NONE',  ( -1.415000000000000036, 0.1499999999999999944, 0.000000000000000000 ) ) ;
#3322 = DIRECTION ( 'NONE',  ( 0.000000000000000000, 0.000000000000000000, -1.000000000000000000 ) ) ;
#3323 = CARTESIAN_POINT ( 'NONE',  ( 0.4249999999999996003, 0.07499999999999999722, -1.450000000000000178 ) ) ;
#3324 = EDGE_CURVE ( 'NONE', #1431, #1594, #4501, .T. ) ;
#3325 = VECTOR ( 'NONE', #2235, 1000.000000000000000 ) ;
#3326 = PRESENTATION_LAYER_ASSIGNMENT (  '', '', ( #1619 ) ) ;
#3327 = AXIS2_PLACEMENT_3D ( 'NONE', #1853, #3421, #4876 ) ;
#3328 = LINE ( 'NONE', #5875, #83 ) ;
#3329 = DIRECTION ( 'NONE',  ( -0.000000000000000000, -1.000000000000000000, -0.000000000000000000 ) ) ;
#3330 = AXIS2_PLACEMENT_3D ( 'NONE', #480, #1524, #6695 ) ;
#3331 = ORIENTED_EDGE ( 'NONE', *, *, #3086, .T. ) ;
#3332 = VECTOR ( 'NONE', #3245, 1000.000000000000000 ) ;
#3333 = LINE ( 'NONE', #6003, #4183 ) ;
#3334 = VECTOR ( 'NONE', #6721, 1000.000000000000000 ) ;
#3335 = DIRECTION ( 'NONE',  ( 0.000000000000000000, 0.000000000000000000, 1.000000000000000000 ) ) ;
#3336 = CARTESIAN_POINT ( 'NONE',  ( 0.4249999999999996003, 0.07499999999999999722, 0.000000000000000000 ) ) ;
#3337 = DIRECTION ( 'NONE',  ( 0.000000000000000000, 0.000000000000000000, 1.000000000000000000 ) ) ;
#3338 = ORIENTED_EDGE ( 'NONE', *, *, #5346, .T. ) ;
#3339 = VECTOR ( 'NONE', #4778, 1000.000000000000114 ) ;
#3340 = VERTEX_POINT ( 'NONE', #5519 ) ;
#3341 = DIRECTION ( 'NONE',  ( 0.7071067811865517916, 0.000000000000000000, 0.7071067811865432429 ) ) ;
#3342 = ORIENTED_EDGE ( 'NONE', *, *, #2499, .F. ) ;
#3343 = ORIENTED_EDGE ( 'NONE', *, *, #3515, .F. ) ;
#3344 = VECTOR ( 'NONE', #1970, 1000.000000000000000 ) ;
#3345 = DIRECTION ( 'NONE',  ( 0.000000000000000000, 0.000000000000000000, 1.000000000000000000 ) ) ;
#3346 = CARTESIAN_POINT ( 'NONE',  ( 1.478457507934823013E-16, 0.07499999999999999722, -0.3750000000000109912 ) ) ;
#3347 = CARTESIAN_POINT ( 'NONE',  ( 0.000000000000000000, 0.07499999999999999722, 0.000000000000000000 ) ) ;
#3348 = FACE_OUTER_BOUND ( 'NONE', #5735, .T. ) ;
#3349 = ADVANCED_FACE ( 'NONE', ( #6639 ), #5626, .T. ) ;
#3350 = ORIENTED_EDGE ( 'NONE', *, *, #3566, .T. ) ;
#3351 = CYLINDRICAL_SURFACE ( 'NONE', #337, 0.1249999999999998890 ) ;
#3352 = EDGE_LOOP ( 'NONE', ( #293, #875, #2598, #6551 ) ) ;
#3353 = CARTESIAN_POINT ( 'NONE',  ( 0.1750000000000000167, 0.1499999999999999944, 1.499999999999996669 ) ) ;
#3354 = ORIENTED_EDGE ( 'NONE', *, *, #2961, .F. ) ;
#3355 = ORIENTED_EDGE ( 'NONE', *, *, #3603, .F. ) ;
#3356 = LINE ( 'NONE', #770, #2258 ) ;
#3357 = CARTESIAN_POINT ( 'NONE',  ( 1.225000000000008527, 0.1499999999999999944, 0.1249999999999894806 ) ) ;
#3358 = DIRECTION ( 'NONE',  ( 0.000000000000000000, -1.000000000000000000, 0.000000000000000000 ) ) ;
#3359 = ORIENTED_EDGE ( 'NONE', *, *, #3602, .T. ) ;
#3360 = LINE ( 'NONE', #951, #2011 ) ;
#3361 = ADVANCED_FACE ( 'NONE', ( #437 ), #988, .T. ) ;
#3362 = CARTESIAN_POINT ( 'NONE',  ( 0.000000000000000000, 0.1499999999999999944, -0.6500000000000001332 ) ) ;
#3363 = CARTESIAN_POINT ( 'NONE',  ( 0.9250000000000000444, 0.07499999999999999722, -3.646861852905789479E-16 ) ) ;
#3364 = LINE ( 'NONE', #202, #4622 ) ;
#3365 = CARTESIAN_POINT ( 'NONE',  ( 1.225000000000008527, 0.1499999999999999944, 0.1249999999999894806 ) ) ;
#3366 = EDGE_CURVE ( 'NONE', #637, #6206, #3880, .T. ) ;
#3367 = CARTESIAN_POINT ( 'NONE',  ( 1.500000000000010214, 0.1499999999999999944, 0.3749999999999890643 ) ) ;
#3368 = ORIENTED_EDGE ( 'NONE', *, *, #5217, .T. ) ;
#3369 = LINE ( 'NONE', #5500, #391 ) ;
#3370 = DIRECTION ( 'NONE',  ( 0.000000000000000000, -1.000000000000000000, 0.000000000000000000 ) ) ;
#3371 = DIRECTION ( 'NONE',  ( 0.000000000000000000, 0.000000000000000000, 1.000000000000000000 ) ) ;
#3372 = EDGE_LOOP ( 'NONE', ( #1235, #468, #5208, #3696, #6408, #2749 ) ) ;
#3373 = VERTEX_POINT ( 'NONE', #1503 ) ;
#3374 = ADVANCED_FACE ( 'NONE', ( #3057 ), #5113, .F. ) ;
#3375 = EDGE_LOOP ( 'NONE', ( #1669, #5633, #2038, #5416 ) ) ;
#3376 = VERTEX_POINT ( 'NONE', #4106 ) ;
#3377 = DIRECTION ( 'NONE',  ( -1.000000000000000000, -0.000000000000000000, -0.000000000000000000 ) ) ;
#3378 = DIRECTION ( 'NONE',  ( 1.000000000000000000, 0.000000000000000000, -6.938893903907246521E-15 ) ) ;
#3379 = DIRECTION ( 'NONE',  ( -0.000000000000000000, -1.000000000000000000, -0.000000000000000000 ) ) ;
#3380 = ORIENTED_EDGE ( 'NONE', *, *, #1150, .T. ) ;
#3381 = CARTESIAN_POINT ( 'NONE',  ( 1.499999999999999778, 0.8000000000000000444, -1.500000000000000000 ) ) ;
#3382 = ORIENTED_EDGE ( 'NONE', *, *, #1587, .T. ) ;
#3383 = ORIENTED_EDGE ( 'NONE', *, *, #4228, .F. ) ;
#3384 = VERTEX_POINT ( 'NONE', #361 ) ;
#3385 = CARTESIAN_POINT ( 'NONE',  ( 1.225000000000007194, 0.1499999999999999944, 0.7499999999999998890 ) ) ;
#3386 = DIRECTION ( 'NONE',  ( -0.000000000000000000, -1.000000000000000000, 0.000000000000000000 ) ) ;
#3387 = DIRECTION ( 'NONE',  ( 1.000000000000000000, 0.000000000000000000, 6.023345402696833799E-16 ) ) ;
#3388 = ORIENTED_EDGE ( 'NONE', *, *, #4908, .F. ) ;
#3389 = LINE ( 'NONE', #808, #3182 ) ;
#3390 = DIRECTION ( 'NONE',  ( -0.000000000000000000, 0.000000000000000000, -1.000000000000000000 ) ) ;
#3391 = DIRECTION ( 'NONE',  ( 0.000000000000000000, -1.000000000000000000, 0.000000000000000000 ) ) ;
#3392 = ADVANCED_FACE ( 'NONE', ( #3723 ), #3180, .F. ) ;
#3393 = LINE ( 'NONE', #372, #4197 ) ;
#3394 = LINE ( 'NONE', #1856, #1424 ) ;
#3395 = VECTOR ( 'NONE', #2534, 1000.000000000000000 ) ;
#3396 = CARTESIAN_POINT ( 'NONE',  ( -1.500000000000000222, 0.07499999999999999722, 1.500000000000000000 ) ) ;
#3397 = LINE ( 'NONE', #273, #3124 ) ;
#3398 = EDGE_CURVE ( 'NONE', #1189, #4979, #4167, .T. ) ;
#3399 = ORIENTED_EDGE ( 'NONE', *, *, #6176, .F. ) ;
#3400 = VECTOR ( 'NONE', #4644, 1000.000000000000000 ) ;
#3401 = CLOSED_SHELL ( 'NONE', ( #3374, #5814, #4603, #5755, #2751, #5846, #5295, #6075 ) ) ;
#3402 = FACE_OUTER_BOUND ( 'NONE', #6258, .T. ) ;
#3403 = ORIENTED_EDGE ( 'NONE', *, *, #3006, .T. ) ;
#3404 = DIRECTION ( 'NONE',  ( 1.000000000000000000, 0.000000000000000000, -2.710505431213768579E-15 ) ) ;
#3405 = VERTEX_POINT ( 'NONE', #43 ) ;
#3406 = CARTESIAN_POINT ( 'NONE',  ( 0.1750000000000000167, 0.000000000000000000, 0.000000000000000000 ) ) ;
#3407 = DIRECTION ( 'NONE',  ( 1.000000000000000000, 0.000000000000000000, -0.000000000000000000 ) ) ;
#3408 = ADVANCED_FACE ( 'NONE', ( #562 ), #6325, .F. ) ;
#3409 = DIRECTION ( 'NONE',  ( 0.000000000000000000, 1.000000000000000000, -0.000000000000000000 ) ) ;
#3410 = VERTEX_POINT ( 'NONE', #1570 ) ;
#3411 = ORIENTED_EDGE ( 'NONE', *, *, #1262, .T. ) ;
#3412 = ORIENTED_EDGE ( 'NONE', *, *, #572, .T. ) ;
#3413 = ORIENTED_EDGE ( 'NONE', *, *, #4883, .T. ) ;
#3414 = DIRECTION ( 'NONE',  ( 0.000000000000000000, 0.000000000000000000, -1.000000000000000000 ) ) ;
#3415 = LINE ( 'NONE', #3357, #2988 ) ;
#3416 = CARTESIAN_POINT ( 'NONE',  ( 0.9249999999999994893, 0.07499999999999999722, -1.500000000000000000 ) ) ;
#3417 = AXIS2_PLACEMENT_3D ( 'NONE', #3487, #6100, #882 ) ;
#3418 = CARTESIAN_POINT ( 'NONE',  ( 0.000000000000000000, 0.1499999999999999944, 0.1499999999999999667 ) ) ;
#3419 = DIRECTION ( 'NONE',  ( 7.885106708985491006E-16, 0.000000000000000000, -1.000000000000000000 ) ) ;
#3420 = CARTESIAN_POINT ( 'NONE',  ( 0.2999999999999999334, 0.1499999999999999944, 1.224999999999996758 ) ) ;
#3421 = DIRECTION ( 'NONE',  ( -0.000000000000000000, 1.000000000000000000, 0.000000000000000000 ) ) ;
#3422 = VECTOR ( 'NONE', #1455, 1000.000000000000000 ) ;
#3423 = DIRECTION ( 'NONE',  ( -6.938893903907240211E-15, 0.000000000000000000, -1.000000000000000000 ) ) ;
#3424 = EDGE_CURVE ( 'NONE', #1902, #4339, #1697, .T. ) ;
#3425 = VECTOR ( 'NONE', #2295, 1000.000000000000000 ) ;
#3426 = CARTESIAN_POINT ( 'NONE',  ( -1.460000000000000409, 0.07499999999999999722, -0.8500000000000000888 ) ) ;
#3427 = CARTESIAN_POINT ( 'NONE',  ( -1.450000000000000400, 0.000000000000000000, -1.450000000000000178 ) ) ;
#3428 = EDGE_CURVE ( 'NONE', #4979, #2649, #113, .T. ) ;
#3429 = EDGE_CURVE ( 'NONE', #5270, #6094, #6194, .T. ) ;
#3430 = DIRECTION ( 'NONE',  ( 0.000000000000000000, 0.000000000000000000, 1.000000000000000000 ) ) ;
#3431 = VECTOR ( 'NONE', #1603, 1000.000000000000000 ) ;
#3432 = DIRECTION ( 'NONE',  ( 0.000000000000000000, 0.000000000000000000, 1.000000000000000000 ) ) ;
#3433 = AXIS2_PLACEMENT_3D ( 'NONE', #4064, #6127, #2952 ) ;
#3434 = ORIENTED_EDGE ( 'NONE', *, *, #4426, .F. ) ;
#3435 = ORIENTED_EDGE ( 'NONE', *, *, #5669, .F. ) ;
#3436 = VECTOR ( 'NONE', #2746, 1000.000000000000000 ) ;
#3437 = AXIS2_PLACEMENT_3D ( 'NONE', #6356, #3203, #4385 ) ;
#3438 = ADVANCED_FACE ( 'NONE', ( #5179 ), #1097, .F. ) ;
#3439 = PLANE ( 'NONE',  #4915 ) ;
#3440 = VECTOR ( 'NONE', #4312, 1000.000000000000000 ) ;
#3441 = EDGE_CURVE ( 'NONE', #4553, #1443, #4233, .T. ) ;
#3442 = ORIENTED_EDGE ( 'NONE', *, *, #4648, .F. ) ;
#3443 = LINE ( 'NONE', #4491, #4817 ) ;
#3444 = EDGE_LOOP ( 'NONE', ( #434, #3388, #4672, #556 ) ) ;
#3445 = DIRECTION ( 'NONE',  ( -0.000000000000000000, -1.000000000000000000, -0.000000000000000000 ) ) ;
#3446 = DIRECTION ( 'NONE',  ( -1.000000000000000000, 0.000000000000000000, -3.942553354492745503E-16 ) ) ;
#3447 = AXIS2_PLACEMENT_3D ( 'NONE', #1821, #4455, #6077 ) ;
#3448 = CARTESIAN_POINT ( 'NONE',  ( 0.6750000000000004885, 0.000000000000000000, -2.661223514282605199E-16 ) ) ;
#3449 = EDGE_LOOP ( 'NONE', ( #4287, #443, #5774, #4936, #1502 ) ) ;
#3450 = VECTOR ( 'NONE', #3261, 1000.000000000000000 ) ;
#3451 = ORIENTED_EDGE ( 'NONE', *, *, #4790, .F. ) ;
#3452 = VECTOR ( 'NONE', #663, 1000.000000000000000 ) ;
#3453 = EDGE_CURVE ( 'NONE', #3200, #6422, #5689, .T. ) ;
#3454 = ORIENTED_EDGE ( 'NONE', *, *, #5560, .F. ) ;
#3455 = STYLED_ITEM ( 'NONE', ( #146 ), #4484 ) ;
#3456 = ORIENTED_EDGE ( 'NONE', *, *, #2953, .T. ) ;
#3457 =( NAMED_UNIT ( * ) PLANE_ANGLE_UNIT ( ) SI_UNIT ( $, .RADIAN. ) );
#3458 = CARTESIAN_POINT ( 'NONE',  ( 0.2999999999999999334, 0.1499999999999999944, -1.224999999999996758 ) ) ;
#3459 = EDGE_CURVE ( 'NONE', #5672, #1418, #6227, .T. ) ;
#3460 = LINE ( 'NONE', #4542, #2461 ) ;
#3461 = DIRECTION ( 'NONE',  ( 0.7071067811865464625, 0.000000000000000000, 0.7071067811865486830 ) ) ;
#3462 = CARTESIAN_POINT ( 'NONE',  ( 0.9249999999999998224, 0.1499999999999999944, 1.224999999999996536 ) ) ;
#3463 = CARTESIAN_POINT ( 'NONE',  ( 1.449999999999999956, 0.07499999999999999722, 0.6249999999999897859 ) ) ;
#3464 = LINE ( 'NONE', #1387, #3625 ) ;
#3465 = LINE ( 'NONE', #6041, #6562 ) ;
#3466 = EDGE_CURVE ( 'NONE', #6331, #927, #629, .T. ) ;
#3467 = ORIENTED_EDGE ( 'NONE', *, *, #2143, .T. ) ;
#3468 = CARTESIAN_POINT ( 'NONE',  ( -1.500000000000000222, 0.07499999999999999722, -1.500000000000000000 ) ) ;
#3469 = DIRECTION ( 'NONE',  ( 0.000000000000000000, 0.000000000000000000, 1.000000000000000000 ) ) ;
#3470 = FACE_OUTER_BOUND ( 'NONE', #3689, .T. ) ;
#3471 = VERTEX_POINT ( 'NONE', #4699 ) ;
#3472 = ORIENTED_EDGE ( 'NONE', *, *, #6391, .F. ) ;
#3473 = ORIENTED_EDGE ( 'NONE', *, *, #4304, .F. ) ;
#3474 = CARTESIAN_POINT ( 'NONE',  ( 1.449999999999999956, 0.1499999999999999944, 0.1249999999999896472 ) ) ;
#3475 = VERTEX_POINT ( 'NONE', #494 ) ;
#3476 = DIRECTION ( 'NONE',  ( -0.7071067811865475727, 0.000000000000000000, -0.7071067811865475727 ) ) ;
#3477 = FACE_OUTER_BOUND ( 'NONE', #536, .T. ) ;
#3478 = CARTESIAN_POINT ( 'NONE',  ( -1.450000000000000400, 0.07499999999999999722, 0.6500000000000001332 ) ) ;
#3479 = ADVANCED_FACE ( 'NONE', ( #1125 ), #2144, .T. ) ;
#3480 = ORIENTED_EDGE ( 'NONE', *, *, #6722, .F. ) ;
#3481 = ORIENTED_EDGE ( 'NONE', *, *, #4139, .F. ) ;
#3482 = ORIENTED_EDGE ( 'NONE', *, *, #2050, .F. ) ;
#3483 = CARTESIAN_POINT ( 'NONE',  ( 0.7999999999999998224, 0.1499999999999999944, 1.225000000000000089 ) ) ;
#3484 = DIRECTION ( 'NONE',  ( 0.000000000000000000, 0.000000000000000000, 1.000000000000000000 ) ) ;
#3485 = EDGE_CURVE ( 'NONE', #3615, #3123, #1641, .T. ) ;
#3486 = ORIENTED_EDGE ( 'NONE', *, *, #1220, .F. ) ;
#3487 = CARTESIAN_POINT ( 'NONE',  ( -2.303929616531727293E-15, 0.1499999999999999944, 0.8500000000000040856 ) ) ;
#3488 = ORIENTED_EDGE ( 'NONE', *, *, #4838, .F. ) ;
#3489 = LINE ( 'NONE', #502, #609 ) ;
#3490 = DIRECTION ( 'NONE',  ( 0.7071067811865500152, 0.000000000000000000, -0.7071067811865450192 ) ) ;
#3491 = EDGE_CURVE ( 'NONE', #1489, #2758, #2684, .T. ) ;
#3492 = UNCERTAINTY_MEASURE_WITH_UNIT (LENGTH_MEASURE( 1.000000000000000082E-05 ), #2863, 'distance_accuracy_value', 'NONE');
#3493 = PLANE ( 'NONE',  #4729 ) ;
#3494 = CARTESIAN_POINT ( 'NONE',  ( 0.000000000000000000, 0.000000000000000000, 0.000000000000000000 ) ) ;
#3495 = CARTESIAN_POINT ( 'NONE',  ( 0.09749999999999874045, 0.1499999999999999944, -0.09749999999999843514 ) ) ;
#3496 = PLANE ( 'NONE',  #2581 ) ;
#3497 = ORIENTED_EDGE ( 'NONE', *, *, #827, .T. ) ;
#3498 = DIRECTION ( 'NONE',  ( 0.000000000000000000, -1.000000000000000000, 0.000000000000000000 ) ) ;
#3499 = CARTESIAN_POINT ( 'NONE',  ( 5.421010862427545836E-15, 0.07499999999999999722, 0.6250000000000024425 ) ) ;
#3500 = VERTEX_POINT ( 'NONE', #1665 ) ;
#3501 = EDGE_LOOP ( 'NONE', ( #5415, #5279, #792, #1447, #1688, #2848, #5850, #5980, #281, #2002, #5482, #1803 ) ) ;
#3502 = CARTESIAN_POINT ( 'NONE',  ( 1.449999999999999956, 0.07499999999999999722, 0.1249999999999897027 ) ) ;
#3503 = VERTEX_POINT ( 'NONE', #5784 ) ;
#3504 = CARTESIAN_POINT ( 'NONE',  ( 0.6750000000000000444, 0.000000000000000000, 1.225000000000000089 ) ) ;
#3505 = ORIENTED_EDGE ( 'NONE', *, *, #315, .F. ) ;
#3506 = LINE ( 'NONE', #6559, #5386 ) ;
#3507 = PLANE ( 'NONE',  #513 ) ;
#3508 = VECTOR ( 'NONE', #1777, 1000.000000000000000 ) ;
#3509 = CARTESIAN_POINT ( 'NONE',  ( 1.449999999999999956, 0.000000000000000000, -0.1250000000000101030 ) ) ;
#3510 = ADVANCED_FACE ( 'NONE', ( #1154 ), #5271, .T. ) ;
#3511 = VERTEX_POINT ( 'NONE', #3089 ) ;
#3512 = CARTESIAN_POINT ( 'NONE',  ( 1.449999999999999956, 0.07499999999999999722, 1.450000000000000178 ) ) ;
#3513 = EDGE_CURVE ( 'NONE', #5347, #5219, #2590, .T. ) ;
#3514 = VERTEX_POINT ( 'NONE', #144 ) ;
#3515 = EDGE_CURVE ( 'NONE', #79, #356, #5409, .T. ) ;
#3516 = DIRECTION ( 'NONE',  ( -0.7071067811865464625, 0.000000000000000000, -0.7071067811865486830 ) ) ;
#3517 = DIRECTION ( 'NONE',  ( 1.000000000000000000, 0.000000000000000000, -1.498170274707243380E-14 ) ) ;
#3518 = AXIS2_PLACEMENT_3D ( 'NONE', #426, #4025, #895 ) ;
#3519 = ORIENTED_EDGE ( 'NONE', *, *, #743, .F. ) ;
#3520 = AXIS2_PLACEMENT_3D ( 'NONE', #2290, #3386, #297 ) ;
#3521 = CARTESIAN_POINT ( 'NONE',  ( -1.450000000000000400, 0.1499999999999999944, -0.8600000000000003197 ) ) ;
#3522 = ORIENTED_EDGE ( 'NONE', *, *, #850, .T. ) ;
#3523 = ADVANCED_FACE ( 'NONE', ( #5441 ), #2774, .T. ) ;
#3524 = LINE ( 'NONE', #4649, #1172 ) ;
#3525 = FACE_OUTER_BOUND ( 'NONE', #4993, .T. ) ;
#3526 = AXIS2_PLACEMENT_3D ( 'NONE', #6348, #6245, #1717 ) ;
#3527 = VECTOR ( 'NONE', #5013, 1000.000000000000000 ) ;
#3528 = DIRECTION ( 'NONE',  ( 0.000000000000000000, 1.000000000000000000, -0.000000000000000000 ) ) ;
#3529 = VECTOR ( 'NONE', #1148, 1000.000000000000000 ) ;
#3530 = EDGE_CURVE ( 'NONE', #1265, #6172, #1793, .T. ) ;
#3531 = CARTESIAN_POINT ( 'NONE',  ( 1.946635718781038004E-14, 0.000000000000000000, -0.6250000000000470735 ) ) ;
#3532 = VERTEX_POINT ( 'NONE', #793 ) ;
#3533 = FACE_OUTER_BOUND ( 'NONE', #4604, .T. ) ;
#3534 = DIRECTION ( 'NONE',  ( -0.000000000000000000, -1.000000000000000000, -0.000000000000000000 ) ) ;
#3535 = ORIENTED_EDGE ( 'NONE', *, *, #1412, .T. ) ;
#3536 = VECTOR ( 'NONE', #3063, 1000.000000000000000 ) ;
#3537 = PLANE ( 'NONE',  #3518 ) ;
#3538 = ORIENTED_EDGE ( 'NONE', *, *, #1098, .F. ) ;
#3539 = EDGE_CURVE ( 'NONE', #4736, #1300, #6147, .T. ) ;
#3540 = ORIENTED_EDGE ( 'NONE', *, *, #2239, .T. ) ;
#3541 = AXIS2_PLACEMENT_3D ( 'NONE', #3483, #1445, #2419 ) ;
#3542 = CARTESIAN_POINT ( 'NONE',  ( -1.450000000000000400, 0.1499999999999999944, 0.8600000000000000977 ) ) ;
#3543 = DIRECTION ( 'NONE',  ( 0.000000000000000000, 1.000000000000000000, -0.000000000000000000 ) ) ;
#3544 = FACE_OUTER_BOUND ( 'NONE', #3140, .T. ) ;
#3545 = VERTEX_POINT ( 'NONE', #3900 ) ;
#3546 = CIRCLE ( 'NONE', #4203, 0.1249999999999998890 ) ;
#3547 = ORIENTED_EDGE ( 'NONE', *, *, #1249, .F. ) ;
#3548 = VERTEX_POINT ( 'NONE', #6495 ) ;
#3549 = VECTOR ( 'NONE', #2278, 1000.000000000000000 ) ;
#3550 = VERTEX_POINT ( 'NONE', #5372 ) ;
#3551 = LINE ( 'NONE', #3024, #290 ) ;
#3552 = ADVANCED_FACE ( 'NONE', ( #1762 ), #3825, .F. ) ;
#3553 = DIRECTION ( 'NONE',  ( 0.000000000000000000, 0.000000000000000000, -1.000000000000000000 ) ) ;
#3554 = PLANE ( 'NONE',  #2101 ) ;
#3555 = AXIS2_PLACEMENT_3D ( 'NONE', #4609, #1066, #370 ) ;
#3556 = CARTESIAN_POINT ( 'NONE',  ( -1.450000000000000400, 0.07499999999999999722, -1.450000000000000178 ) ) ;
#3557 = ORIENTED_EDGE ( 'NONE', *, *, #3459, .F. ) ;
#3558 = EDGE_CURVE ( 'NONE', #3340, #3471, #4891, .T. ) ;
#3559 = AXIS2_PLACEMENT_3D ( 'NONE', #4036, #6535, #3517 ) ;
#3560 = VECTOR ( 'NONE', #6195, 1000.000000000000000 ) ;
#3561 = LINE ( 'NONE', #4573, #4395 ) ;
#3562 = ORIENTED_EDGE ( 'NONE', *, *, #5436, .F. ) ;
#3563 = CARTESIAN_POINT ( 'NONE',  ( -1.415000000000000036, 0.000000000000000000, -0.000000000000000000 ) ) ;
#3564 = DIRECTION ( 'NONE',  ( -0.000000000000000000, -1.000000000000000000, 0.000000000000000000 ) ) ;
#3565 = CARTESIAN_POINT ( 'NONE',  ( 1.500000000000003331, 0.1499999999999999944, -0.3750000000000104361 ) ) ;
#3566 = EDGE_CURVE ( 'NONE', #622, #4964, #1255, .T. ) ;
#3567 = ADVANCED_FACE ( 'NONE', ( #726 ), #5819, .F. ) ;
#3568 = CARTESIAN_POINT ( 'NONE',  ( 0.000000000000000000, 0.07499999999999999722, 0.000000000000000000 ) ) ;
#3569 = LINE ( 'NONE', #3495, #3619 ) ;
#3570 = LINE ( 'NONE', #920, #5259 ) ;
#3571 = DIRECTION ( 'NONE',  ( 6.938893903907240211E-15, 0.000000000000000000, 1.000000000000000000 ) ) ;
#3572 = CARTESIAN_POINT ( 'NONE',  ( -1.450000000000000400, 0.000000000000000000, -0.8600000000000003197 ) ) ;
#3573 = VERTEX_POINT ( 'NONE', #3303 ) ;
#3574 = EDGE_CURVE ( 'NONE', #5446, #2337, #5953, .T. ) ;
#3575 = ORIENTED_EDGE ( 'NONE', *, *, #2218, .T. ) ;
#3576 = DIRECTION ( 'NONE',  ( 0.000000000000000000, 1.000000000000000000, 0.000000000000000000 ) ) ;
#3577 = ORIENTED_EDGE ( 'NONE', *, *, #265, .T. ) ;
#3578 = FACE_OUTER_BOUND ( 'NONE', #3444, .T. ) ;
#3579 = CARTESIAN_POINT ( 'NONE',  ( 0.000000000000000000, 0.1499999999999999944, 1.500000000000000000 ) ) ;
#3580 = LINE ( 'NONE', #1532, #3781 ) ;
#3581 = DIRECTION ( 'NONE',  ( 0.000000000000000000, 1.000000000000000000, -0.000000000000000000 ) ) ;
#3582 = ORIENTED_EDGE ( 'NONE', *, *, #2095, .F. ) ;
#3583 = VERTEX_POINT ( 'NONE', #2745 ) ;
#3584 = ADVANCED_FACE ( 'NONE', ( #2872 ), #4925, .T. ) ;
#3585 = ORIENTED_EDGE ( 'NONE', *, *, #538, .T. ) ;
#3586 = LINE ( 'NONE', #5581, #1116 ) ;
#3587 = DIRECTION ( 'NONE',  ( -0.7071067811865500152, 0.000000000000000000, 0.7071067811865450192 ) ) ;
#3588 = ORIENTED_EDGE ( 'NONE', *, *, #2939, .T. ) ;
#3589 = FILL_AREA_STYLE_COLOUR ( '', #6138 ) ;
#3590 = SURFACE_STYLE_FILL_AREA ( #1539 ) ;
#3591 = DIRECTION ( 'NONE',  ( 0.000000000000000000, -1.000000000000000000, 0.000000000000000000 ) ) ;
#3592 = EDGE_LOOP ( 'NONE', ( #1558, #551, #6069, #5677 ) ) ;
#3593 = CIRCLE ( 'NONE', #4140, 0.2500000000000000000 ) ;
#3594 = FACE_OUTER_BOUND ( 'NONE', #1732, .T. ) ;
#3595 = ORIENTED_EDGE ( 'NONE', *, *, #5453, .T. ) ;
#3596 = LINE ( 'NONE', #3974, #3536 ) ;
#3597 = LINE ( 'NONE', #6580, #6339 ) ;
#3598 = CARTESIAN_POINT ( 'NONE',  ( -1.450000000000000400, 0.1499999999999999944, 0.6500000000000000222 ) ) ;
#3599 = CARTESIAN_POINT ( 'NONE',  ( 0.000000000000000000, 0.000000000000000000, 0.1000000000000000056 ) ) ;
#3600 = LINE ( 'NONE', #5670, #3093 ) ;
#3601 = FACE_OUTER_BOUND ( 'NONE', #6462, .T. ) ;
#3602 = EDGE_CURVE ( 'NONE', #289, #566, #3795, .T. ) ;
#3603 = EDGE_CURVE ( 'NONE', #6638, #1300, #284, .T. ) ;
#3604 = DIRECTION ( 'NONE',  ( 0.000000000000000000, 0.000000000000000000, 1.000000000000000000 ) ) ;
#3605 = DIRECTION ( 'NONE',  ( 0.000000000000000000, 0.000000000000000000, 1.000000000000000000 ) ) ;
#3606 = ORIENTED_EDGE ( 'NONE', *, *, #563, .F. ) ;
#3607 = ORIENTED_EDGE ( 'NONE', *, *, #4772, .F. ) ;
#3608 = CARTESIAN_POINT ( 'NONE',  ( -1.415000000000000036, 0.1499999999999999944, -0.3850000000000003419 ) ) ;
#3609 = EDGE_LOOP ( 'NONE', ( #5608, #3800, #6556, #6599, #2557, #1467 ) ) ;
#3610 = EDGE_CURVE ( 'NONE', #2655, #1104, #5306, .T. ) ;
#3611 = DIRECTION ( 'NONE',  ( -1.000000000000000000, 0.000000000000000000, 0.000000000000000000 ) ) ;
#3612 = LINE ( 'NONE', #460, #6692 ) ;
#3613 = CARTESIAN_POINT ( 'NONE',  ( 1.449999999999999956, 0.07499999999999999722, 1.450000000000000178 ) ) ;
#3614 = EDGE_LOOP ( 'NONE', ( #4289, #3266, #485, #3687 ) ) ;
#3615 = VERTEX_POINT ( 'NONE', #6464 ) ;
#3616 = VERTEX_POINT ( 'NONE', #5856 ) ;
#3617 = ORIENTED_EDGE ( 'NONE', *, *, #169, .T. ) ;
#3618 = VERTEX_POINT ( 'NONE', #1832 ) ;
#3619 = VECTOR ( 'NONE', #6617, 1000.000000000000000 ) ;
#3620 = EDGE_CURVE ( 'NONE', #4053, #2169, #1331, .T. ) ;
#3621 = CARTESIAN_POINT ( 'NONE',  ( 0.09749999999999874045, 0.1499999999999999944, -0.09749999999999843514 ) ) ;
#3622 = LINE ( 'NONE', #1667, #3431 ) ;
#3623 = DIRECTION ( 'NONE',  ( 0.000000000000000000, 0.000000000000000000, 1.000000000000000000 ) ) ;
#3624 = EDGE_LOOP ( 'NONE', ( #3497, #80, #1395, #1843 ) ) ;
#3625 = VECTOR ( 'NONE', #5600, 1000.000000000000000 ) ;
#3626 = CARTESIAN_POINT ( 'NONE',  ( 1.225000000000007194, 0.1499999999999999944, 0.7499999999999998890 ) ) ;
#3627 = CARTESIAN_POINT ( 'NONE',  ( -1.415000000000000036, 0.000000000000000000, -0.6150000000000003242 ) ) ;
#3628 = VERTEX_POINT ( 'NONE', #691 ) ;
#3629 = FACE_OUTER_BOUND ( 'NONE', #5705, .T. ) ;
#3630 = DIRECTION ( 'NONE',  ( 0.000000000000000000, 1.000000000000000000, -0.000000000000000000 ) ) ;
#3631 = VECTOR ( 'NONE', #6377, 1000.000000000000000 ) ;
#3632 = UNCERTAINTY_MEASURE_WITH_UNIT (LENGTH_MEASURE( 1.000000000000000082E-05 ), #4272, 'distance_accuracy_value', 'NONE');
#3633 = CARTESIAN_POINT ( 'NONE',  ( 1.225000000000008527, 0.1499999999999999944, 0.2499999999999913403 ) ) ;
#3634 = DIRECTION ( 'NONE',  ( 0.000000000000000000, 1.000000000000000000, -0.000000000000000000 ) ) ;
#3635 = CARTESIAN_POINT ( 'NONE',  ( 0.6749999999999999334, 0.000000000000000000, -1.450000000000000178 ) ) ;
#3636 = CARTESIAN_POINT ( 'NONE',  ( -1.500000000000000222, 0.1499999999999999944, 0.000000000000000000 ) ) ;
#3637 = VERTEX_POINT ( 'NONE', #5334 ) ;
#3638 = AXIS2_PLACEMENT_3D ( 'NONE', #3153, #4207, #3702 ) ;
#3639 = EDGE_CURVE ( 'NONE', #3340, #2040, #4102, .T. ) ;
#3640 = CARTESIAN_POINT ( 'NONE',  ( -0.5499999999999894973, 0.000000000000000000, -0.1499999999999999667 ) ) ;
#3641 = VERTEX_POINT ( 'NONE', #3049 ) ;
#3642 = VECTOR ( 'NONE', #2365, 1000.000000000000000 ) ;
#3643 = DIRECTION ( 'NONE',  ( 0.000000000000000000, -0.000000000000000000, 1.000000000000000000 ) ) ;
#3644 = ORIENTED_EDGE ( 'NONE', *, *, #5214, .T. ) ;
#3645 = LINE ( 'NONE', #6083, #5700 ) ;
#3646 = ORIENTED_EDGE ( 'NONE', *, *, #694, .F. ) ;
#3647 = DIRECTION ( 'NONE',  ( -1.000000000000000000, 0.000000000000000000, -0.000000000000000000 ) ) ;
#3648 = VECTOR ( 'NONE', #5601, 1000.000000000000000 ) ;
#3649 = DIRECTION ( 'NONE',  ( -0.000000000000000000, -1.000000000000000000, -0.000000000000000000 ) ) ;
#3650 = VERTEX_POINT ( 'NONE', #2441 ) ;
#3651 = ORIENTED_EDGE ( 'NONE', *, *, #5884, .T. ) ;
#3652 = ORIENTED_EDGE ( 'NONE', *, *, #580, .T. ) ;
#3653 = ADVANCED_FACE ( 'NONE', ( #6525 ), #3998, .F. ) ;
#3654 = EDGE_CURVE ( 'NONE', #4333, #3650, #4493, .T. ) ;
#3655 = DIRECTION ( 'NONE',  ( 0.000000000000000000, -1.000000000000000000, 0.000000000000000000 ) ) ;
#3656 = CIRCLE ( 'NONE', #172, 0.1000000000000000194 ) ;
#3657 = AXIS2_PLACEMENT_3D ( 'NONE', #3099, #676, #4710 ) ;
#3658 = LINE ( 'NONE', #5723, #5783 ) ;
#3659 = ORIENTED_EDGE ( 'NONE', *, *, #6391, .T. ) ;
#3660 = CARTESIAN_POINT ( 'NONE',  ( 5.421010862427545836E-15, 0.07499999999999999722, 0.6250000000000024425 ) ) ;
#3661 = DIRECTION ( 'NONE',  ( 1.182766006347807923E-15, 0.000000000000000000, -1.000000000000000000 ) ) ;
#3662 = VECTOR ( 'NONE', #6387, 1000.000000000000000 ) ;
#3663 = CARTESIAN_POINT ( 'NONE',  ( -1.450000000000000400, 0.07499999999999999722, -1.450000000000000178 ) ) ;
#3664 = ORIENTED_EDGE ( 'NONE', *, *, #3249, .T. ) ;
#3665 = EDGE_CURVE ( 'NONE', #5270, #5851, #4027, .T. ) ;
#3666 = DIRECTION ( 'NONE',  ( -1.000000000000000000, 0.000000000000000000, -7.885106708985491006E-16 ) ) ;
#3667 = VECTOR ( 'NONE', #6663, 1000.000000000000000 ) ;
#3668 = DIRECTION ( 'NONE',  ( 0.000000000000000000, 0.000000000000000000, 1.000000000000000000 ) ) ;
#3669 = ORIENTED_EDGE ( 'NONE', *, *, #2945, .F. ) ;
#3670 = VECTOR ( 'NONE', #3445, 1000.000000000000000 ) ;
#3671 = DIRECTION ( 'NONE',  ( -1.000000000000000000, 0.000000000000000000, -0.000000000000000000 ) ) ;
#3672 =( NAMED_UNIT ( * ) PLANE_ANGLE_UNIT ( ) SI_UNIT ( $, .RADIAN. ) );
#3673 = VECTOR ( 'NONE', #4825, 1000.000000000000000 ) ;
#3674 = EDGE_CURVE ( 'NONE', #2486, #1064, #868, .T. ) ;
#3675 = DIRECTION ( 'NONE',  ( 0.000000000000000000, 0.000000000000000000, -1.000000000000000000 ) ) ;
#3676 = DIRECTION ( 'NONE',  ( 0.000000000000000000, 1.000000000000000000, -0.000000000000000000 ) ) ;
#3677 = AXIS2_PLACEMENT_3D ( 'NONE', #3926, #392, #6058 ) ;
#3678 = AXIS2_PLACEMENT_3D ( 'NONE', #3797, #5890, #6366 ) ;
#3679 = DIRECTION ( 'NONE',  ( 0.000000000000000000, 0.000000000000000000, -1.000000000000000000 ) ) ;
#3680 = VERTEX_POINT ( 'NONE', #459 ) ;
#3681 = CARTESIAN_POINT ( 'NONE',  ( -1.500000000000000222, 0.1499999999999999944, 0.000000000000000000 ) ) ;
#3682 = FILL_AREA_STYLE_COLOUR ( '', #268 ) ;
#3683 = EDGE_LOOP ( 'NONE', ( #1329, #4620, #134, #1900 ) ) ;
#3684 = EDGE_CURVE ( 'NONE', #424, #4460, #320, .T. ) ;
#3685 = DIRECTION ( 'NONE',  ( -0.000000000000000000, 1.000000000000000000, 0.000000000000000000 ) ) ;
#3686 = PLANE ( 'NONE',  #2555 ) ;
#3687 = ORIENTED_EDGE ( 'NONE', *, *, #1441, .T. ) ;
#3688 = FACE_OUTER_BOUND ( 'NONE', #2382, .T. ) ;
#3689 = EDGE_LOOP ( 'NONE', ( #3046, #4559, #111, #6372 ) ) ;
#3690 = DIRECTION ( 'NONE',  ( -1.000000000000000000, 0.000000000000000000, 8.673617379884040205E-15 ) ) ;
#3691 = DIRECTION ( 'NONE',  ( -1.000000000000000000, 0.000000000000000000, -3.942553354492745503E-16 ) ) ;
#3692 = ORIENTED_EDGE ( 'NONE', *, *, #5515, .F. ) ;
#3693 = ORIENTED_EDGE ( 'NONE', *, *, #2518, .F. ) ;
#3694 = ORIENTED_EDGE ( 'NONE', *, *, #2784, .T. ) ;
#3695 = ORIENTED_EDGE ( 'NONE', *, *, #4750, .T. ) ;
#3696 = ORIENTED_EDGE ( 'NONE', *, *, #198, .T. ) ;
#3697 = CARTESIAN_POINT ( 'NONE',  ( -1.415000000000000036, 0.1499999999999999944, -0.000000000000000000 ) ) ;
#3698 = PLANE ( 'NONE',  #2707 ) ;
#3699 = EDGE_CURVE ( 'NONE', #3511, #1294, #3506, .T. ) ;
#3700 = DIRECTION ( 'NONE',  ( 7.885106708985491006E-16, 0.000000000000000000, -1.000000000000000000 ) ) ;
#3701 = VERTEX_POINT ( 'NONE', #977 ) ;
#3702 = DIRECTION ( 'NONE',  ( 1.000000000000000000, 0.000000000000000000, 3.942553354492745503E-16 ) ) ;
#3703 = CARTESIAN_POINT ( 'NONE',  ( 1.225000000000005196, 0.000000000000000000, -0.1250000000000068279 ) ) ;
#3704 = ORIENTED_EDGE ( 'NONE', *, *, #4146, .T. ) ;
#3705 = CARTESIAN_POINT ( 'NONE',  ( 1.449999999999999956, 0.07499999999999999722, 1.450000000000000178 ) ) ;
#3706 = CARTESIAN_POINT ( 'NONE',  ( 0.4249999999999996003, 0.07499999999999999722, 1.500000000000000000 ) ) ;
#3707 = ADVANCED_FACE ( 'NONE', ( #5103 ), #832, .T. ) ;
#3708 = UNCERTAINTY_MEASURE_WITH_UNIT (LENGTH_MEASURE( 1.000000000000000082E-05 ), #3202, 'distance_accuracy_value', 'NONE');
#3709 = DIRECTION ( 'NONE',  ( 0.000000000000000000, 0.000000000000000000, -1.000000000000000000 ) ) ;
#3710 = CARTESIAN_POINT ( 'NONE',  ( 0.000000000000000000, 0.1499999999999999944, -0.1499999999999999667 ) ) ;
#3711 = ORIENTED_EDGE ( 'NONE', *, *, #5312, .F. ) ;
#3712 = ADVANCED_FACE ( 'NONE', ( #1895 ), #5981, .T. ) ;
#3713 = DIRECTION ( 'NONE',  ( -0.7071067811865493491, 0.000000000000000000, -0.7071067811865456854 ) ) ;
#3714 = CYLINDRICAL_SURFACE ( 'NONE', #3205, 0.1249999999999998890 ) ;
#3715 = CYLINDRICAL_SURFACE ( 'NONE', #308, 0.1250000000000018319 ) ;
#3716 = ORIENTED_EDGE ( 'NONE', *, *, #5053, .T. ) ;
#3717 = LINE ( 'NONE', #682, #56 ) ;
#3718 = DIRECTION ( 'NONE',  ( -1.000000000000000000, 0.000000000000000000, -0.000000000000000000 ) ) ;
#3719 = FACE_OUTER_BOUND ( 'NONE', #2116, .T. ) ;
#3720 = ORIENTED_EDGE ( 'NONE', *, *, #2552, .F. ) ;
#3721 = ORIENTED_EDGE ( 'NONE', *, *, #16, .T. ) ;
#3722 = VERTEX_POINT ( 'NONE', #933 ) ;
#3723 = FACE_OUTER_BOUND ( 'NONE', #4812, .T. ) ;
#3724 = DIRECTION ( 'NONE',  ( -1.000000000000000000, 0.000000000000000000, -3.942553354492745503E-16 ) ) ;
#3725 = LINE ( 'NONE', #1058, #4317 ) ;
#3726 = FACE_OUTER_BOUND ( 'NONE', #6123, .T. ) ;
#3727 = EDGE_CURVE ( 'NONE', #4794, #3054, #6056, .T. ) ;
#3728 = VERTEX_POINT ( 'NONE', #4998 ) ;
#3729 = DIRECTION ( 'NONE',  ( -0.7071067811865486830, 0.000000000000000000, 0.7071067811865464625 ) ) ;
#3730 = ORIENTED_EDGE ( 'NONE', *, *, #1870, .F. ) ;
#3731 = CARTESIAN_POINT ( 'NONE',  ( 1.499999999999999778, 0.07499999999999999722, 1.500000000000000000 ) ) ;
#3732 = VECTOR ( 'NONE', #1992, 1000.000000000000000 ) ;
#3733 = EDGE_CURVE ( 'NONE', #5367, #3680, #3011, .T. ) ;
#3734 = CARTESIAN_POINT ( 'NONE',  ( -1.500000000000000222, 0.07499999999999999722, -0.3500000000000000333 ) ) ;
#3735 = ORIENTED_EDGE ( 'NONE', *, *, #2537, .F. ) ;
#3736 = DIRECTION ( 'NONE',  ( 0.7071067811865464625, 0.000000000000000000, 0.7071067811865486830 ) ) ;
#3737 = DIRECTION ( 'NONE',  ( -0.000000000000000000, -1.000000000000000000, -0.000000000000000000 ) ) ;
#3738 = FILL_AREA_STYLE_COLOUR ( '', #1384 ) ;
#3739 = VECTOR ( 'NONE', #6029, 1000.000000000000114 ) ;
#3740 = ADVANCED_FACE ( 'NONE', ( #3957 ), #5072, .F. ) ;
#3741 = EDGE_CURVE ( 'NONE', #5539, #2169, #1996, .T. ) ;
#3742 = CARTESIAN_POINT ( 'NONE',  ( -1.450000000000000400, 0.07499999999999999722, 1.450000000000000178 ) ) ;
#3743 = LINE ( 'NONE', #2194, #4829 ) ;
#3744 = CARTESIAN_POINT ( 'NONE',  ( 0.1750000000000001277, 0.1499999999999999944, -1.224999999999996758 ) ) ;
#3745 = DIRECTION ( 'NONE',  ( -0.000000000000000000, -1.000000000000000000, -0.000000000000000000 ) ) ;
#3746 = EDGE_CURVE ( 'NONE', #122, #4099, #6629, .T. ) ;
#3747 = CARTESIAN_POINT ( 'NONE',  ( -0.1800000000000016032, 0.1499999999999999944, -0.3749999999999996669 ) ) ;
#3748 = CARTESIAN_POINT ( 'NONE',  ( 1.449999999999999956, 0.07499999999999999722, -0.8750000000000185407 ) ) ;
#3749 = CIRCLE ( 'NONE', #812, 0.1249999999999998890 ) ;
#3750 = VECTOR ( 'NONE', #4144, 1000.000000000000000 ) ;
#3751 = EDGE_LOOP ( 'NONE', ( #2347, #635, #4527, #4048 ) ) ;
#3752 = FACE_OUTER_BOUND ( 'NONE', #2788, .T. ) ;
#3753 =( NAMED_UNIT ( * ) PLANE_ANGLE_UNIT ( ) SI_UNIT ( $, .RADIAN. ) );
#3754 = LINE ( 'NONE', #5300, #1414 ) ;
#3755 = CARTESIAN_POINT ( 'NONE',  ( 0.1750000000000000167, 0.07499999999999999722, -1.500000000000000000 ) ) ;
#3756 = EDGE_LOOP ( 'NONE', ( #397, #5514, #6211, #187 ) ) ;
#3757 = VECTOR ( 'NONE', #5117, 1000.000000000000000 ) ;
#3758 = ORIENTED_EDGE ( 'NONE', *, *, #4244, .F. ) ;
#3759 = ORIENTED_EDGE ( 'NONE', *, *, #5795, .T. ) ;
#3760 = ORIENTED_EDGE ( 'NONE', *, *, #1810, .F. ) ;
#3761 = VECTOR ( 'NONE', #819, 1000.000000000000000 ) ;
#3762 = CARTESIAN_POINT ( 'NONE',  ( 1.449999999999999956, 0.1499999999999999944, 0.6249999999999897859 ) ) ;
#3763 = FACE_OUTER_BOUND ( 'NONE', #3052, .T. ) ;
#3764 = CARTESIAN_POINT ( 'NONE',  ( 0.1750000000000000167, 0.07499999999999999722, -1.499999999999996669 ) ) ;
#3765 = CARTESIAN_POINT ( 'NONE',  ( 0.000000000000000000, 0.000000000000000000, 0.000000000000000000 ) ) ;
#3766 = ORIENTED_EDGE ( 'NONE', *, *, #1211, .T. ) ;
#3767 = ORIENTED_EDGE ( 'NONE', *, *, #2165, .T. ) ;
#3768 = AXIS2_PLACEMENT_3D ( 'NONE', #5903, #2326, #4843 ) ;
#3769 = PRODUCT_RELATED_PRODUCT_CATEGORY ( 'part', '', ( #280 ) ) ;
#3770 = CARTESIAN_POINT ( 'NONE',  ( 1.500000000000007550, 0.1499999999999999944, -1.040834085586092303E-14 ) ) ;
#3771 = VERTEX_POINT ( 'NONE', #4528 ) ;
#3772 = CARTESIAN_POINT ( 'NONE',  ( 1.500000000000008438, 0.1499999999999999944, 0.1249999999999897027 ) ) ;
#3773 = CIRCLE ( 'NONE', #4513, 0.1250000000000039135 ) ;
#3774 = EDGE_CURVE ( 'NONE', #3215, #3545, #5511, .T. ) ;
#3775 = CIRCLE ( 'NONE', #2047, 0.1249999999999998890 ) ;
#3776 = AXIS2_PLACEMENT_3D ( 'NONE', #6455, #5327, #1823 ) ;
#3777 = AXIS2_PLACEMENT_3D ( 'NONE', #5573, #3476, #1928 ) ;
#3778 = LINE ( 'NONE', #2219, #3175 ) ;
#3779 = DIRECTION ( 'NONE',  ( 3.942553354492745503E-16, 0.000000000000000000, 1.000000000000000000 ) ) ;
#3780 = DIRECTION ( 'NONE',  ( 0.000000000000000000, 0.000000000000000000, 1.000000000000000000 ) ) ;
#3781 = VECTOR ( 'NONE', #587, 1000.000000000000000 ) ;
#3782 = EDGE_CURVE ( 'NONE', #6012, #873, #4055, .T. ) ;
#3783 = EDGE_CURVE ( 'NONE', #1294, #4725, #1495, .T. ) ;
#3784 = CARTESIAN_POINT ( 'NONE',  ( 1.500000000000005107, 0.000000000000000000, -0.1250000000000108524 ) ) ;
#3785 = AXIS2_PLACEMENT_3D ( 'NONE', #1654, #3713, #3196 ) ;
#3786 = VECTOR ( 'NONE', #1764, 1000.000000000000000 ) ;
#3787 = FACE_OUTER_BOUND ( 'NONE', #1926, .T. ) ;
#3788 = ORIENTED_EDGE ( 'NONE', *, *, #4669, .F. ) ;
#3789 = CARTESIAN_POINT ( 'NONE',  ( -3.898199629254493495E-14, 0.1499999999999999944, -0.8749999999999539257 ) ) ;
#3790 = EDGE_CURVE ( 'NONE', #5483, #3641, #129, .T. ) ;
#3791 = DIRECTION ( 'NONE',  ( -1.000000000000000000, 0.000000000000000000, 0.000000000000000000 ) ) ;
#3792 = ORIENTED_EDGE ( 'NONE', *, *, #3971, .F. ) ;
#3793 = ORIENTED_EDGE ( 'NONE', *, *, #2821, .T. ) ;
#3794 = VERTEX_POINT ( 'NONE', #99 ) ;
#3795 = LINE ( 'NONE', #249, #5389 ) ;
#3796 = DIRECTION ( 'NONE',  ( -0.000000000000000000, -1.000000000000000000, 0.000000000000000000 ) ) ;
#3797 = CARTESIAN_POINT ( 'NONE',  ( -1.500000000000000222, 0.000000000000000000, 1.500000000000000000 ) ) ;
#3798 = EDGE_CURVE ( 'NONE', #3921, #2013, #6310, .T. ) ;
#3799 = DIRECTION ( 'NONE',  ( 1.000000000000000000, 0.000000000000000000, -0.000000000000000000 ) ) ;
#3800 = ORIENTED_EDGE ( 'NONE', *, *, #3741, .T. ) ;
#3801 = ORIENTED_EDGE ( 'NONE', *, *, #2161, .T. ) ;
#3802 = LINE ( 'NONE', #3770, #4712 ) ;
#3803 = EDGE_LOOP ( 'NONE', ( #1085, #3318, #2647, #8 ) ) ;
#3804 = LINE ( 'NONE', #5896, #64 ) ;
#3805 = SURFACE_STYLE_FILL_AREA ( #2729 ) ;
#3806 = ORIENTED_EDGE ( 'NONE', *, *, #1564, .T. ) ;
#3807 = LINE ( 'NONE', #5348, #3151 ) ;
#3808 = FACE_OUTER_BOUND ( 'NONE', #4550, .T. ) ;
#3809 = CARTESIAN_POINT ( 'NONE',  ( 1.449999999999999956, 0.1499999999999999944, 0.3749999999999898415 ) ) ;
#3810 = DIRECTION ( 'NONE',  ( -1.000000000000000000, 0.000000000000000000, 1.498170274707243380E-14 ) ) ;
#3811 = PLANE ( 'NONE',  #2792 ) ;
#3812 = ADVANCED_FACE ( 'NONE', ( #4627 ), #611, .F. ) ;
#3813 = EDGE_CURVE ( 'NONE', #3500, #2096, #2071, .T. ) ;
#3814 = ORIENTED_EDGE ( 'NONE', *, *, #4971, .F. ) ;
#3815 = DIRECTION ( 'NONE',  ( -0.000000000000000000, -1.000000000000000000, 0.000000000000000000 ) ) ;
#3816 = VECTOR ( 'NONE', #2876, 1000.000000000000000 ) ;
#3817 = DIRECTION ( 'NONE',  ( -1.000000000000000000, 0.000000000000000000, 8.673617379884040205E-15 ) ) ;
#3818 = DIRECTION ( 'NONE',  ( 0.000000000000000000, -1.000000000000000000, 0.000000000000000000 ) ) ;
#3819 = LINE ( 'NONE', #6456, #5357 ) ;
#3820 = VERTEX_POINT ( 'NONE', #3080 ) ;
#3821 = CARTESIAN_POINT ( 'NONE',  ( 0.2999999999999999334, 0.1499999999999999944, 1.224999999999996758 ) ) ;
#3822 = EDGE_CURVE ( 'NONE', #2353, #6153, #5291, .T. ) ;
#3823 = ORIENTED_EDGE ( 'NONE', *, *, #4556, .T. ) ;
#3824 = ORIENTED_EDGE ( 'NONE', *, *, #4067, .F. ) ;
#3825 = PLANE ( 'NONE',  #4732 ) ;
#3826 = VECTOR ( 'NONE', #2088, 1000.000000000000000 ) ;
#3827 = CARTESIAN_POINT ( 'NONE',  ( 3.380739501477607037E-14, 0.000000000000000000, 0.8750000000000470735 ) ) ;
#3828 = LINE ( 'NONE', #5921, #630 ) ;
#3829 = DIRECTION ( 'NONE',  ( 1.000000000000000000, 0.000000000000000000, 2.710505431213783962E-15 ) ) ;
#3830 = EDGE_LOOP ( 'NONE', ( #6493, #2107, #1289, #3270, #4423, #3720 ) ) ;
#3831 = ORIENTED_EDGE ( 'NONE', *, *, #3491, .F. ) ;
#3832 = EDGE_CURVE ( 'NONE', #3503, #848, #2578, .T. ) ;
#3833 = DIRECTION ( 'NONE',  ( 0.7071067811865464625, 0.000000000000000000, -0.7071067811865486830 ) ) ;
#3834 = VERTEX_POINT ( 'NONE', #1209 ) ;
#3835 = PLANE ( 'NONE',  #6686 ) ;
#3836 = CYLINDRICAL_SURFACE ( 'NONE', #2882, 0.3750000000000104361 ) ;
#3837 = ORIENTED_EDGE ( 'NONE', *, *, #5401, .F. ) ;
#3838 = CARTESIAN_POINT ( 'NONE',  ( -1.100000000000000311, 0.7500000000000000000, -1.350000000000000311 ) ) ;
#3839 = DIRECTION ( 'NONE',  ( -1.000000000000000000, 0.000000000000000000, -0.000000000000000000 ) ) ;
#3840 = CARTESIAN_POINT ( 'NONE',  ( 0.6750000000000000444, 0.1499999999999999944, -1.225000000000000089 ) ) ;
#3841 = DIRECTION ( 'NONE',  ( 0.000000000000000000, 0.000000000000000000, 1.000000000000000000 ) ) ;
#3842 = PLANE ( 'NONE',  #5051 ) ;
#3843 = LINE ( 'NONE', #4906, #2265 ) ;
#3844 =( NAMED_UNIT ( * ) SI_UNIT ( $, .STERADIAN. ) SOLID_ANGLE_UNIT ( ) );
#3845 = CLOSED_SHELL ( 'NONE', ( #5610, #768, #5566, #3065 ) ) ;
#3846 = LINE ( 'NONE', #2329, #196 ) ;
#3847 = LINE ( 'NONE', #1280, #947 ) ;
#3848 = DIRECTION ( 'NONE',  ( -1.000000000000000000, 0.000000000000000000, 1.516366674804902060E-16 ) ) ;
#3849 = ORIENTED_EDGE ( 'NONE', *, *, #6673, .T. ) ;
#3850 = CARTESIAN_POINT ( 'NONE',  ( 5.618138530152335830E-15, 0.1499999999999999944, 0.3750000000000115463 ) ) ;
#3851 = EDGE_CURVE ( 'NONE', #2337, #1876, #2910, .T. ) ;
#3852 = PLANE ( 'NONE',  #3023 ) ;
#3853 = AXIS2_PLACEMENT_3D ( 'NONE', #3821, #1328, #2307 ) ;
#3854 = DIRECTION ( 'NONE',  ( -1.000000000000000000, 0.000000000000000000, 1.498170274707243380E-14 ) ) ;
#3855 = CARTESIAN_POINT ( 'NONE',  ( 0.000000000000000000, 0.1499999999999999944, 0.000000000000000000 ) ) ;
#3856 = VERTEX_POINT ( 'NONE', #5134 ) ;
#3857 = EDGE_CURVE ( 'NONE', #2540, #5111, #4130, .T. ) ;
#3858 = ORIENTED_EDGE ( 'NONE', *, *, #1554, .T. ) ;
#3859 = VECTOR ( 'NONE', #5793, 1000.000000000000000 ) ;
#3860 = VERTEX_POINT ( 'NONE', #2732 ) ;
#3861 = DIRECTION ( 'NONE',  ( 0.000000000000000000, 1.000000000000000000, -0.000000000000000000 ) ) ;
#3862 = DIRECTION ( 'NONE',  ( -1.000000000000000000, 0.000000000000000000, 3.863702287402771662E-14 ) ) ;
#3863 = CARTESIAN_POINT ( 'NONE',  ( -0.9000000000000022427, 0.1499999999999999944, 0.8999999999999994671 ) ) ;
#3864 = AXIS2_PLACEMENT_3D ( 'NONE', #2477, #4526, #1742 ) ;
#3865 = CARTESIAN_POINT ( 'NONE',  ( -9.856383386230957800E-17, 0.07499999999999999722, 0.1249999999999885092 ) ) ;
#3866 = EDGE_CURVE ( 'NONE', #6266, #388, #4278, .T. ) ;
#3867 = EDGE_CURVE ( 'NONE', #5817, #6606, #6346, .T. ) ;
#3868 = ORIENTED_EDGE ( 'NONE', *, *, #999, .F. ) ;
#3869 = CIRCLE ( 'NONE', #935, 0.1250000000000018319 ) ;
#3870 = EDGE_LOOP ( 'NONE', ( #4702, #5210, #4885, #2288, #345, #3758 ) ) ;
#3871 = ORIENTED_EDGE ( 'NONE', *, *, #3832, .F. ) ;
#3872 = DIRECTION ( 'NONE',  ( 3.863702287402771662E-14, 0.000000000000000000, 1.000000000000000000 ) ) ;
#3873 = LINE ( 'NONE', #1806, #596 ) ;
#3874 = LINE ( 'NONE', #578, #3339 ) ;
#3875 = AXIS2_PLACEMENT_3D ( 'NONE', #5490, #4114, #6171 ) ;
#3876 = AXIS2_PLACEMENT_3D ( 'NONE', #6242, #3135, #2635 ) ;
#3877 = ADVANCED_FACE ( 'NONE', ( #3578 ), #6188, .T. ) ;
#3878 = ORIENTED_EDGE ( 'NONE', *, *, #5005, .F. ) ;
#3879 = CARTESIAN_POINT ( 'NONE',  ( -1.500000000000000222, 0.07499999999999999722, -1.500000000000000000 ) ) ;
#3880 = CIRCLE ( 'NONE', #3433, 0.1000000000000000194 ) ;
#3881 = CARTESIAN_POINT ( 'NONE',  ( 1.225000000000003419, 0.1499999999999999944, -0.2500000000000086597 ) ) ;
#3882 = DIRECTION ( 'NONE',  ( 0.000000000000000000, 0.000000000000000000, 1.000000000000000000 ) ) ;
#3883 = VECTOR ( 'NONE', #3938, 1000.000000000000000 ) ;
#3884 = AXIS2_PLACEMENT_3D ( 'NONE', #1332, #3378, #4431 ) ;
#3885 = AXIS2_PLACEMENT_3D ( 'NONE', #2310, #3861, #4430 ) ;
#3886 = LINE ( 'NONE', #5946, #1089 ) ;
#3887 = AXIS2_PLACEMENT_3D ( 'NONE', #3173, #3543, #4591 ) ;
#3888 = ORIENTED_EDGE ( 'NONE', *, *, #328, .T. ) ;
#3889 = DIRECTION ( 'NONE',  ( 0.000000000000000000, 1.000000000000000000, -0.000000000000000000 ) ) ;
#3890 = VECTOR ( 'NONE', #203, 1000.000000000000000 ) ;
#3891 = LINE ( 'NONE', #785, #185 ) ;
#3892 = FACE_OUTER_BOUND ( 'NONE', #1767, .T. ) ;
#3893 = CARTESIAN_POINT ( 'NONE',  ( 0.000000000000000000, 0.1499999999999999944, 0.000000000000000000 ) ) ;
#3894 = ORIENTED_EDGE ( 'NONE', *, *, #6625, .T. ) ;
#3895 = AXIS2_PLACEMENT_3D ( 'NONE', #6609, #5084, #6026 ) ;
#3896 = VECTOR ( 'NONE', #4909, 1000.000000000000000 ) ;
#3897 = VERTEX_POINT ( 'NONE', #5254 ) ;
#3898 = VERTEX_POINT ( 'NONE', #5872 ) ;
#3899 = VECTOR ( 'NONE', #6118, 1000.000000000000000 ) ;
#3900 = CARTESIAN_POINT ( 'NONE',  ( 0.6750000000000000444, 0.1499999999999999944, 1.225000000000000089 ) ) ;
#3901 = DIRECTION ( 'NONE',  ( 0.000000000000000000, 1.000000000000000000, -0.000000000000000000 ) ) ;
#3902 = LINE ( 'NONE', #1333, #2605 ) ;
#3903 = EDGE_LOOP ( 'NONE', ( #5957, #3607, #6223, #2682 ) ) ;
#3904 = ORIENTED_EDGE ( 'NONE', *, *, #2918, .T. ) ;
#3905 = ORIENTED_EDGE ( 'NONE', *, *, #2575, .F. ) ;
#3906 = EDGE_CURVE ( 'NONE', #1047, #2433, #2701, .T. ) ;
#3907 = DIRECTION ( 'NONE',  ( -0.000000000000000000, -1.000000000000000000, -0.000000000000000000 ) ) ;
#3908 = CARTESIAN_POINT ( 'NONE',  ( 1.449999999999999956, 0.07499999999999999722, 1.450000000000000178 ) ) ;
#3909 = FACE_OUTER_BOUND ( 'NONE', #6300, .T. ) ;
#3910 = EDGE_LOOP ( 'NONE', ( #1774, #2448, #3467, #4054 ) ) ;
#3911 = PLANE ( 'NONE',  #4691 ) ;
#3912 = EDGE_CURVE ( 'NONE', #3112, #247, #2196, .T. ) ;
#3913 = PLANE ( 'NONE',  #712 ) ;
#3914 = CARTESIAN_POINT ( 'NONE',  ( 5.618138530152335830E-15, 0.000000000000000000, 0.3750000000000115463 ) ) ;
#3915 = CARTESIAN_POINT ( 'NONE',  ( -1.500000000000000222, 0.8000000000000000444, 1.500000000000000000 ) ) ;
#3916 = LINE ( 'NONE', #3367, #2279 ) ;
#3917 = EDGE_CURVE ( 'NONE', #3616, #2096, #4525, .T. ) ;
#3918 = FACE_OUTER_BOUND ( 'NONE', #3756, .T. ) ;
#3919 =( NAMED_UNIT ( * ) PLANE_ANGLE_UNIT ( ) SI_UNIT ( $, .RADIAN. ) );
#3920 = ORIENTED_EDGE ( 'NONE', *, *, #6649, .F. ) ;
#3921 = VERTEX_POINT ( 'NONE', #677 ) ;
#3922 = ORIENTED_EDGE ( 'NONE', *, *, #4112, .F. ) ;
#3923 = ORIENTED_EDGE ( 'NONE', *, *, #3917, .T. ) ;
#3924 = CARTESIAN_POINT ( 'NONE',  ( 0.000000000000000000, 0.1499999999999999944, 0.6500000000000001332 ) ) ;
#3925 = CARTESIAN_POINT ( 'NONE',  ( -1.823430926452733861E-15, 0.1499999999999999944, -0.1249999999999889672 ) ) ;
#3926 = CARTESIAN_POINT ( 'NONE',  ( 0.000000000000000000, 0.8000000000000000444, 0.000000000000000000 ) ) ;
#3927 = AXIS2_PLACEMENT_3D ( 'NONE', #2789, #159, #2253 ) ;
#3928 = ORIENTED_EDGE ( 'NONE', *, *, #4024, .T. ) ;
#3929 = ORIENTED_EDGE ( 'NONE', *, *, #1269, .F. ) ;
#3930 = EDGE_LOOP ( 'NONE', ( #1707, #2842, #1338, #4397, #1405, #836 ) ) ;
#3931 = DIRECTION ( 'NONE',  ( -0.000000000000000000, 1.000000000000000000, 0.000000000000000000 ) ) ;
#3932 = ADVANCED_FACE ( 'NONE', ( #162 ), #5841, .T. ) ;
#3933 = LINE ( 'NONE', #194, #2570 ) ;
#3934 = DIRECTION ( 'NONE',  ( 1.000000000000000000, 0.000000000000000000, 0.000000000000000000 ) ) ;
#3935 = EDGE_CURVE ( 'NONE', #6066, #5059, #4805, .T. ) ;
#3936 = EDGE_CURVE ( 'NONE', #381, #3680, #6384, .T. ) ;
#3937 = DIRECTION ( 'NONE',  ( -1.000000000000000000, 0.000000000000000000, -0.000000000000000000 ) ) ;
#3938 = DIRECTION ( 'NONE',  ( 0.000000000000000000, -1.000000000000000000, 0.000000000000000000 ) ) ;
#3939 = DIRECTION ( 'NONE',  ( -0.000000000000000000, -1.000000000000000000, -0.000000000000000000 ) ) ;
#3940 = CARTESIAN_POINT ( 'NONE',  ( 0.4249999999999996003, 0.1499999999999999944, 0.000000000000000000 ) ) ;
#3941 = EDGE_CURVE ( 'NONE', #3410, #424, #4415, .T. ) ;
#3942 = EDGE_CURVE ( 'NONE', #3287, #1242, #3843, .T. ) ;
#3943 = DIRECTION ( 'NONE',  ( 1.000000000000000000, 0.000000000000000000, -0.000000000000000000 ) ) ;
#3944 = CARTESIAN_POINT ( 'NONE',  ( 1.499999999999999778, 0.07499999999999999722, 0.8749999999999891198 ) ) ;
#3945 = DIRECTION ( 'NONE',  ( 0.000000000000000000, -1.000000000000000000, 0.000000000000000000 ) ) ;
#3946 = ORIENTED_EDGE ( 'NONE', *, *, #4972, .F. ) ;
#3947 = CARTESIAN_POINT ( 'NONE',  ( 0.6749999999999996003, 0.07499999999999999722, 1.500000000000000000 ) ) ;
#3948 = PLANE ( 'NONE',  #6666 ) ;
#3949 = VERTEX_POINT ( 'NONE', #6411 ) ;
#3950 = VECTOR ( 'NONE', #2185, 1000.000000000000000 ) ;
#3951 = ADVANCED_FACE ( 'NONE', ( #4947 ), #2858, .F. ) ;
#3952 = CLOSED_SHELL ( 'NONE', ( #919, #590, #3361, #2639, #1891, #2338, #5125, #6533 ) ) ;
#3953 = APPLICATION_CONTEXT ( 'automotive_design' ) ;
#3954 = CARTESIAN_POINT ( 'NONE',  ( -1.415000000000000036, 0.1499999999999999944, 0.000000000000000000 ) ) ;
#3955 = CARTESIAN_POINT ( 'NONE',  ( 0.7999999999999998224, 0.1499999999999999944, 1.225000000000000089 ) ) ;
#3956 = ORIENTED_EDGE ( 'NONE', *, *, #1780, .T. ) ;
#3957 = FACE_OUTER_BOUND ( 'NONE', #1083, .T. ) ;
#3958 = DIRECTION ( 'NONE',  ( 0.000000000000000000, 0.000000000000000000, 1.000000000000000000 ) ) ;
#3959 = CARTESIAN_POINT ( 'NONE',  ( 0.1750000000000000167, 0.1499999999999999944, 0.000000000000000000 ) ) ;
#3960 = VERTEX_POINT ( 'NONE', #3365 ) ;
#3961 = VERTEX_POINT ( 'NONE', #5493 ) ;
#3962 = ORIENTED_EDGE ( 'NONE', *, *, #1810, .T. ) ;
#3963 = ORIENTED_EDGE ( 'NONE', *, *, #3941, .T. ) ;
#3964 = VECTOR ( 'NONE', #6006, 1000.000000000000000 ) ;
#3965 = AXIS2_PLACEMENT_3D ( 'NONE', #5659, #877, #5009 ) ;
#3966 = SURFACE_SIDE_STYLE ('',( #5658 ) ) ;
#3967 = CARTESIAN_POINT ( 'NONE',  ( -1.500000000000000222, 0.1499999999999999944, -0.1499999999999999667 ) ) ;
#3968 = DIRECTION ( 'NONE',  ( -0.000000000000000000, -1.000000000000000000, -0.000000000000000000 ) ) ;
#3969 = ORIENTED_EDGE ( 'NONE', *, *, #2122, .T. ) ;
#3970 = VECTOR ( 'NONE', #191, 1000.000000000000000 ) ;
#3971 = EDGE_CURVE ( 'NONE', #247, #6605, #2829, .T. ) ;
#3972 = CARTESIAN_POINT ( 'NONE',  ( -1.154999999999994920, 0.1499999999999999944, -1.155000000000003357 ) ) ;
#3973 = DIRECTION ( 'NONE',  ( 0.000000000000000000, 0.000000000000000000, 1.000000000000000000 ) ) ;
#3974 = CARTESIAN_POINT ( 'NONE',  ( 0.7999999999999998224, 0.1499999999999999944, 1.100000000000000311 ) ) ;
#3975 = CARTESIAN_POINT ( 'NONE',  ( 1.499999999999999778, 0.07499999999999999722, -0.1250000000000109635 ) ) ;
#3976 = CIRCLE ( 'NONE', #1061, 0.1249999999999998890 ) ;
#3977 =( NAMED_UNIT ( * ) PLANE_ANGLE_UNIT ( ) SI_UNIT ( $, .RADIAN. ) );
#3978 =( GEOMETRIC_REPRESENTATION_CONTEXT ( 3 ) GLOBAL_UNCERTAINTY_ASSIGNED_CONTEXT ( ( #509 ) ) GLOBAL_UNIT_ASSIGNED_CONTEXT ( ( #2428, #3977, #4044 ) ) REPRESENTATION_CONTEXT ( 'NONE', 'WORKASPACE' ) );
#3979 = VECTOR ( 'NONE', #4775, 1000.000000000000000 ) ;
#3980 = FACE_OUTER_BOUND ( 'NONE', #1760, .T. ) ;
#3981 = DIRECTION ( 'NONE',  ( 1.000000000000000000, -0.000000000000000000, 0.000000000000000000 ) ) ;
#3982 = DIRECTION ( 'NONE',  ( 0.000000000000000000, -0.000000000000000000, 1.000000000000000000 ) ) ;
#3983 = ORIENTED_EDGE ( 'NONE', *, *, #3130, .T. ) ;
#3984 = AXIS2_PLACEMENT_3D ( 'NONE', #1883, #3943, #1241 ) ;
#3985 = EDGE_CURVE ( 'NONE', #5991, #3500, #1275, .T. ) ;
#3986 = CARTESIAN_POINT ( 'NONE',  ( 1.946635718781038004E-14, 0.000000000000000000, -0.6250000000000470735 ) ) ;
#3987 = VECTOR ( 'NONE', #3931, 1000.000000000000000 ) ;
#3988 = FILL_AREA_STYLE_COLOUR ( '', #4630 ) ;
#3989 = DIRECTION ( 'NONE',  ( 0.000000000000000000, -0.000000000000000000, 1.000000000000000000 ) ) ;
#3990 = VERTEX_POINT ( 'NONE', #3323 ) ;
#3991 = ORIENTED_EDGE ( 'NONE', *, *, #3867, .T. ) ;
#3992 = AXIS2_PLACEMENT_3D ( 'NONE', #5532, #2367, #6591 ) ;
#3993 = CARTESIAN_POINT ( 'NONE',  ( -0.5499999999999893863, 0.1499999999999999944, 0.1499999999999999112 ) ) ;
#3994 = VECTOR ( 'NONE', #3291, 1000.000000000000000 ) ;
#3995 = DIRECTION ( 'NONE',  ( 3.942553354492745503E-16, 0.000000000000000000, 1.000000000000000000 ) ) ;
#3996 = ORIENTED_EDGE ( 'NONE', *, *, #2053, .T. ) ;
#3997 = ADVANCED_FACE ( 'NONE', ( #5971 ), #884, .F. ) ;
#3998 = PLANE ( 'NONE',  #957 ) ;
#3999 = CARTESIAN_POINT ( 'NONE',  ( -1.500000000000000222, 0.07499999999999999722, 1.500000000000000000 ) ) ;
#4000 = AXIS2_PLACEMENT_3D ( 'NONE', #2314, #695, #1226 ) ;
#4001 = DIRECTION ( 'NONE',  ( 0.7071067811865486830, 0.000000000000000000, -0.7071067811865464625 ) ) ;
#4002 = ORIENTED_EDGE ( 'NONE', *, *, #4351, .T. ) ;
#4003 = ORIENTED_EDGE ( 'NONE', *, *, #3466, .F. ) ;
#4004 = VECTOR ( 'NONE', #4108, 1000.000000000000000 ) ;
#4005 = ORIENTED_EDGE ( 'NONE', *, *, #5916, .T. ) ;
#4006 = VECTOR ( 'NONE', #5400, 1000.000000000000000 ) ;
#4007 = EDGE_LOOP ( 'NONE', ( #2308, #1662, #2445, #4733 ) ) ;
#4008 = EDGE_CURVE ( 'NONE', #4053, #1191, #264, .T. ) ;
#4009 = DIRECTION ( 'NONE',  ( 0.000000000000000000, 1.000000000000000000, -0.000000000000000000 ) ) ;
#4010 = ORIENTED_EDGE ( 'NONE', *, *, #4480, .F. ) ;
#4011 = CARTESIAN_POINT ( 'NONE',  ( 1.224999999999987654, 0.1499999999999999944, -0.8750000000000084377 ) ) ;
#4012 = LINE ( 'NONE', #1449, #2138 ) ;
#4013 = EDGE_LOOP ( 'NONE', ( #5951, #5674, #450, #5536, #1473, #2573 ) ) ;
#4014 = CARTESIAN_POINT ( 'NONE',  ( 0.1750000000000000167, 0.1499999999999999944, -1.499999999999996669 ) ) ;
#4015 = DIRECTION ( 'NONE',  ( 0.000000000000000000, 0.000000000000000000, 1.000000000000000000 ) ) ;
#4016 = DIRECTION ( 'NONE',  ( 0.000000000000000000, -1.000000000000000000, 0.000000000000000000 ) ) ;
#4017 = CARTESIAN_POINT ( 'NONE',  ( -1.460000000000000409, 0.1499999999999999944, -0.8500000000000000888 ) ) ;
#4018 = ORIENTED_EDGE ( 'NONE', *, *, #6435, .F. ) ;
#4019 = EDGE_CURVE ( 'NONE', #1965, #79, #1813, .T. ) ;
#4020 = LINE ( 'NONE', #342, #6699 ) ;
#4021 = CARTESIAN_POINT ( 'NONE',  ( -1.415000000000000036, 0.1499999999999999944, 0.6149999999999997691 ) ) ;
#4022 = VERTEX_POINT ( 'NONE', #1909 ) ;
#4023 = EDGE_CURVE ( 'NONE', #6670, #2096, #2401, .T. ) ;
#4024 = EDGE_CURVE ( 'NONE', #2433, #6153, #1320, .T. ) ;
#4025 = DIRECTION ( 'NONE',  ( 0.000000000000000000, 0.000000000000000000, -1.000000000000000000 ) ) ;
#4026 = ORIENTED_EDGE ( 'NONE', *, *, #4208, .T. ) ;
#4027 = LINE ( 'NONE', #389, #1942 ) ;
#4028 = LINE ( 'NONE', #6086, #2372 ) ;
#4029 = LINE ( 'NONE', #6087, #2811 ) ;
#4030 = VERTEX_POINT ( 'NONE', #3975 ) ;
#4031 = EDGE_CURVE ( 'NONE', #912, #650, #2930, .T. ) ;
#4032 = CARTESIAN_POINT ( 'NONE',  ( 0.2999999999999999334, 0.1499999999999999944, -1.224999999999996758 ) ) ;
#4033 = LINE ( 'NONE', #5144, #4907 ) ;
#4034 = ORIENTED_EDGE ( 'NONE', *, *, #1651, .F. ) ;
#4035 = CARTESIAN_POINT ( 'NONE',  ( -0.4999999999999897304, 0.1499999999999999944, -0.09999999999999999167 ) ) ;
#4036 = CARTESIAN_POINT ( 'NONE',  ( 5.618138530152335830E-15, 0.1499999999999999944, 0.3750000000000115463 ) ) ;
#4037 = ORIENTED_EDGE ( 'NONE', *, *, #1829, .T. ) ;
#4038 = ADVANCED_FACE ( 'NONE', ( #6542 ), #4379, .F. ) ;
#4039 = AXIS2_PLACEMENT_3D ( 'NONE', #1615, #3675, #5739 ) ;
#4040 = DIRECTION ( 'NONE',  ( 6.938893903907240211E-15, 0.000000000000000000, 1.000000000000000000 ) ) ;
#4041 = VERTEX_POINT ( 'NONE', #5994 ) ;
#4042 = FACE_OUTER_BOUND ( 'NONE', #6163, .T. ) ;
#4043 = CARTESIAN_POINT ( 'NONE',  ( 1.449999999999999956, 0.000000000000000000, 0.8749999999999910072 ) ) ;
#4044 =( NAMED_UNIT ( * ) SI_UNIT ( $, .STERADIAN. ) SOLID_ANGLE_UNIT ( ) );
#4045 = EDGE_CURVE ( 'NONE', #4399, #5517, #4448, .T. ) ;
#4046 = CARTESIAN_POINT ( 'NONE',  ( 0.4249999999999996003, 0.1499999999999999944, 1.499999999999996669 ) ) ;
#4047 = LINE ( 'NONE', #5058, #499 ) ;
#4048 = ORIENTED_EDGE ( 'NONE', *, *, #2602, .T. ) ;
#4049 = CARTESIAN_POINT ( 'NONE',  ( 1.449999999999999956, 0.000000000000000000, -0.000000000000000000 ) ) ;
#4050 = LINE ( 'NONE', #6110, #1700 ) ;
#4051 = VERTEX_POINT ( 'NONE', #4479 ) ;
#4052 = ORIENTED_EDGE ( 'NONE', *, *, #1555, .F. ) ;
#4053 = VERTEX_POINT ( 'NONE', #2891 ) ;
#4054 = ORIENTED_EDGE ( 'NONE', *, *, #1790, .F. ) ;
#4055 = LINE ( 'NONE', #897, #5931 ) ;
#4056 = CARTESIAN_POINT ( 'NONE',  ( 0.4249999999999996003, 0.1499999999999999944, 0.000000000000000000 ) ) ;
#4057 = AXIS2_PLACEMENT_3D ( 'NONE', #3418, #6539, #1420 ) ;
#4058 = CARTESIAN_POINT ( 'NONE',  ( -0.4999999999999897304, 0.1499999999999999944, 0.1000000000000000056 ) ) ;
#4059 = ORIENTED_EDGE ( 'NONE', *, *, #2037, .F. ) ;
#4060 = ORIENTED_EDGE ( 'NONE', *, *, #4611, .F. ) ;
#4061 = LINE ( 'NONE', #1499, #6233 ) ;
#4062 = EDGE_LOOP ( 'NONE', ( #117, #4797, #2585, #74 ) ) ;
#4063 = ORIENTED_EDGE ( 'NONE', *, *, #4565, .T. ) ;
#4064 = CARTESIAN_POINT ( 'NONE',  ( 0.000000000000000000, 0.000000000000000000, 0.000000000000000000 ) ) ;
#4065 = ADVANCED_FACE ( 'NONE', ( #2296 ), #4345, .T. ) ;
#4066 = PRESENTATION_STYLE_ASSIGNMENT (( #1504 ) ) ;
#4067 = EDGE_CURVE ( 'NONE', #300, #5817, #2427, .T. ) ;
#4068 = CARTESIAN_POINT ( 'NONE',  ( 1.449999999999999956, 0.1499999999999999944, 0.1249999999999896472 ) ) ;
#4069 = ORIENTED_EDGE ( 'NONE', *, *, #104, .F. ) ;
#4070 = VECTOR ( 'NONE', #670, 1000.000000000000000 ) ;
#4071 = DIRECTION ( 'NONE',  ( 0.000000000000000000, 1.000000000000000000, -0.000000000000000000 ) ) ;
#4072 = ORIENTED_EDGE ( 'NONE', *, *, #6297, .T. ) ;
#4073 = DIRECTION ( 'NONE',  ( 0.000000000000000000, 0.000000000000000000, -1.000000000000000000 ) ) ;
#4074 = CARTESIAN_POINT ( 'NONE',  ( 0.000000000000000000, 0.1499999999999999944, 0.000000000000000000 ) ) ;
#4075 = EDGE_CURVE ( 'NONE', #3141, #4587, #1515, .T. ) ;
#4076 = VECTOR ( 'NONE', #766, 1000.000000000000000 ) ;
#4077 = VECTOR ( 'NONE', #442, 1000.000000000000000 ) ;
#4078 = CARTESIAN_POINT ( 'NONE',  ( -1.100000000000000311, 0.8000000000000000444, -0.8500000000000003109 ) ) ;
#4079 = DIRECTION ( 'NONE',  ( 0.000000000000000000, 1.000000000000000000, 0.000000000000000000 ) ) ;
#4080 = VECTOR ( 'NONE', #4223, 1000.000000000000000 ) ;
#4081 = LINE ( 'NONE', #997, #4408 ) ;
#4082 = ORIENTED_EDGE ( 'NONE', *, *, #6552, .T. ) ;
#4083 = EDGE_CURVE ( 'NONE', #3054, #3701, #1301, .T. ) ;
#4084 = FACE_OUTER_BOUND ( 'NONE', #4013, .T. ) ;
#4085 = DIRECTION ( 'NONE',  ( 0.000000000000000000, -1.000000000000000000, 0.000000000000000000 ) ) ;
#4086 = LINE ( 'NONE', #3499, #2777 ) ;
#4087 = ORIENTED_EDGE ( 'NONE', *, *, #4878, .F. ) ;
#4088 = VECTOR ( 'NONE', #3939, 1000.000000000000000 ) ;
#4089 = CARTESIAN_POINT ( 'NONE',  ( 1.225000000000003419, 0.1499999999999999944, 0.6249999999999917843 ) ) ;
#4090 = ORIENTED_EDGE ( 'NONE', *, *, #227, .T. ) ;
#4091 = LINE ( 'NONE', #555, #4821 ) ;
#4092 = VERTEX_POINT ( 'NONE', #5665 ) ;
#4093 = VECTOR ( 'NONE', #1057, 1000.000000000000000 ) ;
#4094 = CARTESIAN_POINT ( 'NONE',  ( 0.7999999999999998224, 0.000000000000000000, 1.225000000000000089 ) ) ;
#4095 = CARTESIAN_POINT ( 'NONE',  ( 3.380739501477607037E-14, 0.07499999999999999722, 0.8750000000000470735 ) ) ;
#4096 = LINE ( 'NONE', #1011, #2493 ) ;
#4097 = VERTEX_POINT ( 'NONE', #4043 ) ;
#4098 = CIRCLE ( 'NONE', #405, 0.1249999999999998890 ) ;
#4099 = VERTEX_POINT ( 'NONE', #1982 ) ;
#4100 = CIRCLE ( 'NONE', #4307, 0.1250000000000018319 ) ;
#4101 = ORIENTED_EDGE ( 'NONE', *, *, #6036, .T. ) ;
#4102 = CIRCLE ( 'NONE', #5497, 0.1249999999999998890 ) ;
#4103 = VERTEX_POINT ( 'NONE', #6103 ) ;
#4104 = ORIENTED_EDGE ( 'NONE', *, *, #1187, .F. ) ;
#4105 = COLOUR_RGB ( '',0.7921568627450980005, 0.8196078431372548767, 0.9333333333333333481 ) ;
#4106 = CARTESIAN_POINT ( 'NONE',  ( -1.415000000000000258, 0.1499999999999999944, -0.8950000000000001288 ) ) ;
#4107 = DIRECTION ( 'NONE',  ( 0.000000000000000000, 0.000000000000000000, 1.000000000000000000 ) ) ;
#4108 = DIRECTION ( 'NONE',  ( -0.000000000000000000, -1.000000000000000000, -0.000000000000000000 ) ) ;
#4109 = ORIENTED_EDGE ( 'NONE', *, *, #750, .F. ) ;
#4110 = VECTOR ( 'NONE', #470, 1000.000000000000000 ) ;
#4111 = VECTOR ( 'NONE', #4849, 1000.000000000000000 ) ;
#4112 = EDGE_CURVE ( 'NONE', #2877, #351, #1577, .T. ) ;
#4113 = ADVANCED_FACE ( 'NONE', ( #6682 ), #2055, .T. ) ;
#4114 = DIRECTION ( 'NONE',  ( -0.000000000000000000, 1.000000000000000000, 0.000000000000000000 ) ) ;
#4115 = ORIENTED_EDGE ( 'NONE', *, *, #2330, .T. ) ;
#4116 = PLANE ( 'NONE',  #6355 ) ;
#4117 = LINE ( 'NONE', #959, #1517 ) ;
#4118 = EDGE_CURVE ( 'NONE', #2614, #4092, #6647, .T. ) ;
#4119 = CARTESIAN_POINT ( 'NONE',  ( 0.000000000000000000, 0.000000000000000000, -0.1499999999999999667 ) ) ;
#4120 = DIRECTION ( 'NONE',  ( 0.000000000000000000, 0.000000000000000000, 1.000000000000000000 ) ) ;
#4121 = ORIENTED_EDGE ( 'NONE', *, *, #657, .F. ) ;
#4122 = CARTESIAN_POINT ( 'NONE',  ( -3.898199629254493495E-14, 0.1499999999999999944, -0.8749999999999539257 ) ) ;
#4123 = CARTESIAN_POINT ( 'NONE',  ( -1.415000000000000258, 0.1499999999999999944, -0.8950000000000001288 ) ) ;
#4124 = CARTESIAN_POINT ( 'NONE',  ( 1.449999999999999956, 0.000000000000000000, 0.1249999999999894806 ) ) ;
#4125 = VERTEX_POINT ( 'NONE', #5050 ) ;
#4126 = EDGE_CURVE ( 'NONE', #6502, #2968, #4420, .T. ) ;
#4127 = ORIENTED_EDGE ( 'NONE', *, *, #4229, .F. ) ;
#4128 =( NAMED_UNIT ( * ) PLANE_ANGLE_UNIT ( ) SI_UNIT ( $, .RADIAN. ) );
#4129 = ORIENTED_EDGE ( 'NONE', *, *, #5045, .T. ) ;
#4130 = LINE ( 'NONE', #3232, #1725 ) ;
#4131 = CARTESIAN_POINT ( 'NONE',  ( 1.449999999999999956, 0.07499999999999999722, 1.450000000000000178 ) ) ;
#4132 = DIRECTION ( 'NONE',  ( 0.000000000000000000, 1.000000000000000000, 0.000000000000000000 ) ) ;
#4133 = ORIENTED_EDGE ( 'NONE', *, *, #5641, .T. ) ;
#4134 = EDGE_LOOP ( 'NONE', ( #4970, #783, #1371, #5876 ) ) ;
#4135 = ORIENTED_EDGE ( 'NONE', *, *, #1176, .F. ) ;
#4136 = DIRECTION ( 'NONE',  ( -1.000000000000000000, -0.000000000000000000, 8.673617379884040205E-15 ) ) ;
#4137 = CARTESIAN_POINT ( 'NONE',  ( 1.946635718781038004E-14, 0.1499999999999999944, -0.6250000000000470735 ) ) ;
#4138 = EDGE_LOOP ( 'NONE', ( #86, #2271, #3488, #668 ) ) ;
#4139 = EDGE_CURVE ( 'NONE', #3960, #5917, #4737, .T. ) ;
#4140 = AXIS2_PLACEMENT_3D ( 'NONE', #288, #1799, #5956 ) ;
#4141 = LINE ( 'NONE', #1164, #5255 ) ;
#4142 = ORIENTED_EDGE ( 'NONE', *, *, #6467, .T. ) ;
#4143 = DIRECTION ( 'NONE',  ( 0.000000000000000000, -0.000000000000000000, 1.000000000000000000 ) ) ;
#4144 = DIRECTION ( 'NONE',  ( 0.000000000000000000, 0.000000000000000000, -1.000000000000000000 ) ) ;
#4145 = EDGE_CURVE ( 'NONE', #4964, #4196, #3064, .T. ) ;
#4146 = EDGE_CURVE ( 'NONE', #1461, #2337, #2504, .T. ) ;
#4147 = CYLINDRICAL_SURFACE ( 'NONE', #1666, 0.1250000000000018319 ) ;
#4148 = DIRECTION ( 'NONE',  ( 0.000000000000000000, 1.000000000000000000, -0.000000000000000000 ) ) ;
#4149 = DIRECTION ( 'NONE',  ( 0.000000000000000000, 0.000000000000000000, 1.000000000000000000 ) ) ;
#4150 = CARTESIAN_POINT ( 'NONE',  ( 0.7999999999999998224, 0.1499999999999999944, -1.225000000000000089 ) ) ;
#4151 = ADVANCED_FACE ( 'NONE', ( #3525 ), #2563, .F. ) ;
#4152 = EDGE_CURVE ( 'NONE', #6422, #4694, #5594, .T. ) ;
#4153 = FACE_OUTER_BOUND ( 'NONE', #2971, .T. ) ;
#4154 = ORIENTED_EDGE ( 'NONE', *, *, #3867, .F. ) ;
#4155 = ORIENTED_EDGE ( 'NONE', *, *, #6717, .T. ) ;
#4156 = CARTESIAN_POINT ( 'NONE',  ( 1.449999999999999956, 0.07499999999999999722, -1.450000000000000178 ) ) ;
#4157 = ORIENTED_EDGE ( 'NONE', *, *, #1062, .F. ) ;
#4158 = PRESENTATION_STYLE_ASSIGNMENT (( #1045 ) ) ;
#4159 = EDGE_CURVE ( 'NONE', #3650, #3294, #4117, .T. ) ;
#4160 = CARTESIAN_POINT ( 'NONE',  ( -1.450000000000000400, 0.1499999999999999944, 0.3499999999999999223 ) ) ;
#4161 = ORIENTED_EDGE ( 'NONE', *, *, #2104, .F. ) ;
#4162 = ORIENTED_EDGE ( 'NONE', *, *, #2177, .T. ) ;
#4163 = DIRECTION ( 'NONE',  ( 1.000000000000000000, -0.000000000000000000, 0.000000000000000000 ) ) ;
#4164 = DIRECTION ( 'NONE',  ( -1.000000000000000000, 0.000000000000000000, -0.000000000000000000 ) ) ;
#4165 = ORIENTED_EDGE ( 'NONE', *, *, #291, .F. ) ;
#4166 = VECTOR ( 'NONE', #4079, 1000.000000000000000 ) ;
#4167 = LINE ( 'NONE', #3660, #4724 ) ;
#4168 = DIRECTION ( 'NONE',  ( -0.000000000000000000, 0.000000000000000000, -1.000000000000000000 ) ) ;
#4169 = VERTEX_POINT ( 'NONE', #5090 ) ;
#4170 = DIRECTION ( 'NONE',  ( 0.000000000000000000, -0.000000000000000000, 1.000000000000000000 ) ) ;
#4171 = DIRECTION ( 'NONE',  ( -7.885106708985491006E-16, 0.000000000000000000, 1.000000000000000000 ) ) ;
#4172 = SURFACE_SIDE_STYLE ('',( #3805 ) ) ;
#4173 = EDGE_CURVE ( 'NONE', #1203, #5539, #4545, .T. ) ;
#4174 =( GEOMETRIC_REPRESENTATION_CONTEXT ( 3 ) GLOBAL_UNCERTAINTY_ASSIGNED_CONTEXT ( ( #2087 ) ) GLOBAL_UNIT_ASSIGNED_CONTEXT ( ( #1976, #3058, #1469 ) ) REPRESENTATION_CONTEXT ( 'NONE', 'WORKASPACE' ) );
#4175 = LINE ( 'NONE', #4215, #3167 ) ;
#4176 = CARTESIAN_POINT ( 'NONE',  ( 1.449999999999999956, 0.07499999999999999722, 1.450000000000000178 ) ) ;
#4177 = ORIENTED_EDGE ( 'NONE', *, *, #5222, .T. ) ;
#4178 = AXIS2_PLACEMENT_3D ( 'NONE', #4854, #1888, #2304 ) ;
#4179 = CIRCLE ( 'NONE', #1917, 0.1250000000000018319 ) ;
#4180 = CARTESIAN_POINT ( 'NONE',  ( 1.499999999999999778, 0.1499999999999999944, -0.6250000000000003331 ) ) ;
#4181 = FACE_OUTER_BOUND ( 'NONE', #6470, .T. ) ;
#4182 = EDGE_LOOP ( 'NONE', ( #5108, #2887, #4997, #2021 ) ) ;
#4183 = VECTOR ( 'NONE', #4350, 1000.000000000000000 ) ;
#4184 = CARTESIAN_POINT ( 'NONE',  ( 0.000000000000000000, 0.1499999999999999944, 1.500000000000000000 ) ) ;
#4185 = EDGE_CURVE ( 'NONE', #650, #3794, #445, .T. ) ;
#4186 = FACE_OUTER_BOUND ( 'NONE', #6231, .T. ) ;
#4187 = EDGE_CURVE ( 'NONE', #6437, #3373, #3597, .T. ) ;
#4188 = VERTEX_POINT ( 'NONE', #1027 ) ;
#4189 = CARTESIAN_POINT ( 'NONE',  ( 0.000000000000000000, 0.07499999999999999722, 0.1499999999999999667 ) ) ;
#4190 = ORIENTED_EDGE ( 'NONE', *, *, #1543, .F. ) ;
#4191 = DIRECTION ( 'NONE',  ( 1.000000000000000000, 0.000000000000000000, 3.942553354492745503E-16 ) ) ;
#4192 = DIRECTION ( 'NONE',  ( 0.000000000000000000, 1.000000000000000000, -0.000000000000000000 ) ) ;
#4193 = VECTOR ( 'NONE', #305, 1000.000000000000000 ) ;
#4194 = LINE ( 'NONE', #3109, #2907 ) ;
#4195 = VERTEX_POINT ( 'NONE', #5154 ) ;
#4196 = VERTEX_POINT ( 'NONE', #5559 ) ;
#4197 = VECTOR ( 'NONE', #6105, 1000.000000000000000 ) ;
#4198 = EDGE_CURVE ( 'NONE', #4324, #5270, #503, .T. ) ;
#4199 = ORIENTED_EDGE ( 'NONE', *, *, #3068, .T. ) ;
#4200 = ORIENTED_EDGE ( 'NONE', *, *, #2037, .T. ) ;
#4201 = CARTESIAN_POINT ( 'NONE',  ( 0.7999999999999998224, 0.1499999999999999944, 1.225000000000000089 ) ) ;
#4202 = FACE_OUTER_BOUND ( 'NONE', #1663, .T. ) ;
#4203 = AXIS2_PLACEMENT_3D ( 'NONE', #5373, #3796, #218 ) ;
#4204 = LINE ( 'NONE', #565, #3133 ) ;
#4205 = VECTOR ( 'NONE', #3377, 1000.000000000000000 ) ;
#4206 = EDGE_LOOP ( 'NONE', ( #364, #4375, #6023, #2233 ) ) ;
#4207 = DIRECTION ( 'NONE',  ( -3.942553354492745503E-16, 0.000000000000000000, 1.000000000000000000 ) ) ;
#4208 = EDGE_CURVE ( 'NONE', #5239, #6558, #915, .T. ) ;
#4209 = CARTESIAN_POINT ( 'NONE',  ( 1.225000000000003419, 0.1499999999999999944, -0.2500000000000086597 ) ) ;
#4210 = VERTEX_POINT ( 'NONE', #4302 ) ;
#4211 = VECTOR ( 'NONE', #3391, 1000.000000000000000 ) ;
#4212 = LINE ( 'NONE', #1204, #3115 ) ;
#4213 = CARTESIAN_POINT ( 'NONE',  ( 0.000000000000000000, 0.1499999999999999944, 0.000000000000000000 ) ) ;
#4214 = VECTOR ( 'NONE', #3700, 1000.000000000000000 ) ;
#4215 = CARTESIAN_POINT ( 'NONE',  ( -0.9000000000000022427, 0.1499999999999999944, -0.8999999999999994671 ) ) ;
#4216 = DIRECTION ( 'NONE',  ( 0.000000000000000000, -1.000000000000000000, 0.000000000000000000 ) ) ;
#4217 = VECTOR ( 'NONE', #1931, 1000.000000000000000 ) ;
#4218 = CARTESIAN_POINT ( 'NONE',  ( -0.4999999999999897304, 0.000000000000000000, 0.1000000000000000056 ) ) ;
#4219 = ORIENTED_EDGE ( 'NONE', *, *, #4800, .F. ) ;
#4220 = LINE ( 'NONE', #2321, #5186 ) ;
#4221 = CARTESIAN_POINT ( 'NONE',  ( -1.500000000000000222, 0.1499999999999999944, 0.3499999999999999223 ) ) ;
#4222 = ORIENTED_EDGE ( 'NONE', *, *, #5765, .F. ) ;
#4223 = DIRECTION ( 'NONE',  ( 2.168404344971010446E-15, 0.000000000000000000, -1.000000000000000000 ) ) ;
#4224 = EDGE_CURVE ( 'NONE', #2614, #4736, #604, .T. ) ;
#4225 = CARTESIAN_POINT ( 'NONE',  ( -0.4999999999999897304, 0.1499999999999999944, -0.09999999999999999167 ) ) ;
#4226 = PLANE ( 'NONE',  #6694 ) ;
#4227 = VERTEX_POINT ( 'NONE', #5248 ) ;
#4228 = EDGE_CURVE ( 'NONE', #591, #465, #1167, .T. ) ;
#4229 = EDGE_CURVE ( 'NONE', #689, #2524, #5905, .T. ) ;
#4230 = EDGE_LOOP ( 'NONE', ( #5099, #2414, #655, #441 ) ) ;
#4231 = ORIENTED_EDGE ( 'NONE', *, *, #3163, .T. ) ;
#4232 = ORIENTED_EDGE ( 'NONE', *, *, #5894, .F. ) ;
#4233 = LINE ( 'NONE', #5760, #5816 ) ;
#4234 = CARTESIAN_POINT ( 'NONE',  ( 1.357148173950387145E-16, 0.000000000000000000, -0.8949999999999999067 ) ) ;
#4235 = LINE ( 'NONE', #4137, #1088 ) ;
#4236 = AXIS2_PLACEMENT_3D ( 'NONE', #3362, #775, #303 ) ;
#4237 = EDGE_LOOP ( 'NONE', ( #6468, #4320, #1695, #1124 ) ) ;
#4238 = ADVANCED_FACE ( 'NONE', ( #2217 ), #1650, .F. ) ;
#4239 = ORIENTED_EDGE ( 'NONE', *, *, #5423, .T. ) ;
#4240 = CARTESIAN_POINT ( 'NONE',  ( -0.3999999999999867550, 0.1499999999999999944, 0.3999999999999941380 ) ) ;
#4241 = ORIENTED_EDGE ( 'NONE', *, *, #5873, .F. ) ;
#4242 = CARTESIAN_POINT ( 'NONE',  ( 0.9249999999999996003, 0.1499999999999999944, -1.225000000000000089 ) ) ;
#4243 = CARTESIAN_POINT ( 'NONE',  ( -0.9000000000000022427, 0.000000000000000000, 0.8999999999999994671 ) ) ;
#4244 = EDGE_CURVE ( 'NONE', #6530, #2569, #3189, .T. ) ;
#4245 = PLANE ( 'NONE',  #4039 ) ;
#4246 = CARTESIAN_POINT ( 'NONE',  ( 0.2999999999999999334, 0.1499999999999999944, 1.099999999999996758 ) ) ;
#4247 = DIRECTION ( 'NONE',  ( -0.000000000000000000, -1.000000000000000000, 0.000000000000000000 ) ) ;
#4248 = LINE ( 'NONE', #6312, #1842 ) ;
#4249 = DIRECTION ( 'NONE',  ( 0.000000000000000000, -1.000000000000000000, 0.000000000000000000 ) ) ;
#4250 = LINE ( 'NONE', #6314, #594 ) ;
#4251 = VERTEX_POINT ( 'NONE', #3706 ) ;
#4252 = CARTESIAN_POINT ( 'NONE',  ( -0.1999999999999955980, 0.000000000000000000, 0.1999999999999949873 ) ) ;
#4253 = CARTESIAN_POINT ( 'NONE',  ( 0.000000000000000000, 0.000000000000000000, 1.450000000000000178 ) ) ;
#4254 = CARTESIAN_POINT ( 'NONE',  ( 1.225000000000007194, 0.000000000000000000, 0.8749999999999996669 ) ) ;
#4255 = ORIENTED_EDGE ( 'NONE', *, *, #5771, .F. ) ;
#4256 = EDGE_CURVE ( 'NONE', #4339, #6352, #1745, .T. ) ;
#4257 = VERTEX_POINT ( 'NONE', #2756 ) ;
#4258 = VERTEX_POINT ( 'NONE', #5867 ) ;
#4259 = ADVANCED_FACE ( 'NONE', ( #6279 ), #55, .T. ) ;
#4260 = EDGE_LOOP ( 'NONE', ( #2502, #2036, #3858, #5546, #3368 ) ) ;
#4261 = CARTESIAN_POINT ( 'NONE',  ( 0.7999999999999998224, 0.1499999999999999944, 1.225000000000000089 ) ) ;
#4262 = LINE ( 'NONE', #3251, #3436 ) ;
#4263 = DIRECTION ( 'NONE',  ( 1.000000000000000000, -0.000000000000000000, 0.000000000000000000 ) ) ;
#4264 = CARTESIAN_POINT ( 'NONE',  ( 0.000000000000000000, 0.000000000000000000, -0.1000000000000000056 ) ) ;
#4265 = VERTEX_POINT ( 'NONE', #640 ) ;
#4266 = MANIFOLD_SOLID_BREP ( 'Cut-Extrude1[2]', #1033 ) ;
#4267 = EDGE_LOOP ( 'NONE', ( #1248, #4129, #1007, #5966 ) ) ;
#4268 = CARTESIAN_POINT ( 'NONE',  ( -0.3999999999999867550, 0.1499999999999999944, 0.3999999999999941380 ) ) ;
#4269 = ORIENTED_EDGE ( 'NONE', *, *, #4790, .T. ) ;
#4270 = EDGE_CURVE ( 'NONE', #3279, #689, #5833, .T. ) ;
#4271 = CARTESIAN_POINT ( 'NONE',  ( -1.450000000000000400, 0.1499999999999999944, -0.1499999999999999667 ) ) ;
#4272 =( LENGTH_UNIT ( ) NAMED_UNIT ( * ) SI_UNIT ( .MILLI., .METRE. ) );
#4273 = CLOSED_SHELL ( 'NONE', ( #3812, #3740, #3316, #6600, #4638, #5899, #2725, #365, #2328, #4113, #5229, #6341, #4548, #1244, #3094, #1644, #2750, #3197, #5129, #6090, #1277, #3951, #5296, #5847, #816, #4767, #2418, #1344, #981, #3191, #3243, #5180, #341, #3146, #3932, #1834, #2883, #5537, #4984, #6067, #6684, #2510, #3408, #4546, #645, #780, #1177, #5130, #5685, #154, #1607, #4442, #4748, #6350, #1598, #4151, #5883, #472, #3438, #1370, #5523, #5766, #1471, #3523, #6510, #160, #6243, #6170, #6248, #3037, #628, #2862, #1921, #2190, #2184, #860, #2416, #4959, #78, #455, #2824, #6262, #4806, #2904, #1674, #6089, #3997, #5353, #3050, #3031, #4315, #3075, #466, #4238, #6311, #3234, #4490, #1213, #3392, #4531, #432, #3567, #2632 ) ) ;
#4274 = DIRECTION ( 'NONE',  ( 0.000000000000000000, 0.000000000000000000, 1.000000000000000000 ) ) ;
#4275 = DIRECTION ( 'NONE',  ( 3.942553354492745503E-16, 0.000000000000000000, 1.000000000000000000 ) ) ;
#4276 = EDGE_CURVE ( 'NONE', #6457, #6225, #156, .T. ) ;
#4277 = LINE ( 'NONE', #3164, #6683 ) ;
#4278 = LINE ( 'NONE', #6156, #846 ) ;
#4279 = CARTESIAN_POINT ( 'NONE',  ( -0.1999999999999955980, 0.1499999999999999944, 0.1999999999999949873 ) ) ;
#4280 = VECTOR ( 'NONE', #4401, 1000.000000000000000 ) ;
#4281 = VECTOR ( 'NONE', #94, 1000.000000000000000 ) ;
#4282 = ORIENTED_EDGE ( 'NONE', *, *, #5192, .T. ) ;
#4283 = CARTESIAN_POINT ( 'NONE',  ( -0.4999999999999897304, 0.1499999999999999944, -0.09999999999999999167 ) ) ;
#4284 = CARTESIAN_POINT ( 'NONE',  ( 0.000000000000000000, 0.1499999999999999944, 0.3499999999999999223 ) ) ;
#4285 = ORIENTED_EDGE ( 'NONE', *, *, #1129, .F. ) ;
#4286 = AXIS2_PLACEMENT_3D ( 'NONE', #3955, #5540, #3283 ) ;
#4287 = ORIENTED_EDGE ( 'NONE', *, *, #1390, .F. ) ;
#4288 = ORIENTED_EDGE ( 'NONE', *, *, #6373, .F. ) ;
#4289 = ORIENTED_EDGE ( 'NONE', *, *, #1034, .F. ) ;
#4290 = VECTOR ( 'NONE', #1215, 1000.000000000000000 ) ;
#4291 = CARTESIAN_POINT ( 'NONE',  ( -1.100000000000000311, 0.7500000000000000000, -1.100000000000000311 ) ) ;
#4292 = CARTESIAN_POINT ( 'NONE',  ( -1.450000000000000400, 0.000000000000000000, -0.1499999999999999667 ) ) ;
#4293 = DIRECTION ( 'NONE',  ( 1.000000000000000000, -0.000000000000000000, 0.000000000000000000 ) ) ;
#4294 = LINE ( 'NONE', #3865, #423 ) ;
#4295 = VERTEX_POINT ( 'NONE', #2631 ) ;
#4296 = ORIENTED_EDGE ( 'NONE', *, *, #795, .F. ) ;
#4297 = VECTOR ( 'NONE', #5220, 1000.000000000000000 ) ;
#4298 = DIRECTION ( 'NONE',  ( 0.000000000000000000, 0.000000000000000000, -1.000000000000000000 ) ) ;
#4299 = ORIENTED_EDGE ( 'NONE', *, *, #4067, .T. ) ;
#4300 = AXIS2_PLACEMENT_3D ( 'NONE', #2145, #2181, #4791 ) ;
#4301 = DIRECTION ( 'NONE',  ( 0.000000000000000000, 0.000000000000000000, -1.000000000000000000 ) ) ;
#4302 = CARTESIAN_POINT ( 'NONE',  ( -0.1800000000000016032, 0.000000000000000000, -0.3749999999999996669 ) ) ;
#4303 = EDGE_LOOP ( 'NONE', ( #1694, #5139, #5629, #757, #893 ) ) ;
#4304 = EDGE_CURVE ( 'NONE', #4498, #6677, #5221, .T. ) ;
#4305 = AXIS2_PLACEMENT_3D ( 'NONE', #5575, #3901, #6496 ) ;
#4306 = EDGE_CURVE ( 'NONE', #4295, #835, #2248, .T. ) ;
#4307 = AXIS2_PLACEMENT_3D ( 'NONE', #6706, #4132, #2173 ) ;
#4308 = VECTOR ( 'NONE', #1009, 1000.000000000000000 ) ;
#4309 = UNCERTAINTY_MEASURE_WITH_UNIT (LENGTH_MEASURE( 1.000000000000000082E-05 ), #6621, 'distance_accuracy_value', 'NONE');
#4310 = CARTESIAN_POINT ( 'NONE',  ( -1.450000000000000400, 0.1499999999999999944, 0.3499999999999999223 ) ) ;
#4311 = DIRECTION ( 'NONE',  ( 0.000000000000000000, -1.000000000000000000, 0.000000000000000000 ) ) ;
#4312 = DIRECTION ( 'NONE',  ( -1.000000000000000000, 0.000000000000000000, 0.000000000000000000 ) ) ;
#4313 = VECTOR ( 'NONE', #1958, 1000.000000000000000 ) ;
#4314 = CARTESIAN_POINT ( 'NONE',  ( 0.6750000000000000444, 0.1499999999999999944, 1.225000000000000089 ) ) ;
#4315 = ADVANCED_FACE ( 'NONE', ( #2661 ), #4706, .F. ) ;
#4316 = AXIS2_PLACEMENT_3D ( 'NONE', #4503, #6570, #3484 ) ;
#4317 = VECTOR ( 'NONE', #3661, 1000.000000000000000 ) ;
#4318 = FACE_OUTER_BOUND ( 'NONE', #4206, .T. ) ;
#4319 = FACE_OUTER_BOUND ( 'NONE', #5387, .T. ) ;
#4320 = ORIENTED_EDGE ( 'NONE', *, *, #1836, .T. ) ;
#4321 = CARTESIAN_POINT ( 'NONE',  ( 1.499999999999999778, 0.07499999999999999722, -1.500000000000000000 ) ) ;
#4322 = CARTESIAN_POINT ( 'NONE',  ( 0.1750000000000000167, 0.000000000000000000, -0.000000000000000000 ) ) ;
#4323 = LINE ( 'NONE', #4284, #1292 ) ;
#4324 = VERTEX_POINT ( 'NONE', #2393 ) ;
#4325 = EDGE_CURVE ( 'NONE', #3054, #4886, #845, .T. ) ;
#4326 = VERTEX_POINT ( 'NONE', #4939 ) ;
#4327 = EDGE_LOOP ( 'NONE', ( #6711, #498, #5909, #2065 ) ) ;
#4328 = ORIENTED_EDGE ( 'NONE', *, *, #6340, .F. ) ;
#4329 = CARTESIAN_POINT ( 'NONE',  ( 0.2999999999999999334, 0.1499999999999999944, 1.224999999999996758 ) ) ;
#4330 = DIRECTION ( 'NONE',  ( -0.7071067811865540120, 0.000000000000000000, -0.7071067811865410224 ) ) ;
#4331 = PLANE ( 'NONE',  #3678 ) ;
#4332 = CARTESIAN_POINT ( 'NONE',  ( -1.415000000000000036, 0.1499999999999999944, 0.6149999999999997691 ) ) ;
#4333 = VERTEX_POINT ( 'NONE', #3967 ) ;
#4334 = ORIENTED_EDGE ( 'NONE', *, *, #5014, .T. ) ;
#4335 = CARTESIAN_POINT ( 'NONE',  ( -0.9000000000000022427, 0.1499999999999999944, -0.8999999999999994671 ) ) ;
#4336 = ORIENTED_EDGE ( 'NONE', *, *, #4646, .F. ) ;
#4337 = FACE_OUTER_BOUND ( 'NONE', #2612, .T. ) ;
#4338 = DIRECTION ( 'NONE',  ( 0.000000000000000000, 0.000000000000000000, 1.000000000000000000 ) ) ;
#4339 = VERTEX_POINT ( 'NONE', #1376 ) ;
#4340 = ADVANCED_FACE ( 'NONE', ( #5964 ), #1903, .F. ) ;
#4341 = DIRECTION ( 'NONE',  ( 0.000000000000000000, 0.000000000000000000, 1.000000000000000000 ) ) ;
#4342 = PLANE ( 'NONE',  #1082 ) ;
#4343 = CARTESIAN_POINT ( 'NONE',  ( 1.500000000000008438, 0.1499999999999999944, 0.1249999999999897027 ) ) ;
#4344 = CARTESIAN_POINT ( 'NONE',  ( 1.225000000000013856, 0.000000000000000000, -0.7500000000000086597 ) ) ;
#4345 = PLANE ( 'NONE',  #6479 ) ;
#4346 = VECTOR ( 'NONE', #5003, 1000.000000000000000 ) ;
#4347 = LINE ( 'NONE', #4418, #2606 ) ;
#4348 = CARTESIAN_POINT ( 'NONE',  ( 1.357148173950387145E-16, 0.1499999999999999944, 0.8949999999999999067 ) ) ;
#4349 = ORIENTED_EDGE ( 'NONE', *, *, #1651, .T. ) ;
#4350 = DIRECTION ( 'NONE',  ( 0.000000000000000000, -1.000000000000000000, 0.000000000000000000 ) ) ;
#4351 = EDGE_CURVE ( 'NONE', #2345, #3141, #4976, .T. ) ;
#4352 = EDGE_CURVE ( 'NONE', #6315, #2870, #3286, .T. ) ;
#4353 = DIRECTION ( 'NONE',  ( 0.000000000000000000, 0.000000000000000000, -1.000000000000000000 ) ) ;
#4354 = LINE ( 'NONE', #5912, #406 ) ;
#4355 = DIRECTION ( 'NONE',  ( 0.000000000000000000, 1.000000000000000000, -0.000000000000000000 ) ) ;
#4356 = VERTEX_POINT ( 'NONE', #5897 ) ;
#4357 = ORIENTED_EDGE ( 'NONE', *, *, #531, .T. ) ;
#4358 = LINE ( 'NONE', #454, #6444 ) ;
#4359 = EDGE_LOOP ( 'NONE', ( #5925, #5064 ) ) ;
#4360 = ORIENTED_EDGE ( 'NONE', *, *, #666, .F. ) ;
#4361 = EDGE_CURVE ( 'NONE', #6597, #1862, #3315, .T. ) ;
#4362 = CARTESIAN_POINT ( 'NONE',  ( -1.500000000000000222, 0.8000000000000000444, -1.500000000000000000 ) ) ;
#4363 = LINE ( 'NONE', #5919, #2257 ) ;
#4364 = DIRECTION ( 'NONE',  ( -0.7071067811865464625, 0.000000000000000000, -0.7071067811865486830 ) ) ;
#4365 = CARTESIAN_POINT ( 'NONE',  ( -2.303929616531727293E-15, 0.1499999999999999944, 0.8500000000000040856 ) ) ;
#4366 = CARTESIAN_POINT ( 'NONE',  ( 0.2999999999999999334, 0.1499999999999999944, -1.224999999999996758 ) ) ;
#4367 = FACE_OUTER_BOUND ( 'NONE', #6520, .T. ) ;
#4368 = VERTEX_POINT ( 'NONE', #5420 ) ;
#4369 = CARTESIAN_POINT ( 'NONE',  ( 1.225000000000003419, 0.1499999999999999944, -0.3750000000000105471 ) ) ;
#4370 = ORIENTED_EDGE ( 'NONE', *, *, #5464, .F. ) ;
#4371 = EDGE_CURVE ( 'NONE', #4498, #4092, #4406, .T. ) ;
#4372 = DIRECTION ( 'NONE',  ( 1.000000000000000000, -0.000000000000000000, 0.000000000000000000 ) ) ;
#4373 = DIRECTION ( 'NONE',  ( -0.000000000000000000, -1.000000000000000000, -0.000000000000000000 ) ) ;
#4374 = DIRECTION ( 'NONE',  ( 0.000000000000000000, 0.000000000000000000, -1.000000000000000000 ) ) ;
#4375 = ORIENTED_EDGE ( 'NONE', *, *, #4954, .F. ) ;
#4376 = CARTESIAN_POINT ( 'NONE',  ( 1.449999999999999956, 0.000000000000000000, -0.1250000000000100753 ) ) ;
#4377 = DIRECTION ( 'NONE',  ( -1.000000000000000000, 0.000000000000000000, -0.000000000000000000 ) ) ;
#4378 = LINE ( 'NONE', #1274, #6565 ) ;
#4379 = PLANE ( 'NONE',  #2495 ) ;
#4380 = EDGE_CURVE ( 'NONE', #3960, #6680, #3415, .T. ) ;
#4381 = CARTESIAN_POINT ( 'NONE',  ( -1.500000000000000222, 0.1499999999999999944, -0.6500000000000001332 ) ) ;
#4382 = VERTEX_POINT ( 'NONE', #2885 ) ;
#4383 = LINE ( 'NONE', #5910, #1601 ) ;
#4384 = DIRECTION ( 'NONE',  ( -0.000000000000000000, -1.000000000000000000, -0.000000000000000000 ) ) ;
#4385 = DIRECTION ( 'NONE',  ( -0.7071067811865464625, 0.000000000000000000, -0.7071067811865486830 ) ) ;
#4386 = DIRECTION ( 'NONE',  ( -1.000000000000000000, 0.000000000000000000, 0.000000000000000000 ) ) ;
#4387 = EDGE_LOOP ( 'NONE', ( #1636, #3020, #5025, #5107 ) ) ;
#4388 = ORIENTED_EDGE ( 'NONE', *, *, #4726, .T. ) ;
#4389 = EDGE_CURVE ( 'NONE', #4022, #3471, #5691, .T. ) ;
#4390 = EDGE_CURVE ( 'NONE', #3475, #32, #2852, .T. ) ;
#4391 = COLOUR_RGB ( '',0.7921568627450980005, 0.8196078431372548767, 0.9333333333333333481 ) ;
#4392 = ORIENTED_EDGE ( 'NONE', *, *, #1434, .T. ) ;
#4393 = CARTESIAN_POINT ( 'NONE',  ( 0.000000000000000000, 0.000000000000000000, 0.1000000000000000056 ) ) ;
#4394 = CARTESIAN_POINT ( 'NONE',  ( 0.000000000000000000, 0.1499999999999999944, -1.500000000000000000 ) ) ;
#4395 = VECTOR ( 'NONE', #2456, 1000.000000000000000 ) ;
#4396 = DIRECTION ( 'NONE',  ( -1.000000000000000000, 0.000000000000000000, -0.000000000000000000 ) ) ;
#4397 = ORIENTED_EDGE ( 'NONE', *, *, #2370, .T. ) ;
#4398 = CARTESIAN_POINT ( 'NONE',  ( 1.478457507934823013E-16, 0.1499999999999999944, -0.3750000000000109912 ) ) ;
#4399 = VERTEX_POINT ( 'NONE', #702 ) ;
#4400 = EDGE_CURVE ( 'NONE', #2081, #3514, #5470, .T. ) ;
#4401 = DIRECTION ( 'NONE',  ( 0.000000000000000000, -1.000000000000000000, 0.000000000000000000 ) ) ;
#4402 = AXIS2_PLACEMENT_3D ( 'NONE', #754, #4987, #2895 ) ;
#4403 = ORIENTED_EDGE ( 'NONE', *, *, #6607, .T. ) ;
#4404 = ORIENTED_EDGE ( 'NONE', *, *, #2741, .T. ) ;
#4405 = DIRECTION ( 'NONE',  ( 0.000000000000000000, -1.000000000000000000, 0.000000000000000000 ) ) ;
#4406 = LINE ( 'NONE', #5385, #1906 ) ;
#4407 = PLANE ( 'NONE',  #5074 ) ;
#4408 = VECTOR ( 'NONE', #6142, 1000.000000000000000 ) ;
#4409 = ORIENTED_EDGE ( 'NONE', *, *, #2906, .F. ) ;
#4410 = ADVANCED_FACE ( 'NONE', ( #771 ), #3836, .T. ) ;
#4411 = CARTESIAN_POINT ( 'NONE',  ( 1.225000000000010303, 0.1499999999999999944, 0.3749999999999931721 ) ) ;
#4412 = DIRECTION ( 'NONE',  ( 0.000000000000000000, 1.000000000000000000, 0.000000000000000000 ) ) ;
#4413 = AXIS2_PLACEMENT_3D ( 'NONE', #2718, #2078, #82 ) ;
#4414 = DIRECTION ( 'NONE',  ( 1.000000000000000000, 0.000000000000000000, 0.000000000000000000 ) ) ;
#4415 = LINE ( 'NONE', #6034, #6255 ) ;
#4416 = VECTOR ( 'NONE', #3446, 1000.000000000000000 ) ;
#4417 = VECTOR ( 'NONE', #6364, 1000.000000000000000 ) ;
#4418 = CARTESIAN_POINT ( 'NONE',  ( 1.449999999999999956, 0.07499999999999999722, 1.450000000000000178 ) ) ;
#4419 = DIRECTION ( 'NONE',  ( -1.000000000000000000, 0.000000000000000000, 0.000000000000000000 ) ) ;
#4420 = CIRCLE ( 'NONE', #961, 0.1249999999999998890 ) ;
#4421 = LINE ( 'NONE', #2897, #4313 ) ;
#4422 = CARTESIAN_POINT ( 'NONE',  ( 1.449999999999999956, 0.07499999999999999722, -1.450000000000000178 ) ) ;
#4423 = ORIENTED_EDGE ( 'NONE', *, *, #962, .F. ) ;
#4424 = VECTOR ( 'NONE', #3623, 1000.000000000000000 ) ;
#4425 = VECTOR ( 'NONE', #101, 1000.000000000000000 ) ;
#4426 = EDGE_CURVE ( 'NONE', #5817, #982, #3873, .T. ) ;
#4427 = CARTESIAN_POINT ( 'NONE',  ( -1.450000000000000400, 0.07499999999999999722, -1.450000000000000178 ) ) ;
#4428 = ORIENTED_EDGE ( 'NONE', *, *, #1039, .T. ) ;
#4429 = ORIENTED_EDGE ( 'NONE', *, *, #3665, .T. ) ;
#4430 = DIRECTION ( 'NONE',  ( 0.000000000000000000, 0.000000000000000000, 1.000000000000000000 ) ) ;
#4431 = DIRECTION ( 'NONE',  ( -6.938893903907246521E-15, 0.000000000000000000, -1.000000000000000000 ) ) ;
#4432 = EDGE_CURVE ( 'NONE', #6375, #3405, #3933, .T. ) ;
#4433 = EDGE_CURVE ( 'NONE', #2113, #4097, #2351, .T. ) ;
#4434 = CARTESIAN_POINT ( 'NONE',  ( 0.09749999999999874045, 0.1499999999999999944, -0.09749999999999843514 ) ) ;
#4435 = ORIENTED_EDGE ( 'NONE', *, *, #5515, .T. ) ;
#4436 = ORIENTED_EDGE ( 'NONE', *, *, #1554, .F. ) ;
#4437 = ORIENTED_EDGE ( 'NONE', *, *, #4118, .F. ) ;
#4438 = ORIENTED_EDGE ( 'NONE', *, *, #4019, .T. ) ;
#4439 = DIRECTION ( 'NONE',  ( 0.000000000000000000, 1.000000000000000000, 0.000000000000000000 ) ) ;
#4440 = ADVANCED_FACE ( 'NONE', ( #225 ), #2320, .F. ) ;
#4441 = CARTESIAN_POINT ( 'NONE',  ( 0.000000000000000000, 0.1499999999999999944, 0.000000000000000000 ) ) ;
#4442 = ADVANCED_FACE ( 'NONE', ( #6534 ), #1311, .T. ) ;
#4443 = PLANE ( 'NONE',  #1624 ) ;
#4444 = MANIFOLD_SOLID_BREP ( 'Cut-Extrude1[10]', #3952 ) ;
#4445 = CARTESIAN_POINT ( 'NONE',  ( 0.2999999999999999334, 0.1499999999999999944, 1.224999999999996758 ) ) ;
#4446 = PLANE ( 'NONE',  #2663 ) ;
#4447 = CARTESIAN_POINT ( 'NONE',  ( -1.500000000000000222, 0.07499999999999999722, 0.1499999999999999667 ) ) ;
#4448 = LINE ( 'NONE', #811, #2164 ) ;
#4449 = EDGE_CURVE ( 'NONE', #6187, #4041, #6569, .T. ) ;
#4450 = FACE_OUTER_BOUND ( 'NONE', #1960, .T. ) ;
#4451 = DIRECTION ( 'NONE',  ( -1.000000000000000000, 0.000000000000000000, -3.114617150049426547E-14 ) ) ;
#4452 = CARTESIAN_POINT ( 'NONE',  ( 0.000000000000000000, 0.07499999999999999722, 0.000000000000000000 ) ) ;
#4453 = EDGE_LOOP ( 'NONE', ( #4005, #4082, #360, #4599, #6161, #5297 ) ) ;
#4454 = EDGE_CURVE ( 'NONE', #1147, #4258, #5114, .T. ) ;
#4455 = DIRECTION ( 'NONE',  ( 0.000000000000000000, 1.000000000000000000, 0.000000000000000000 ) ) ;
#4456 = PRESENTATION_STYLE_ASSIGNMENT (( #1430 ) ) ;
#4457 = VERTEX_POINT ( 'NONE', #4568 ) ;
#4458 = VERTEX_POINT ( 'NONE', #5587 ) ;
#4459 = LINE ( 'NONE', #5438, #2984 ) ;
#4460 = VERTEX_POINT ( 'NONE', #6713 ) ;
#4461 = CARTESIAN_POINT ( 'NONE',  ( 0.4249999999999996003, 0.1499999999999999944, 1.224999999999996758 ) ) ;
#4462 = ORIENTED_EDGE ( 'NONE', *, *, #5339, .F. ) ;
#4463 = DIRECTION ( 'NONE',  ( 0.000000000000000000, 0.000000000000000000, -1.000000000000000000 ) ) ;
#4464 = LINE ( 'NONE', #5954, #6030 ) ;
#4465 = CARTESIAN_POINT ( 'NONE',  ( -1.415000000000000036, 0.000000000000000000, -0.3850000000000003419 ) ) ;
#4466 = EDGE_CURVE ( 'NONE', #6293, #4759, #906, .T. ) ;
#4467 = VERTEX_POINT ( 'NONE', #362 ) ;
#4468 = ORIENTED_EDGE ( 'NONE', *, *, #1555, .T. ) ;
#4469 = ORIENTED_EDGE ( 'NONE', *, *, #16, .F. ) ;
#4470 = ORIENTED_EDGE ( 'NONE', *, *, #1290, .T. ) ;
#4471 = CARTESIAN_POINT ( 'NONE',  ( 0.000000000000000000, 0.1499999999999999944, -0.6500000000000001332 ) ) ;
#4472 = CARTESIAN_POINT ( 'NONE',  ( 0.9249999999999994893, 0.1499999999999999944, -1.450000000000000178 ) ) ;
#4473 = CARTESIAN_POINT ( 'NONE',  ( 0.1750000000000000167, 0.000000000000000000, 0.000000000000000000 ) ) ;
#4474 = ORIENTED_EDGE ( 'NONE', *, *, #4019, .F. ) ;
#4475 = EDGE_CURVE ( 'NONE', #527, #1728, #4502, .T. ) ;
#4476 = MANIFOLD_SOLID_BREP ( 'Cut-Extrude1[3]', #1256 ) ;
#4477 = FACE_OUTER_BOUND ( 'NONE', #5825, .T. ) ;
#4478 = CARTESIAN_POINT ( 'NONE',  ( 0.7999999999999998224, 0.1499999999999999944, 1.100000000000000311 ) ) ;
#4479 = CARTESIAN_POINT ( 'NONE',  ( -0.7000000000000003997, 0.1499999999999999944, -0.8950000000000000178 ) ) ;
#4480 = EDGE_CURVE ( 'NONE', #4196, #6293, #5520, .T. ) ;
#4481 = LINE ( 'NONE', #1914, #721 ) ;
#4482 = DIRECTION ( 'NONE',  ( 0.000000000000000000, 0.000000000000000000, 1.000000000000000000 ) ) ;
#4483 = PLANE ( 'NONE',  #6238 ) ;
#4484 = MANIFOLD_SOLID_BREP ( 'Cut-Extrude3', #4273 ) ;
#4485 = CARTESIAN_POINT ( 'NONE',  ( 0.000000000000000000, 0.1499999999999999944, 0.1000000000000000056 ) ) ;
#4486 = LINE ( 'NONE', #892, #4605 ) ;
#4487 = VERTEX_POINT ( 'NONE', #5212 ) ;
#4488 = VECTOR ( 'NONE', #4163, 1000.000000000000000 ) ;
#4489 = ORIENTED_EDGE ( 'NONE', *, *, #4646, .T. ) ;
#4490 = ADVANCED_FACE ( 'NONE', ( #3149 ), #2954, .F. ) ;
#4491 = CARTESIAN_POINT ( 'NONE',  ( 0.6750000000000004885, 0.1499999999999999944, -2.661223514282605199E-16 ) ) ;
#4492 = ORIENTED_EDGE ( 'NONE', *, *, #5095, .F. ) ;
#4493 = LINE ( 'NONE', #4967, #188 ) ;
#4494 = PLANE ( 'NONE',  #3884 ) ;
#4495 = CARTESIAN_POINT ( 'NONE',  ( -1.450000000000000400, 0.000000000000000000, 0.3499999999999994227 ) ) ;
#4496 = PRESENTATION_LAYER_ASSIGNMENT (  '', '', ( #3100 ) ) ;
#4497 = ORIENTED_EDGE ( 'NONE', *, *, #3733, .F. ) ;
#4498 = VERTEX_POINT ( 'NONE', #115 ) ;
#4499 = ORIENTED_EDGE ( 'NONE', *, *, #4024, .F. ) ;
#4500 = VECTOR ( 'NONE', #387, 1000.000000000000000 ) ;
#4501 = LINE ( 'NONE', #6532, #1286 ) ;
#4502 = LINE ( 'NONE', #5042, #2128 ) ;
#4503 = CARTESIAN_POINT ( 'NONE',  ( 0.000000000000000000, 0.1499999999999999944, 0.000000000000000000 ) ) ;
#4504 = VERTEX_POINT ( 'NONE', #5181 ) ;
#4505 = CIRCLE ( 'NONE', #605, 0.1249999999999998890 ) ;
#4506 = CARTESIAN_POINT ( 'NONE',  ( 0.9249999999999996003, 0.1499999999999999944, -1.225000000000000089 ) ) ;
#4507 = PLANE ( 'NONE',  #3875 ) ;
#4508 = ORIENTED_EDGE ( 'NONE', *, *, #1655, .T. ) ;
#4509 = LINE ( 'NONE', #5593, #1714 ) ;
#4510 = CARTESIAN_POINT ( 'NONE',  ( -1.450000000000000400, 0.07499999999999999722, -1.450000000000000178 ) ) ;
#4511 = VECTOR ( 'NONE', #6541, 1000.000000000000000 ) ;
#4512 = EDGE_CURVE ( 'NONE', #1101, #3405, #6296, .T. ) ;
#4513 = AXIS2_PLACEMENT_3D ( 'NONE', #858, #2466, #1481 ) ;
#4514 = AXIS2_PLACEMENT_3D ( 'NONE', #5551, #4600, #876 ) ;
#4515 = CARTESIAN_POINT ( 'NONE',  ( 1.449999999999999956, 0.000000000000000000, -0.3750000000000105471 ) ) ;
#4516 = CARTESIAN_POINT ( 'NONE',  ( 5.618138530152335830E-15, 0.1499999999999999944, 0.3750000000000115463 ) ) ;
#4517 = ORIENTED_EDGE ( 'NONE', *, *, #2450, .F. ) ;
#4518 = AXIS2_PLACEMENT_3D ( 'NONE', #2342, #4762, #4330 ) ;
#4519 = DIRECTION ( 'NONE',  ( -1.000000000000000000, 0.000000000000000000, 4.455085290576799120E-14 ) ) ;
#4520 = VECTOR ( 'NONE', #3737, 1000.000000000000000 ) ;
#4521 = ADVANCED_FACE ( 'NONE', ( #4670 ), #3698, .F. ) ;
#4522 = ORIENTED_EDGE ( 'NONE', *, *, #6416, .F. ) ;
#4523 = STYLED_ITEM ( 'NONE', ( #1659 ), #5535 ) ;
#4524 = FACE_OUTER_BOUND ( 'NONE', #5088, .T. ) ;
#4525 = CIRCLE ( 'NONE', #2487, 0.1249999999999998890 ) ;
#4526 = DIRECTION ( 'NONE',  ( -0.000000000000000000, 1.000000000000000000, 0.000000000000000000 ) ) ;
#4527 = ORIENTED_EDGE ( 'NONE', *, *, #2955, .T. ) ;
#4528 = CARTESIAN_POINT ( 'NONE',  ( 0.6750000000000000444, 0.000000000000000000, 1.225000000000000089 ) ) ;
#4529 = DIRECTION ( 'NONE',  ( 0.7071067811865540120, 0.000000000000000000, 0.7071067811865410224 ) ) ;
#4530 = VECTOR ( 'NONE', #1977, 1000.000000000000000 ) ;
#4531 = ADVANCED_FACE ( 'NONE', ( #632 ), #5761, .F. ) ;
#4532 = DIRECTION ( 'NONE',  ( 3.942553354492745503E-16, 0.000000000000000000, 1.000000000000000000 ) ) ;
#4533 = AXIS2_PLACEMENT_3D ( 'NONE', #1072, #2634, #5122 ) ;
#4534 = EDGE_LOOP ( 'NONE', ( #719, #2680, #5439, #4190, #2422, #4285, #1091, #180, #4889, #3313, #616, #3644, #4585, #3486, #4766, #4582, #2554, #2619, #699, #1990 ) ) ;
#4535 = AXIS2_PLACEMENT_3D ( 'NONE', #2343, #4396, #6466 ) ;
#4536 = VECTOR ( 'NONE', #2799, 1000.000000000000000 ) ;
#4537 = ORIENTED_EDGE ( 'NONE', *, *, #2696, .T. ) ;
#4538 = LINE ( 'NONE', #6672, #3121 ) ;
#4539 = PRESENTATION_STYLE_ASSIGNMENT (( #1415 ) ) ;
#4540 = CARTESIAN_POINT ( 'NONE',  ( 0.1750000000000000167, 0.000000000000000000, -1.450000000000000178 ) ) ;
#4541 = ORIENTED_EDGE ( 'NONE', *, *, #4911, .F. ) ;
#4542 = CARTESIAN_POINT ( 'NONE',  ( 0.6749999999999999334, 0.1499999999999999944, -1.450000000000000178 ) ) ;
#4543 = ORIENTED_EDGE ( 'NONE', *, *, #540, .F. ) ;
#4544 = CARTESIAN_POINT ( 'NONE',  ( -9.856383386230957800E-17, 0.000000000000000000, 0.1249999999999885092 ) ) ;
#4545 = LINE ( 'NONE', #6174, #3334 ) ;
#4546 = ADVANCED_FACE ( 'NONE', ( #4202 ), #2209, .F. ) ;
#4547 = DIRECTION ( 'NONE',  ( 0.000000000000000000, 1.000000000000000000, -0.000000000000000000 ) ) ;
#4548 = ADVANCED_FACE ( 'NONE', ( #3183 ), #534, .T. ) ;
#4549 = CARTESIAN_POINT ( 'NONE',  ( -1.450000000000000400, 0.1499999999999999944, 0.1499999999999999667 ) ) ;
#4550 = EDGE_LOOP ( 'NONE', ( #2771, #1841, #197, #5927, #2377, #6402 ) ) ;
#4551 = PLANE ( 'NONE',  #849 ) ;
#4552 =( NAMED_UNIT ( * ) PLANE_ANGLE_UNIT ( ) SI_UNIT ( $, .RADIAN. ) );
#4553 = VERTEX_POINT ( 'NONE', #6228 ) ;
#4554 = ORIENTED_EDGE ( 'NONE', *, *, #5340, .T. ) ;
#4555 = EDGE_CURVE ( 'NONE', #4890, #289, #3622, .T. ) ;
#4556 = EDGE_CURVE ( 'NONE', #799, #6670, #3725, .T. ) ;
#4557 = ORIENTED_EDGE ( 'NONE', *, *, #913, .T. ) ;
#4558 = DIRECTION ( 'NONE',  ( -0.000000000000000000, -1.000000000000000000, -0.000000000000000000 ) ) ;
#4559 = ORIENTED_EDGE ( 'NONE', *, *, #4555, .T. ) ;
#4560 = DIRECTION ( 'NONE',  ( -1.000000000000000000, 0.000000000000000000, -0.000000000000000000 ) ) ;
#4561 = FACE_OUTER_BOUND ( 'NONE', #5002, .T. ) ;
#4562 = LINE ( 'NONE', #4058, #4846 ) ;
#4563 = VERTEX_POINT ( 'NONE', #5727 ) ;
#4564 = ORIENTED_EDGE ( 'NONE', *, *, #2402, .F. ) ;
#4565 = EDGE_CURVE ( 'NONE', #1260, #650, #5786, .T. ) ;
#4566 = ORIENTED_EDGE ( 'NONE', *, *, #3324, .F. ) ;
#4567 = DIRECTION ( 'NONE',  ( -0.000000000000000000, -1.000000000000000000, -0.000000000000000000 ) ) ;
#4568 = CARTESIAN_POINT ( 'NONE',  ( 0.9249999999999994893, 0.000000000000000000, -1.450000000000000178 ) ) ;
#4569 = FACE_OUTER_BOUND ( 'NONE', #6660, .T. ) ;
#4570 = ORIENTED_EDGE ( 'NONE', *, *, #2485, .T. ) ;
#4571 = VECTOR ( 'NONE', #5834, 1000.000000000000000 ) ;
#4572 = EDGE_CURVE ( 'NONE', #591, #4988, #4763, .T. ) ;
#4573 = CARTESIAN_POINT ( 'NONE',  ( 0.000000000000000000, 0.1499999999999999944, -0.1000000000000000056 ) ) ;
#4574 = ORIENTED_EDGE ( 'NONE', *, *, #2657, .F. ) ;
#4575 = DIRECTION ( 'NONE',  ( -1.000000000000000000, 0.000000000000000000, 8.673617379884040205E-15 ) ) ;
#4576 = CARTESIAN_POINT ( 'NONE',  ( -2.258754526011375044E-16, 0.000000000000000000, 0.3750000000000104361 ) ) ;
#4577 = VECTOR ( 'NONE', #4773, 1000.000000000000000 ) ;
#4578 = DIRECTION ( 'NONE',  ( -7.885106708985491006E-16, 0.000000000000000000, 1.000000000000000000 ) ) ;
#4579 = LINE ( 'NONE', #5528, #504 ) ;
#4580 = LINE ( 'NONE', #5529, #6107 ) ;
#4581 = CARTESIAN_POINT ( 'NONE',  ( 0.4249999999999996003, 0.1499999999999999944, -1.224999999999996758 ) ) ;
#4582 = ORIENTED_EDGE ( 'NONE', *, *, #4758, .T. ) ;
#4583 = LINE ( 'NONE', #3681, #4637 ) ;
#4584 = DIRECTION ( 'NONE',  ( 1.000000000000000000, 0.000000000000000000, 0.000000000000000000 ) ) ;
#4585 = ORIENTED_EDGE ( 'NONE', *, *, #1136, .T. ) ;
#4586 = DIRECTION ( 'NONE',  ( -0.000000000000000000, -1.000000000000000000, -0.000000000000000000 ) ) ;
#4587 = VERTEX_POINT ( 'NONE', #6327 ) ;
#4588 = DIRECTION ( 'NONE',  ( -0.7071067811865464625, 0.000000000000000000, 0.7071067811865486830 ) ) ;
#4589 = ORIENTED_EDGE ( 'NONE', *, *, #1008, .T. ) ;
#4590 = CARTESIAN_POINT ( 'NONE',  ( -1.500000000000000222, 0.1499999999999999944, -0.6500000000000001332 ) ) ;
#4591 = DIRECTION ( 'NONE',  ( 0.000000000000000000, 0.000000000000000000, 1.000000000000000000 ) ) ;
#4592 = VECTOR ( 'NONE', #1023, 1000.000000000000000 ) ;
#4593 = DIRECTION ( 'NONE',  ( -0.000000000000000000, 0.000000000000000000, 1.000000000000000000 ) ) ;
#4594 = ORIENTED_EDGE ( 'NONE', *, *, #355, .T. ) ;
#4595 = ORIENTED_EDGE ( 'NONE', *, *, #2086, .F. ) ;
#4596 = EDGE_CURVE ( 'NONE', #937, #6066, #1699, .T. ) ;
#4597 = ORIENTED_EDGE ( 'NONE', *, *, #638, .T. ) ;
#4598 = DIRECTION ( 'NONE',  ( -1.000000000000000000, 0.000000000000000000, 3.863702287402771662E-14 ) ) ;
#4599 = ORIENTED_EDGE ( 'NONE', *, *, #414, .T. ) ;
#4600 = DIRECTION ( 'NONE',  ( 0.000000000000000000, 0.000000000000000000, -1.000000000000000000 ) ) ;
#4601 = CARTESIAN_POINT ( 'NONE',  ( -1.450000000000000400, 0.07499999999999999722, -1.450000000000000178 ) ) ;
#4602 = CARTESIAN_POINT ( 'NONE',  ( 0.000000000000000000, 0.07499999999999999722, -0.1499999999999999667 ) ) ;
#4603 = ADVANCED_FACE ( 'NONE', ( #5821 ), #1197, .T. ) ;
#4604 = EDGE_LOOP ( 'NONE', ( #1682, #4165, #4121, #2005 ) ) ;
#4605 = VECTOR ( 'NONE', #3534, 1000.000000000000000 ) ;
#4606 = LINE ( 'NONE', #5524, #6017 ) ;
#4607 = ORIENTED_EDGE ( 'NONE', *, *, #1868, .F. ) ;
#4608 = FACE_OUTER_BOUND ( 'NONE', #1214, .T. ) ;
#4609 = CARTESIAN_POINT ( 'NONE',  ( 0.000000000000000000, 0.1499999999999999944, 0.1000000000000000056 ) ) ;
#4610 = VECTOR ( 'NONE', #3218, 1000.000000000000000 ) ;
#4611 = EDGE_CURVE ( 'NONE', #4458, #5077, #762, .T. ) ;
#4612 = FACE_OUTER_BOUND ( 'NONE', #626, .T. ) ;
#4613 = DIRECTION ( 'NONE',  ( -1.000000000000000000, 0.000000000000000000, -7.885106708985491006E-16 ) ) ;
#4614 = DIRECTION ( 'NONE',  ( -0.7071067811865517916, 0.000000000000000000, -0.7071067811865432429 ) ) ;
#4615 = CARTESIAN_POINT ( 'NONE',  ( -1.100000000000000311, 0.8000000000000000444, -1.100000000000000311 ) ) ;
#4616 = AXIS2_PLACEMENT_3D ( 'NONE', #4452, #6418, #3982 ) ;
#4617 = CARTESIAN_POINT ( 'NONE',  ( 0.6749999999999999334, 0.07499999999999999722, -1.500000000000000000 ) ) ;
#4618 = DIRECTION ( 'NONE',  ( -1.000000000000000000, 0.000000000000000000, -0.000000000000000000 ) ) ;
#4619 = DIRECTION ( 'NONE',  ( 0.000000000000000000, 1.000000000000000000, 0.000000000000000000 ) ) ;
#4620 = ORIENTED_EDGE ( 'NONE', *, *, #3130, .F. ) ;
#4621 = VECTOR ( 'NONE', #2430, 1000.000000000000000 ) ;
#4622 = VECTOR ( 'NONE', #2357, 1000.000000000000000 ) ;
#4623 = VERTEX_POINT ( 'NONE', #4824 ) ;
#4624 = SURFACE_STYLE_FILL_AREA ( #2069 ) ;
#4625 = ORIENTED_EDGE ( 'NONE', *, *, #1854, .F. ) ;
#4626 = AXIS2_PLACEMENT_3D ( 'NONE', #224, #3872, #1310 ) ;
#4627 = FACE_OUTER_BOUND ( 'NONE', #3910, .T. ) ;
#4628 = LINE ( 'NONE', #6219, #3017 ) ;
#4629 = AXIS2_PLACEMENT_3D ( 'NONE', #727, #2775, #2814 ) ;
#4630 = COLOUR_RGB ( '',0.7921568627450980005, 0.8196078431372548767, 0.9333333333333333481 ) ;
#4631 = EDGE_CURVE ( 'NONE', #4871, #278, #4893, .T. ) ;
#4632 = ORIENTED_EDGE ( 'NONE', *, *, #4075, .F. ) ;
#4633 = AXIS2_PLACEMENT_3D ( 'NONE', #6015, #1402, #430 ) ;
#4634 = EDGE_LOOP ( 'NONE', ( #4127, #5203, #6236, #3694 ) ) ;
#4635 = EDGE_CURVE ( 'NONE', #3272, #901, #2236, .T. ) ;
#4636 = ORIENTED_EDGE ( 'NONE', *, *, #4942, .F. ) ;
#4637 = VECTOR ( 'NONE', #2636, 1000.000000000000000 ) ;
#4638 = ADVANCED_FACE ( 'NONE', ( #219 ), #4331, .T. ) ;
#4639 = CARTESIAN_POINT ( 'NONE',  ( 0.1750000000000000167, 0.1499999999999999944, 0.000000000000000000 ) ) ;
#4640 = CARTESIAN_POINT ( 'NONE',  ( 0.000000000000000000, 0.1499999999999999944, -0.3499999999999999223 ) ) ;
#4641 = EDGE_LOOP ( 'NONE', ( #4468, #3016, #1605, #3382 ) ) ;
#4642 = AXIS2_PLACEMENT_3D ( 'NONE', #1110, #3166, #6476 ) ;
#4643 = VECTOR ( 'NONE', #4364, 1000.000000000000000 ) ;
#4644 = DIRECTION ( 'NONE',  ( 1.000000000000000000, 0.000000000000000000, 0.000000000000000000 ) ) ;
#4645 = CARTESIAN_POINT ( 'NONE',  ( 0.000000000000000000, 0.000000000000000000, -1.450000000000000178 ) ) ;
#4646 = EDGE_CURVE ( 'NONE', #1191, #1704, #3277, .T. ) ;
#4647 = ORIENTED_EDGE ( 'NONE', *, *, #3942, .T. ) ;
#4648 = EDGE_CURVE ( 'NONE', #2226, #1305, #3828, .T. ) ;
#4649 = CARTESIAN_POINT ( 'NONE',  ( -1.415000000000000258, 0.1499999999999999944, -0.8950000000000001288 ) ) ;
#4650 = DIRECTION ( 'NONE',  ( 0.000000000000000000, -1.000000000000000000, 0.000000000000000000 ) ) ;
#4651 = UNCERTAINTY_MEASURE_WITH_UNIT (LENGTH_MEASURE( 1.000000000000000082E-05 ), #484, 'distance_accuracy_value', 'NONE');
#4652 = LINE ( 'NONE', #5869, #5419 ) ;
#4653 = EDGE_CURVE ( 'NONE', #3141, #39, #693, .T. ) ;
#4654 = DIRECTION ( 'NONE',  ( -1.000000000000000000, 0.000000000000000000, 1.498170274707243380E-14 ) ) ;
#4655 = ORIENTED_EDGE ( 'NONE', *, *, #5380, .T. ) ;
#4656 = CARTESIAN_POINT ( 'NONE',  ( -0.4000000000000001332, 0.1499999999999999944, -0.4000000000000001332 ) ) ;
#4657 = EDGE_LOOP ( 'NONE', ( #1218, #4037, #2713, #5236 ) ) ;
#4658 = EDGE_LOOP ( 'NONE', ( #3301, #2135, #5934, #4404 ) ) ;
#4659 = ORIENTED_EDGE ( 'NONE', *, *, #758, .F. ) ;
#4660 = DIRECTION ( 'NONE',  ( 0.000000000000000000, 0.000000000000000000, -1.000000000000000000 ) ) ;
#4661 = DIRECTION ( 'NONE',  ( -1.000000000000000000, -0.000000000000000000, 3.863702287402771662E-14 ) ) ;
#4662 = VERTEX_POINT ( 'NONE', #3305 ) ;
#4663 = ORIENTED_EDGE ( 'NONE', *, *, #3271, .T. ) ;
#4664 = ORIENTED_EDGE ( 'NONE', *, *, #4361, .F. ) ;
#4665 = LINE ( 'NONE', #10, #4488 ) ;
#4666 = CARTESIAN_POINT ( 'NONE',  ( 1.449999999999999956, 0.000000000000000000, 0.8749999999999910072 ) ) ;
#4667 = ORIENTED_EDGE ( 'NONE', *, *, #744, .T. ) ;
#4668 = CARTESIAN_POINT ( 'NONE',  ( 1.499999999999972911, 0.1499999999999999944, -7.285838599102467365E-14 ) ) ;
#4669 = EDGE_CURVE ( 'NONE', #6094, #6336, #2312, .T. ) ;
#4670 = FACE_OUTER_BOUND ( 'NONE', #207, .T. ) ;
#4671 = DIRECTION ( 'NONE',  ( 0.000000000000000000, 1.000000000000000000, -0.000000000000000000 ) ) ;
#4672 = ORIENTED_EDGE ( 'NONE', *, *, #3798, .T. ) ;
#4673 = CARTESIAN_POINT ( 'NONE',  ( 1.225000000000010303, 0.000000000000000000, 0.3749999999999931721 ) ) ;
#4674 = ORIENTED_EDGE ( 'NONE', *, *, #1985, .T. ) ;
#4675 = LINE ( 'NONE', #2728, #723 ) ;
#4676 = CARTESIAN_POINT ( 'NONE',  ( -0.5499999999999894973, 0.1499999999999999944, -0.1499999999999999667 ) ) ;
#4677 = EDGE_CURVE ( 'NONE', #3178, #3384, #5164, .T. ) ;
#4678 = DIRECTION ( 'NONE',  ( 0.000000000000000000, -1.000000000000000000, 0.000000000000000000 ) ) ;
#4679 = CARTESIAN_POINT ( 'NONE',  ( -1.500000000000000222, 0.07499999999999999722, -1.500000000000000000 ) ) ;
#4680 = DIRECTION ( 'NONE',  ( 1.458744741162315831E-14, -0.000000000000000000, 1.000000000000000000 ) ) ;
#4681 = CARTESIAN_POINT ( 'NONE',  ( -1.500000000000000222, 0.07499999999999999722, -1.500000000000000000 ) ) ;
#4682 = CARTESIAN_POINT ( 'NONE',  ( -1.450000000000000400, 0.000000000000000000, -0.8600000000000000977 ) ) ;
#4683 = VERTEX_POINT ( 'NONE', #5374 ) ;
#4684 = ADVANCED_FACE ( 'NONE', ( #728 ), #1297, .F. ) ;
#4685 = LINE ( 'NONE', #4808, #2167 ) ;
#4686 = ORIENTED_EDGE ( 'NONE', *, *, #1870, .T. ) ;
#4687 = DIRECTION ( 'NONE',  ( 0.000000000000000000, 0.000000000000000000, 1.000000000000000000 ) ) ;
#4688 = ORIENTED_EDGE ( 'NONE', *, *, #1018, .F. ) ;
#4689 = FACE_OUTER_BOUND ( 'NONE', #2318, .T. ) ;
#4690 = CARTESIAN_POINT ( 'NONE',  ( -1.460000000000000631, 0.1499999999999999944, 0.8500000000000000888 ) ) ;
#4691 = AXIS2_PLACEMENT_3D ( 'NONE', #199, #5969, #2292 ) ;
#4692 = VERTEX_POINT ( 'NONE', #3198 ) ;
#4693 = EDGE_LOOP ( 'NONE', ( #5199, #5602, #4349, #5369 ) ) ;
#4694 = VERTEX_POINT ( 'NONE', #6313 ) ;
#4695 = ORIENTED_EDGE ( 'NONE', *, *, #152, .F. ) ;
#4696 = DIRECTION ( 'NONE',  ( -0.000000000000000000, 0.000000000000000000, 1.000000000000000000 ) ) ;
#4697 = ORIENTED_EDGE ( 'NONE', *, *, #1801, .F. ) ;
#4698 = CIRCLE ( 'NONE', #1788, 0.1249999999999998890 ) ;
#4699 = CARTESIAN_POINT ( 'NONE',  ( 0.2999999999999999334, 0.000000000000000000, 1.099999999999996758 ) ) ;
#4700 = CARTESIAN_POINT ( 'NONE',  ( -1.450000000000000400, 0.07499999999999999722, -1.450000000000000178 ) ) ;
#4701 = DIRECTION ( 'NONE',  ( 0.000000000000000000, 0.000000000000000000, 1.000000000000000000 ) ) ;
#4702 = ORIENTED_EDGE ( 'NONE', *, *, #1053, .T. ) ;
#4703 = CARTESIAN_POINT ( 'NONE',  ( 1.225000000000007194, 0.000000000000000000, 0.8749999999999996669 ) ) ;
#4704 = ORIENTED_EDGE ( 'NONE', *, *, #4800, .T. ) ;
#4705 = DIRECTION ( 'NONE',  ( 1.000000000000000000, 0.000000000000000000, -3.942553354492745503E-16 ) ) ;
#4706 = PLANE ( 'NONE',  #4707 ) ;
#4707 = AXIS2_PLACEMENT_3D ( 'NONE', #4870, #1846, #5989 ) ;
#4708 = EDGE_CURVE ( 'NONE', #5244, #4326, #2224, .T. ) ;
#4709 = DIRECTION ( 'NONE',  ( -0.000000000000000000, -1.000000000000000000, -0.000000000000000000 ) ) ;
#4710 = DIRECTION ( 'NONE',  ( 0.000000000000000000, -0.000000000000000000, 1.000000000000000000 ) ) ;
#4711 = EDGE_CURVE ( 'NONE', #4125, #6293, #1210, .T. ) ;
#4712 = VECTOR ( 'NONE', #6523, 1000.000000000000000 ) ;
#4713 = DIRECTION ( 'NONE',  ( 0.7071067811865540120, 0.000000000000000000, 0.7071067811865410224 ) ) ;
#4714 = VECTOR ( 'NONE', #4558, 1000.000000000000000 ) ;
#4715 = LINE ( 'NONE', #4221, #5286 ) ;
#4716 = ORIENTED_EDGE ( 'NONE', *, *, #6424, .T. ) ;
#4717 = CARTESIAN_POINT ( 'NONE',  ( 1.225000000000003419, 0.000000000000000000, -0.3750000000000105471 ) ) ;
#4718 = EDGE_CURVE ( 'NONE', #4458, #2655, #5710, .T. ) ;
#4719 = FILL_AREA_STYLE_COLOUR ( '', #4105 ) ;
#4720 = AXIS2_PLACEMENT_3D ( 'NONE', #5393, #2400, #4946 ) ;
#4721 = CARTESIAN_POINT ( 'NONE',  ( 1.500000000000003331, 0.07499999999999999722, -0.3750000000000104361 ) ) ;
#4722 = ORIENTED_EDGE ( 'NONE', *, *, #2239, .F. ) ;
#4723 = ORIENTED_EDGE ( 'NONE', *, *, #4910, .T. ) ;
#4724 = VECTOR ( 'NONE', #4136, 1000.000000000000000 ) ;
#4725 = VERTEX_POINT ( 'NONE', #1113 ) ;
#4726 = EDGE_CURVE ( 'NONE', #4662, #1461, #4685, .T. ) ;
#4727 = CARTESIAN_POINT ( 'NONE',  ( -1.450000000000000400, 0.07499999999999999722, 1.450000000000000178 ) ) ;
#4728 = DIRECTION ( 'NONE',  ( -0.000000000000000000, 0.000000000000000000, -1.000000000000000000 ) ) ;
#4729 = AXIS2_PLACEMENT_3D ( 'NONE', #1549, #4613, #4578 ) ;
#4730 = CARTESIAN_POINT ( 'NONE',  ( 1.499999999999999778, 0.07499999999999999722, 0.8749999999999891198 ) ) ;
#4731 = ORIENTED_EDGE ( 'NONE', *, *, #2104, .T. ) ;
#4732 = AXIS2_PLACEMENT_3D ( 'NONE', #2843, #6427, #5888 ) ;
#4733 = ORIENTED_EDGE ( 'NONE', *, *, #3076, .F. ) ;
#4734 = VECTOR ( 'NONE', #6157, 1000.000000000000000 ) ;
#4735 = CARTESIAN_POINT ( 'NONE',  ( -2.258754526011375044E-16, 0.1499999999999999944, 0.3750000000000104361 ) ) ;
#4736 = VERTEX_POINT ( 'NONE', #1081 ) ;
#4737 = CIRCLE ( 'NONE', #624, 0.1250000000000018319 ) ;
#4738 = EDGE_CURVE ( 'NONE', #3110, #637, #3265, .T. ) ;
#4739 = PLANE ( 'NONE',  #1400 ) ;
#4740 = DIRECTION ( 'NONE',  ( -0.000000000000000000, -1.000000000000000000, 0.000000000000000000 ) ) ;
#4741 = VECTOR ( 'NONE', #2538, 1000.000000000000000 ) ;
#4742 = AXIS2_PLACEMENT_3D ( 'NONE', #1642, #84, #1127 ) ;
#4743 = CARTESIAN_POINT ( 'NONE',  ( 1.225000000000003419, 0.1499999999999999944, -0.3750000000000105471 ) ) ;
#4744 = DIRECTION ( 'NONE',  ( 0.000000000000000000, 1.000000000000000000, 0.000000000000000000 ) ) ;
#4745 = VECTOR ( 'NONE', #286, 1000.000000000000000 ) ;
#4746 = DIRECTION ( 'NONE',  ( 0.000000000000000000, 0.000000000000000000, -1.000000000000000000 ) ) ;
#4747 = DIRECTION ( 'NONE',  ( 1.000000000000000000, 0.000000000000000000, -1.516366674804902060E-16 ) ) ;
#4748 = ADVANCED_FACE ( 'NONE', ( #4318 ), #1180, .T. ) ;
#4749 = CARTESIAN_POINT ( 'NONE',  ( -1.415000000000000036, 0.000000000000000000, 0.6149999999999997691 ) ) ;
#4750 = EDGE_CURVE ( 'NONE', #903, #1869, #1687, .T. ) ;
#4751 = CARTESIAN_POINT ( 'NONE',  ( -0.4999999999999897304, 0.1499999999999999944, 0.1000000000000000056 ) ) ;
#4752 = ORIENTED_EDGE ( 'NONE', *, *, #3654, .F. ) ;
#4753 = CARTESIAN_POINT ( 'NONE',  ( 0.9249999999999994893, 0.1499999999999999944, 1.500000000000000000 ) ) ;
#4754 = CARTESIAN_POINT ( 'NONE',  ( -1.415000000000000036, 0.1499999999999999944, 0.000000000000000000 ) ) ;
#4755 = FACE_OUTER_BOUND ( 'NONE', #3903, .T. ) ;
#4756 = ORIENTED_EDGE ( 'NONE', *, *, #6216, .F. ) ;
#4757 = EDGE_CURVE ( 'NONE', #4368, #377, #167, .T. ) ;
#4758 = EDGE_CURVE ( 'NONE', #6012, #5118, #4715, .T. ) ;
#4759 = VERTEX_POINT ( 'NONE', #1586 ) ;
#4760 = VERTEX_POINT ( 'NONE', #582 ) ;
#4761 = DIRECTION ( 'NONE',  ( 0.000000000000000000, -1.000000000000000000, 0.000000000000000000 ) ) ;
#4762 = DIRECTION ( 'NONE',  ( 0.7071067811865410224, 0.000000000000000000, -0.7071067811865540120 ) ) ;
#4763 = LINE ( 'NONE', #2623, #2813 ) ;
#4764 = FACE_OUTER_BOUND ( 'NONE', #800, .T. ) ;
#4765 = EDGE_LOOP ( 'NONE', ( #483, #3878, #1560, #5185, #5269, #142 ) ) ;
#4766 = ORIENTED_EDGE ( 'NONE', *, *, #3782, .F. ) ;
#4767 = ADVANCED_FACE ( 'NONE', ( #1720 ), #3715, .F. ) ;
#4768 = CARTESIAN_POINT ( 'NONE',  ( 1.225000000000005196, 0.1499999999999999944, -0.1250000000000068279 ) ) ;
#4769 = DIRECTION ( 'NONE',  ( 0.000000000000000000, -0.000000000000000000, 1.000000000000000000 ) ) ;
#4770 = EDGE_LOOP ( 'NONE', ( #3169, #5861, #107, #2299 ) ) ;
#4771 = DIRECTION ( 'NONE',  ( 0.000000000000000000, 0.000000000000000000, -1.000000000000000000 ) ) ;
#4772 = EDGE_CURVE ( 'NONE', #3701, #3794, #614, .T. ) ;
#4773 = DIRECTION ( 'NONE',  ( 0.000000000000000000, 0.000000000000000000, -1.000000000000000000 ) ) ;
#4774 = LINE ( 'NONE', #127, #6653 ) ;
#4775 = DIRECTION ( 'NONE',  ( 0.000000000000000000, 0.000000000000000000, 1.000000000000000000 ) ) ;
#4776 = DIRECTION ( 'NONE',  ( 0.000000000000000000, 0.000000000000000000, 1.000000000000000000 ) ) ;
#4777 = VECTOR ( 'NONE', #252, 1000.000000000000000 ) ;
#4778 = DIRECTION ( 'NONE',  ( 0.7071067811865501263, 0.000000000000000000, -0.7071067811865450192 ) ) ;
#4779 = VECTOR ( 'NONE', #5649, 1000.000000000000000 ) ;
#4780 = LINE ( 'NONE', #2763, #6275 ) ;
#4781 = ORIENTED_EDGE ( 'NONE', *, *, #6052, .T. ) ;
#4782 = CARTESIAN_POINT ( 'NONE',  ( -1.500000000000000222, 0.1499999999999999944, -0.3499999999999999223 ) ) ;
#4783 = LINE ( 'NONE', #4322, #190 ) ;
#4784 = PLANE ( 'NONE',  #3437 ) ;
#4785 = ORIENTED_EDGE ( 'NONE', *, *, #2575, .T. ) ;
#4786 = ORIENTED_EDGE ( 'NONE', *, *, #4270, .T. ) ;
#4787 = EDGE_LOOP ( 'NONE', ( #2980, #1789, #6133, #4334 ) ) ;
#4788 = CARTESIAN_POINT ( 'NONE',  ( 0.000000000000000000, 0.1499999999999999944, 0.000000000000000000 ) ) ;
#4789 = PLANE ( 'NONE',  #4629 ) ;
#4790 = EDGE_CURVE ( 'NONE', #6564, #4760, #1625, .T. ) ;
#4791 = DIRECTION ( 'NONE',  ( -0.000000000000000000, 0.000000000000000000, 1.000000000000000000 ) ) ;
#4792 = EDGE_CURVE ( 'NONE', #3514, #3860, #5294, .T. ) ;
#4793 = CARTESIAN_POINT ( 'NONE',  ( 0.09749999999999874045, 0.1499999999999999944, 0.09749999999999844902 ) ) ;
#4794 = VERTEX_POINT ( 'NONE', #3747 ) ;
#4795 = ORIENTED_EDGE ( 'NONE', *, *, #2001, .T. ) ;
#4796 = CARTESIAN_POINT ( 'NONE',  ( 1.449999999999999956, 0.07499999999999999722, 1.450000000000000178 ) ) ;
#4797 = ORIENTED_EDGE ( 'NONE', *, *, #5274, .T. ) ;
#4798 = DIRECTION ( 'NONE',  ( 0.000000000000000000, -1.000000000000000000, 0.000000000000000000 ) ) ;
#4799 = DIRECTION ( 'NONE',  ( 0.000000000000000000, 1.000000000000000000, -0.000000000000000000 ) ) ;
#4800 = EDGE_CURVE ( 'NONE', #300, #2744, #6284, .T. ) ;
#4801 = VECTOR ( 'NONE', #4216, 1000.000000000000000 ) ;
#4802 = ORIENTED_EDGE ( 'NONE', *, *, #6360, .F. ) ;
#4803 = CARTESIAN_POINT ( 'NONE',  ( 0.000000000000000000, 0.1499999999999999944, -0.3499999999999999223 ) ) ;
#4804 = FACE_OUTER_BOUND ( 'NONE', #6701, .T. ) ;
#4805 = LINE ( 'NONE', #2256, #3440 ) ;
#4806 = ADVANCED_FACE ( 'NONE', ( #3787 ), #5843, .F. ) ;
#4807 = AXIS2_PLACEMENT_3D ( 'NONE', #6304, #4740, #19 ) ;
#4808 = CARTESIAN_POINT ( 'NONE',  ( 1.478457507934823013E-16, 0.1499999999999999944, -0.3750000000000109912 ) ) ;
#4809 = DIRECTION ( 'NONE',  ( -0.000000000000000000, -1.000000000000000000, -0.000000000000000000 ) ) ;
#4810 = AXIS2_PLACEMENT_3D ( 'NONE', #5024, #4584, #5568 ) ;
#4811 = VECTOR ( 'NONE', #6576, 1000.000000000000000 ) ;
#4812 = EDGE_LOOP ( 'NONE', ( #2536, #4154, #6193, #880, #2780, #4135 ) ) ;
#4813 = FACE_OUTER_BOUND ( 'NONE', #526, .T. ) ;
#4814 = CARTESIAN_POINT ( 'NONE',  ( 5.421010862427545836E-15, 0.000000000000000000, 0.6250000000000024425 ) ) ;
#4815 = CARTESIAN_POINT ( 'NONE',  ( 0.9250000000000000444, 0.07499999999999999722, -3.646861852905789479E-16 ) ) ;
#4816 = STYLED_ITEM ( 'NONE', ( #5091 ), #909 ) ;
#4817 = VECTOR ( 'NONE', #3995, 1000.000000000000000 ) ;
#4818 = DIRECTION ( 'NONE',  ( 1.000000000000000000, 0.000000000000000000, -0.000000000000000000 ) ) ;
#4819 = ORIENTED_EDGE ( 'NONE', *, *, #2558, .F. ) ;
#4820 = ORIENTED_EDGE ( 'NONE', *, *, #2802, .T. ) ;
#4821 = VECTOR ( 'NONE', #4588, 1000.000000000000000 ) ;
#4822 = CARTESIAN_POINT ( 'NONE',  ( -2.303929616531727293E-15, 0.1499999999999999944, 0.8500000000000040856 ) ) ;
#4823 = DIRECTION ( 'NONE',  ( 1.000000000000000000, 0.000000000000000000, 3.114617150049426547E-14 ) ) ;
#4824 = CARTESIAN_POINT ( 'NONE',  ( -1.100000000000000311, 0.7500000000000000000, -1.350000000000000311 ) ) ;
#4825 = DIRECTION ( 'NONE',  ( -1.000000000000000000, -0.000000000000000000, 1.498170274707243380E-14 ) ) ;
#4826 = EDGE_CURVE ( 'NONE', #4725, #1047, #132, .T. ) ;
#4827 = ORIENTED_EDGE ( 'NONE', *, *, #1729, .F. ) ;
#4828 = ORIENTED_EDGE ( 'NONE', *, *, #2741, .F. ) ;
#4829 = VECTOR ( 'NONE', #547, 1000.000000000000000 ) ;
#4830 = DIRECTION ( 'NONE',  ( -0.000000000000000000, -1.000000000000000000, 0.000000000000000000 ) ) ;
#4831 = ORIENTED_EDGE ( 'NONE', *, *, #3466, .T. ) ;
#4832 = AXIS2_PLACEMENT_3D ( 'NONE', #3925, #6560, #5000 ) ;
#4833 = PLANE ( 'NONE',  #3222 ) ;
#4834 = DIRECTION ( 'NONE',  ( 0.000000000000000000, 0.000000000000000000, -1.000000000000000000 ) ) ;
#4835 = AXIS2_PLACEMENT_3D ( 'NONE', #5008, #469, #6167 ) ;
#4836 = AXIS2_PLACEMENT_3D ( 'NONE', #4754, #3718, #6288 ) ;
#4837 = VECTOR ( 'NONE', #5265, 1000.000000000000114 ) ;
#4838 = EDGE_CURVE ( 'NONE', #4295, #3272, #4780, .T. ) ;
#4839 = VECTOR ( 'NONE', #5940, 1000.000000000000000 ) ;
#4840 = EDGE_CURVE ( 'NONE', #4356, #4504, #205, .T. ) ;
#4841 = PLANE ( 'NONE',  #6612 ) ;
#4842 = LINE ( 'NONE', #1678, #2272 ) ;
#4843 = DIRECTION ( 'NONE',  ( 0.000000000000000000, 0.000000000000000000, 1.000000000000000000 ) ) ;
#4844 = DIRECTION ( 'NONE',  ( 0.000000000000000000, 0.000000000000000000, -1.000000000000000000 ) ) ;
#4845 = VECTOR ( 'NONE', #763, 1000.000000000000000 ) ;
#4846 = VECTOR ( 'NONE', #1368, 1000.000000000000000 ) ;
#4847 = EDGE_CURVE ( 'NONE', #974, #6564, #713, .T. ) ;
#4848 = VECTOR ( 'NONE', #751, 1000.000000000000000 ) ;
#4849 = DIRECTION ( 'NONE',  ( -1.000000000000000000, 0.000000000000000000, 0.000000000000000000 ) ) ;
#4850 = ORIENTED_EDGE ( 'NONE', *, *, #5942, .F. ) ;
#4851 = LINE ( 'NONE', #3636, #5481 ) ;
#4852 = PLANE ( 'NONE',  #1516 ) ;
#4853 = DIRECTION ( 'NONE',  ( 0.000000000000000000, -1.000000000000000000, 0.000000000000000000 ) ) ;
#4854 = CARTESIAN_POINT ( 'NONE',  ( 0.000000000000000000, 0.1499999999999999944, 0.3499999999999999223 ) ) ;
#4855 = ORIENTED_EDGE ( 'NONE', *, *, #1719, .T. ) ;
#4856 = VERTEX_POINT ( 'NONE', #2298 ) ;
#4857 = EDGE_CURVE ( 'NONE', #982, #4169, #4347, .T. ) ;
#4858 = ORIENTED_EDGE ( 'NONE', *, *, #3429, .F. ) ;
#4859 = ORIENTED_EDGE ( 'NONE', *, *, #3832, .T. ) ;
#4860 = DIRECTION ( 'NONE',  ( 0.000000000000000000, 0.000000000000000000, 1.000000000000000000 ) ) ;
#4861 = LINE ( 'NONE', #661, #6035 ) ;
#4862 = CARTESIAN_POINT ( 'NONE',  ( -1.450000000000000400, 0.000000000000000000, 1.450000000000000178 ) ) ;
#4863 = DIRECTION ( 'NONE',  ( 0.000000000000000000, -1.000000000000000000, 0.000000000000000000 ) ) ;
#4864 = EDGE_LOOP ( 'NONE', ( #5037, #5569, #1153, #968 ) ) ;
#4865 = ORIENTED_EDGE ( 'NONE', *, *, #3866, .T. ) ;
#4866 = EDGE_CURVE ( 'NONE', #2187, #791, #1781, .T. ) ;
#4867 = EDGE_LOOP ( 'NONE', ( #2710, #2714, #2550, #1200 ) ) ;
#4868 = PLANE ( 'NONE',  #4626 ) ;
#4869 = VECTOR ( 'NONE', #2324, 1000.000000000000000 ) ;
#4870 = CARTESIAN_POINT ( 'NONE',  ( 0.000000000000000000, 0.07499999999999999722, 0.000000000000000000 ) ) ;
#4871 = VERTEX_POINT ( 'NONE', #3293 ) ;
#4872 = LINE ( 'NONE', #1380, #213 ) ;
#4873 = DIRECTION ( 'NONE',  ( 0.000000000000000000, -1.000000000000000000, 0.000000000000000000 ) ) ;
#4874 = DIRECTION ( 'NONE',  ( -1.000000000000000000, 0.000000000000000000, 0.000000000000000000 ) ) ;
#4875 = FACE_OUTER_BOUND ( 'NONE', #398, .T. ) ;
#4876 = DIRECTION ( 'NONE',  ( 0.000000000000000000, -0.000000000000000000, 1.000000000000000000 ) ) ;
#4877 = EDGE_CURVE ( 'NONE', #553, #5239, #3394, .T. ) ;
#4878 = EDGE_CURVE ( 'NONE', #3637, #5719, #3916, .T. ) ;
#4879 = CARTESIAN_POINT ( 'NONE',  ( 5.618138530152335830E-15, 0.000000000000000000, 0.3750000000000115463 ) ) ;
#4880 = EDGE_LOOP ( 'NONE', ( #6197, #1450, #690, #2583, #474, #3048 ) ) ;
#4881 = PLANE ( 'NONE',  #710 ) ;
#4882 = FACE_OUTER_BOUND ( 'NONE', #5338, .T. ) ;
#4883 = EDGE_CURVE ( 'NONE', #4467, #1947, #5498, .T. ) ;
#4884 = CARTESIAN_POINT ( 'NONE',  ( -0.5499999999999893863, 0.1499999999999999944, 0.1499999999999999112 ) ) ;
#4885 = ORIENTED_EDGE ( 'NONE', *, *, #3783, .T. ) ;
#4886 = VERTEX_POINT ( 'NONE', #1321 ) ;
#4887 = AXIS2_PLACEMENT_3D ( 'NONE', #3321, #4874, #230 ) ;
#4888 = CARTESIAN_POINT ( 'NONE',  ( 0.4249999999999996003, 0.07499999999999999722, 1.450000000000000178 ) ) ;
#4889 = ORIENTED_EDGE ( 'NONE', *, *, #5552, .T. ) ;
#4890 = VERTEX_POINT ( 'NONE', #1352 ) ;
#4891 = LINE ( 'NONE', #182, #3549 ) ;
#4892 = LINE ( 'NONE', #2208, #5603 ) ;
#4893 = LINE ( 'NONE', #1737, #524 ) ;
#4894 = EDGE_CURVE ( 'NONE', #4051, #4794, #3846, .T. ) ;
#4895 = DIRECTION ( 'NONE',  ( -0.7071067811865486830, 0.000000000000000000, -0.7071067811865464625 ) ) ;
#4896 = LINE ( 'NONE', #2316, #3816 ) ;
#4897 = ORIENTED_EDGE ( 'NONE', *, *, #5429, .T. ) ;
#4898 = CARTESIAN_POINT ( 'NONE',  ( 0.4249999999999996003, 0.1499999999999999944, -1.450000000000000178 ) ) ;
#4899 = ORIENTED_EDGE ( 'NONE', *, *, #3515, .T. ) ;
#4900 = FACE_OUTER_BOUND ( 'NONE', #6062, .T. ) ;
#4901 = CARTESIAN_POINT ( 'NONE',  ( 0.1750000000000000167, 0.07499999999999999722, 0.000000000000000000 ) ) ;
#4902 = DIRECTION ( 'NONE',  ( -0.000000000000000000, -1.000000000000000000, -0.000000000000000000 ) ) ;
#4903 = ORIENTED_EDGE ( 'NONE', *, *, #5998, .T. ) ;
#4904 = PLANE ( 'NONE',  #2191 ) ;
#4905 = CARTESIAN_POINT ( 'NONE',  ( 0.9250000000000000444, 0.000000000000000000, -3.646861852905789479E-16 ) ) ;
#4906 = CARTESIAN_POINT ( 'NONE',  ( -0.1999999999999961531, 0.000000000000000000, -0.1999999999999950984 ) ) ;
#4907 = VECTOR ( 'NONE', #986, 1000.000000000000000 ) ;
#4908 = EDGE_CURVE ( 'NONE', #3921, #2246, #3328, .T. ) ;
#4909 = DIRECTION ( 'NONE',  ( 0.000000000000000000, 0.000000000000000000, -1.000000000000000000 ) ) ;
#4910 = EDGE_CURVE ( 'NONE', #4188, #2942, #235, .T. ) ;
#4911 = EDGE_CURVE ( 'NONE', #3856, #4030, #3886, .T. ) ;
#4912 = VERTEX_POINT ( 'NONE', #1818 ) ;
#4913 = CARTESIAN_POINT ( 'NONE',  ( -1.499999999999998224, 0.1499999999999999944, -3.252606517456512119E-15 ) ) ;
#4914 = FACE_OUTER_BOUND ( 'NONE', #4917, .T. ) ;
#4915 = AXIS2_PLACEMENT_3D ( 'NONE', #6081, #2436, #6555 ) ;
#4916 = CARTESIAN_POINT ( 'NONE',  ( -1.415000000000000036, 0.000000000000000000, -0.6150000000000003242 ) ) ;
#4917 = EDGE_LOOP ( 'NONE', ( #737, #3126, #1159, #5301, #2979, #529 ) ) ;
#4918 = ORIENTED_EDGE ( 'NONE', *, *, #1351, .T. ) ;
#4919 = PRESENTATION_LAYER_ASSIGNMENT (  '', '', ( #4927 ) ) ;
#4920 = AXIS2_PLACEMENT_3D ( 'NONE', #6439, #5930, #2420 ) ;
#4921 = EDGE_CURVE ( 'NONE', #24, #429, #5460, .T. ) ;
#4922 = EDGE_CURVE ( 'NONE', #591, #2345, #2859, .T. ) ;
#4923 = ORIENTED_EDGE ( 'NONE', *, *, #90, .T. ) ;
#4924 = ORIENTED_EDGE ( 'NONE', *, *, #5873, .T. ) ;
#4925 = PLANE ( 'NONE',  #1621 ) ;
#4926 = CARTESIAN_POINT ( 'NONE',  ( -2.236166980751394863E-14, 0.1499999999999999944, -0.3750000000000104361 ) ) ;
#4927 = STYLED_ITEM ( 'NONE', ( #1143 ), #881 ) ;
#4928 = VECTOR ( 'NONE', #3255, 1000.000000000000000 ) ;
#4929 = CARTESIAN_POINT ( 'NONE',  ( 0.000000000000000000, 0.000000000000000000, -0.1499999999999999667 ) ) ;
#4930 = ORIENTED_EDGE ( 'NONE', *, *, #913, .F. ) ;
#4931 = CARTESIAN_POINT ( 'NONE',  ( 1.946635718781038004E-14, 0.07499999999999999722, -0.6250000000000470735 ) ) ;
#4932 = ORIENTED_EDGE ( 'NONE', *, *, #1150, .F. ) ;
#4933 = DIRECTION ( 'NONE',  ( 0.000000000000000000, -1.000000000000000000, 0.000000000000000000 ) ) ;
#4934 = AXIS2_PLACEMENT_3D ( 'NONE', #4156, #6627, #1460 ) ;
#4935 = EDGE_CURVE ( 'NONE', #2649, #247, #2429, .T. ) ;
#4936 = ORIENTED_EDGE ( 'NONE', *, *, #4389, .T. ) ;
#4937 = ORIENTED_EDGE ( 'NONE', *, *, #5560, .T. ) ;
#4938 = DIRECTION ( 'NONE',  ( -0.7071067811865464625, 0.000000000000000000, 0.7071067811865486830 ) ) ;
#4939 = CARTESIAN_POINT ( 'NONE',  ( 1.225000000000008527, 0.000000000000000000, 0.1249999999999894806 ) ) ;
#4940 = DIRECTION ( 'NONE',  ( 1.000000000000000000, 0.000000000000000000, -2.710505431213768579E-15 ) ) ;
#4941 = VECTOR ( 'NONE', #2503, 1000.000000000000000 ) ;
#4942 = EDGE_CURVE ( 'NONE', #2801, #2246, #2363, .T. ) ;
#4943 = LINE ( 'NONE', #1879, #3883 ) ;
#4944 = CARTESIAN_POINT ( 'NONE',  ( -1.500000000000000222, 0.07499999999999999722, -0.6500000000000001332 ) ) ;
#4945 = VECTOR ( 'NONE', #1939, 1000.000000000000114 ) ;
#4946 = DIRECTION ( 'NONE',  ( 1.000000000000000000, 0.000000000000000000, 7.885106708985491006E-16 ) ) ;
#4947 = FACE_OUTER_BOUND ( 'NONE', #4787, .T. ) ;
#4948 = VECTOR ( 'NONE', #1563, 1000.000000000000000 ) ;
#4949 = VECTOR ( 'NONE', #709, 1000.000000000000000 ) ;
#4950 = LINE ( 'NONE', #309, #952 ) ;
#4951 = LINE ( 'NONE', #2963, #2479 ) ;
#4952 = AXIS2_PLACEMENT_3D ( 'NONE', #1860, #1356, #1325 ) ;
#4953 = DIRECTION ( 'NONE',  ( -0.000000000000000000, -1.000000000000000000, 0.000000000000000000 ) ) ;
#4954 = EDGE_CURVE ( 'NONE', #3583, #5712, #4950, .T. ) ;
#4955 = ORIENTED_EDGE ( 'NONE', *, *, #1468, .F. ) ;
#4956 = CARTESIAN_POINT ( 'NONE',  ( 0.6750000000000010436, 0.000000000000000000, 5.322447028565214342E-16 ) ) ;
#4957 = DIRECTION ( 'NONE',  ( 0.000000000000000000, 0.000000000000000000, -1.000000000000000000 ) ) ;
#4958 = ORIENTED_EDGE ( 'NONE', *, *, #204, .T. ) ;
#4959 = ADVANCED_FACE ( 'NONE', ( #4450 ), #338, .F. ) ;
#4960 = AXIS2_PLACEMENT_3D ( 'NONE', #130, #4374, #806 ) ;
#4961 = VECTOR ( 'NONE', #4249, 1000.000000000000000 ) ;
#4962 = EDGE_LOOP ( 'NONE', ( #4508, #3359, #5557, #4435, #5281, #1899 ) ) ;
#4963 = CARTESIAN_POINT ( 'NONE',  ( -1.450000000000000400, 0.07499999999999999722, -0.6500000000000000222 ) ) ;
#4964 = VERTEX_POINT ( 'NONE', #3426 ) ;
#4965 = CARTESIAN_POINT ( 'NONE',  ( 1.500000000000003331, 0.1499999999999999944, -0.3750000000000104361 ) ) ;
#4966 = ORIENTED_EDGE ( 'NONE', *, *, #1052, .F. ) ;
#4967 = CARTESIAN_POINT ( 'NONE',  ( -1.500000000000000222, 0.1499999999999999944, -0.1499999999999999667 ) ) ;
#4968 = FACE_OUTER_BOUND ( 'NONE', #4182, .T. ) ;
#4969 = CARTESIAN_POINT ( 'NONE',  ( 1.225000000000003419, 0.1499999999999999944, 0.6249999999999917843 ) ) ;
#4970 = ORIENTED_EDGE ( 'NONE', *, *, #6537, .F. ) ;
#4971 = EDGE_CURVE ( 'NONE', #5570, #937, #857, .T. ) ;
#4972 = EDGE_CURVE ( 'NONE', #5672, #835, #1751, .T. ) ;
#4973 = EDGE_LOOP ( 'NONE', ( #2735, #3383, #215, #3996, #332 ) ) ;
#4974 = ORIENTED_EDGE ( 'NONE', *, *, #4400, .T. ) ;
#4975 = ORIENTED_EDGE ( 'NONE', *, *, #2431, .T. ) ;
#4976 = LINE ( 'NONE', #4901, #5150 ) ;
#4977 = CARTESIAN_POINT ( 'NONE',  ( 1.499999999999999778, 0.07499999999999999722, -0.6250000000000001110 ) ) ;
#4978 = EDGE_CURVE ( 'NONE', #4324, #4553, #1983, .T. ) ;
#4979 = VERTEX_POINT ( 'NONE', #3463 ) ;
#4980 = CARTESIAN_POINT ( 'NONE',  ( 1.449999999999999956, 0.07499999999999999722, 1.450000000000000178 ) ) ;
#4981 = FACE_OUTER_BOUND ( 'NONE', #409, .T. ) ;
#4982 = DIRECTION ( 'NONE',  ( -1.000000000000000000, 0.000000000000000000, -0.000000000000000000 ) ) ;
#4983 = CARTESIAN_POINT ( 'NONE',  ( 0.000000000000000000, 0.1499999999999999944, 0.000000000000000000 ) ) ;
#4984 = ADVANCED_FACE ( 'NONE', ( #3980 ), #3098, .T. ) ;
#4985 = CARTESIAN_POINT ( 'NONE',  ( 0.1750000000000000167, 0.1499999999999999944, -1.499999999999996669 ) ) ;
#4986 = LINE ( 'NONE', #2404, #837 ) ;
#4987 = DIRECTION ( 'NONE',  ( -0.000000000000000000, 1.000000000000000000, 0.000000000000000000 ) ) ;
#4988 = VERTEX_POINT ( 'NONE', #4046 ) ;
#4989 = CARTESIAN_POINT ( 'NONE',  ( -3.898199629254493495E-14, 0.1499999999999999944, -0.8749999999999539257 ) ) ;
#4990 = SURFACE_STYLE_FILL_AREA ( #2935 ) ;
#4991 = CARTESIAN_POINT ( 'NONE',  ( -1.415000000000000036, 0.1499999999999999944, 0.000000000000000000 ) ) ;
#4992 = VERTEX_POINT ( 'NONE', #510 ) ;
#4993 = EDGE_LOOP ( 'NONE', ( #5781, #5534, #4328, #789 ) ) ;
#4994 = VECTOR ( 'NONE', #2847, 1000.000000000000000 ) ;
#4995 = EDGE_LOOP ( 'NONE', ( #2340, #807, #3071, #1017 ) ) ;
#4996 = CARTESIAN_POINT ( 'NONE',  ( -2.303929616531714277E-15, 0.1499999999999999944, -0.8500000000000040856 ) ) ;
#4997 = ORIENTED_EDGE ( 'NONE', *, *, #1458, .F. ) ;
#4998 = CARTESIAN_POINT ( 'NONE',  ( 1.449999999999999956, 0.000000000000000000, -1.450000000000000178 ) ) ;
#4999 = DIRECTION ( 'NONE',  ( -3.942553354492745503E-16, 0.000000000000000000, 1.000000000000000000 ) ) ;
#5000 = DIRECTION ( 'NONE',  ( 1.000000000000000000, 0.000000000000000000, -1.458744741162315831E-14 ) ) ;
#5001 = FACE_OUTER_BOUND ( 'NONE', #5189, .T. ) ;
#5002 = EDGE_LOOP ( 'NONE', ( #4370, #3338, #87, #4932 ) ) ;
#5003 = DIRECTION ( 'NONE',  ( 0.000000000000000000, -1.000000000000000000, 0.000000000000000000 ) ) ;
#5004 = VERTEX_POINT ( 'NONE', #2532 ) ;
#5005 = EDGE_CURVE ( 'NONE', #2348, #569, #5637, .T. ) ;
#5006 = EDGE_LOOP ( 'NONE', ( #2121, #715, #6129, #3983, #3156, #1303 ) ) ;
#5007 = ADVANCED_FACE ( 'NONE', ( #5156 ), #3493, .T. ) ;
#5008 = CARTESIAN_POINT ( 'NONE',  ( 0.6750000000000004885, 0.1499999999999999944, -2.661223514282605199E-16 ) ) ;
#5009 = DIRECTION ( 'NONE',  ( -1.000000000000000000, 0.000000000000000000, -0.000000000000000000 ) ) ;
#5010 = LINE ( 'NONE', #4068, #2706 ) ;
#5011 = ORIENTED_EDGE ( 'NONE', *, *, #26, .T. ) ;
#5012 = DIRECTION ( 'NONE',  ( -0.000000000000000000, 1.000000000000000000, 0.000000000000000000 ) ) ;
#5013 = DIRECTION ( 'NONE',  ( 0.000000000000000000, -1.000000000000000000, 0.000000000000000000 ) ) ;
#5014 = EDGE_CURVE ( 'NONE', #1740, #1876, #4481, .T. ) ;
#5015 = FACE_OUTER_BOUND ( 'NONE', #6596, .T. ) ;
#5016 = CARTESIAN_POINT ( 'NONE',  ( -1.154999999999994920, 0.07499999999999999722, -1.155000000000003357 ) ) ;
#5017 = DIRECTION ( 'NONE',  ( 4.857225732735066175E-14, 0.000000000000000000, 1.000000000000000000 ) ) ;
#5018 = DIRECTION ( 'NONE',  ( -0.000000000000000000, -1.000000000000000000, 0.000000000000000000 ) ) ;
#5019 = AXIS2_PLACEMENT_3D ( 'NONE', #11, #1016, #5624 ) ;
#5020 = EDGE_CURVE ( 'NONE', #1594, #1876, #1028, .T. ) ;
#5021 = DIRECTION ( 'NONE',  ( 0.000000000000000000, 0.000000000000000000, 1.000000000000000000 ) ) ;
#5022 = LINE ( 'NONE', #6182, #1419 ) ;
#5023 = SHAPE_DEFINITION_REPRESENTATION ( #6291, #2075 ) ;
#5024 = CARTESIAN_POINT ( 'NONE',  ( -1.500000000000000222, 0.1499999999999999944, 0.000000000000000000 ) ) ;
#5025 = ORIENTED_EDGE ( 'NONE', *, *, #3936, .T. ) ;
#5026 = VERTEX_POINT ( 'NONE', #6072 ) ;
#5027 = CARTESIAN_POINT ( 'NONE',  ( -1.450000000000000400, 0.07499999999999999722, -1.450000000000000178 ) ) ;
#5028 = VERTEX_POINT ( 'NONE', #5598 ) ;
#5029 = LINE ( 'NONE', #6404, #4500 ) ;
#5030 = ORIENTED_EDGE ( 'NONE', *, *, #414, .F. ) ;
#5031 = CARTESIAN_POINT ( 'NONE',  ( 1.449999999999999956, 0.07499999999999999722, -1.450000000000000178 ) ) ;
#5032 = DIRECTION ( 'NONE',  ( -4.857225732735066175E-14, 0.000000000000000000, -1.000000000000000000 ) ) ;
#5033 = LINE ( 'NONE', #2444, #4217 ) ;
#5034 = EDGE_LOOP ( 'NONE', ( #560, #1769, #2317, #5778, #4052 ) ) ;
#5035 = ORIENTED_EDGE ( 'NONE', *, *, #1910, .T. ) ;
#5036 = ORIENTED_EDGE ( 'NONE', *, *, #6514, .T. ) ;
#5037 = ORIENTED_EDGE ( 'NONE', *, *, #5222, .F. ) ;
#5038 = VECTOR ( 'NONE', #787, 1000.000000000000000 ) ;
#5039 = AXIS2_PLACEMENT_3D ( 'NONE', #2928, #333, #6031 ) ;
#5040 = DIRECTION ( 'NONE',  ( 0.000000000000000000, 0.000000000000000000, -1.000000000000000000 ) ) ;
#5041 = ADVANCED_FACE ( 'NONE', ( #963 ), #5527, .F. ) ;
#5042 = CARTESIAN_POINT ( 'NONE',  ( 0.9250000000000012657, 0.07499999999999999722, 1.094058555871723778E-15 ) ) ;
#5043 = DIRECTION ( 'NONE',  ( 0.000000000000000000, 0.000000000000000000, 1.000000000000000000 ) ) ;
#5044 = VERTEX_POINT ( 'NONE', #6545 ) ;
#5045 = EDGE_CURVE ( 'NONE', #255, #5984, #1480, .T. ) ;
#5046 = VECTOR ( 'NONE', #2130, 1000.000000000000000 ) ;
#5047 = DIRECTION ( 'NONE',  ( 0.000000000000000000, 0.000000000000000000, -1.000000000000000000 ) ) ;
#5048 = VERTEX_POINT ( 'NONE', #4078 ) ;
#5049 = DIRECTION ( 'NONE',  ( 1.000000000000000000, 0.000000000000000000, -0.000000000000000000 ) ) ;
#5050 = CARTESIAN_POINT ( 'NONE',  ( -1.450000000000000400, 0.1499999999999999944, -0.6500000000000001332 ) ) ;
#5051 = AXIS2_PLACEMENT_3D ( 'NONE', #2856, #3322, #4982 ) ;
#5052 = ADVANCED_FACE ( 'NONE', ( #886 ), #2566, .F. ) ;
#5053 = EDGE_CURVE ( 'NONE', #3185, #4399, #2962, .T. ) ;
#5054 = VECTOR ( 'NONE', #6073, 1000.000000000000000 ) ;
#5055 = AXIS2_PLACEMENT_3D ( 'NONE', #5247, #54, #3220 ) ;
#5056 = DIRECTION ( 'NONE',  ( -1.000000000000000000, 0.000000000000000000, 0.000000000000000000 ) ) ;
#5057 = CARTESIAN_POINT ( 'NONE',  ( -1.415000000000000258, 0.000000000000000000, -0.8950000000000001288 ) ) ;
#5058 = CARTESIAN_POINT ( 'NONE',  ( 0.000000000000000000, 0.000000000000000000, -0.1000000000000000056 ) ) ;
#5059 = VERTEX_POINT ( 'NONE', #5092 ) ;
#5060 = CIRCLE ( 'NONE', #2155, 0.1249999999999998890 ) ;
#5061 = VECTOR ( 'NONE', #3143, 1000.000000000000000 ) ;
#5062 = DIRECTION ( 'NONE',  ( 1.000000000000000000, 0.000000000000000000, -0.000000000000000000 ) ) ;
#5063 = VECTOR ( 'NONE', #2519, 1000.000000000000000 ) ;
#5064 = ORIENTED_EDGE ( 'NONE', *, *, #1132, .F. ) ;
#5065 = EDGE_CURVE ( 'NONE', #828, #2896, #4098, .T. ) ;
#5066 = ORIENTED_EDGE ( 'NONE', *, *, #2176, .T. ) ;
#5067 = MECHANICAL_DESIGN_GEOMETRIC_PRESENTATION_REPRESENTATION (  '', ( #4523 ), #2915 ) ;
#5068 = AXIS2_PLACEMENT_3D ( 'NONE', #4074, #3564, #4015 ) ;
#5069 = ORIENTED_EDGE ( 'NONE', *, *, #6226, .T. ) ;
#5070 = CARTESIAN_POINT ( 'NONE',  ( 1.449999999999999956, 0.07499999999999999722, 0.8749999999999910072 ) ) ;
#5071 = ORIENTED_EDGE ( 'NONE', *, *, #531, .F. ) ;
#5072 = CYLINDRICAL_SURFACE ( 'NONE', #4633, 0.1249999999999998890 ) ;
#5073 = DIRECTION ( 'NONE',  ( 0.000000000000000000, 0.000000000000000000, 1.000000000000000000 ) ) ;
#5074 = AXIS2_PLACEMENT_3D ( 'NONE', #1848, #1342, #5451 ) ;
#5075 = AXIS2_PLACEMENT_3D ( 'NONE', #3347, #5411, #1146 ) ;
#5076 = LINE ( 'NONE', #5618, #2172 ) ;
#5077 = VERTEX_POINT ( 'NONE', #374 ) ;
#5078 = EDGE_CURVE ( 'NONE', #4265, #2081, #5060, .T. ) ;
#5079 = ORIENTED_EDGE ( 'NONE', *, *, #4031, .F. ) ;
#5080 = VECTOR ( 'NONE', #4532, 1000.000000000000000 ) ;
#5081 = CARTESIAN_POINT ( 'NONE',  ( 0.7999999999999998224, 0.1499999999999999944, -1.225000000000000089 ) ) ;
#5082 = ORIENTED_EDGE ( 'NONE', *, *, #36, .F. ) ;
#5083 = DIRECTION ( 'NONE',  ( 0.000000000000000000, 0.000000000000000000, -1.000000000000000000 ) ) ;
#5084 = DIRECTION ( 'NONE',  ( -0.000000000000000000, -1.000000000000000000, 0.000000000000000000 ) ) ;
#5085 = VERTEX_POINT ( 'NONE', #4515 ) ;
#5086 = EDGE_CURVE ( 'NONE', #5239, #6403, #1519, .T. ) ;
#5087 = CARTESIAN_POINT ( 'NONE',  ( 1.224999999999987654, 0.1499999999999999944, -0.8750000000000084377 ) ) ;
#5088 = EDGE_LOOP ( 'NONE', ( #1585, #176, #2808, #2584 ) ) ;
#5089 = DIRECTION ( 'NONE',  ( 0.000000000000000000, 1.000000000000000000, 0.000000000000000000 ) ) ;
#5090 = CARTESIAN_POINT ( 'NONE',  ( 1.449999999999999956, 0.07499999999999999722, -1.450000000000000178 ) ) ;
#5091 = PRESENTATION_STYLE_ASSIGNMENT (( #6386 ) ) ;
#5092 = CARTESIAN_POINT ( 'NONE',  ( -1.450000000000000400, 0.07499999999999999722, -1.450000000000000178 ) ) ;
#5093 = DIRECTION ( 'NONE',  ( -1.000000000000000000, -0.000000000000000000, 0.000000000000000000 ) ) ;
#5094 = DIRECTION ( 'NONE',  ( -5.963111948670220113E-14, 0.000000000000000000, -1.000000000000000000 ) ) ;
#5095 = EDGE_CURVE ( 'NONE', #1995, #6457, #2056, .T. ) ;
#5096 = LINE ( 'NONE', #2063, #2058 ) ;
#5097 = DIRECTION ( 'NONE',  ( -2.710505431213768579E-15, 0.000000000000000000, -1.000000000000000000 ) ) ;
#5098 = ORIENTED_EDGE ( 'NONE', *, *, #6514, .F. ) ;
#5099 = ORIENTED_EDGE ( 'NONE', *, *, #814, .T. ) ;
#5100 = FACE_OUTER_BOUND ( 'NONE', #6494, .T. ) ;
#5101 = ORIENTED_EDGE ( 'NONE', *, *, #5660, .F. ) ;
#5102 = ADVANCED_FACE ( 'NONE', ( #477 ), #761, .T. ) ;
#5103 = FACE_OUTER_BOUND ( 'NONE', #2215, .T. ) ;
#5104 = LINE ( 'NONE', #4095, #4948 ) ;
#5105 = CARTESIAN_POINT ( 'NONE',  ( -1.450000000000000400, 0.000000000000000000, -1.450000000000000178 ) ) ;
#5106 = ORIENTED_EDGE ( 'NONE', *, *, #6297, .F. ) ;
#5107 = ORIENTED_EDGE ( 'NONE', *, *, #5392, .T. ) ;
#5108 = ORIENTED_EDGE ( 'NONE', *, *, #5590, .T. ) ;
#5109 = DIRECTION ( 'NONE',  ( -0.7071067811865450192, 0.000000000000000000, -0.7071067811865500152 ) ) ;
#5110 = DIRECTION ( 'NONE',  ( -0.7071067811865500152, 0.000000000000000000, 0.7071067811865450192 ) ) ;
#5111 = VERTEX_POINT ( 'NONE', #5335 ) ;
#5112 = EDGE_CURVE ( 'NONE', #1440, #2723, #2719, .T. ) ;
#5113 = PLANE ( 'NONE',  #4835 ) ;
#5114 = LINE ( 'NONE', #2982, #1484 ) ;
#5115 = DIRECTION ( 'NONE',  ( 0.000000000000000000, 1.000000000000000000, 0.000000000000000000 ) ) ;
#5116 = ORIENTED_EDGE ( 'NONE', *, *, #4023, .T. ) ;
#5117 = DIRECTION ( 'NONE',  ( 0.000000000000000000, -1.000000000000000000, 0.000000000000000000 ) ) ;
#5118 = VERTEX_POINT ( 'NONE', #2280 ) ;
#5119 = CARTESIAN_POINT ( 'NONE',  ( 5.421010862427545836E-15, 0.000000000000000000, 0.6250000000000024425 ) ) ;
#5120 = DIRECTION ( 'NONE',  ( 0.000000000000000000, -1.000000000000000000, 0.000000000000000000 ) ) ;
#5121 = CARTESIAN_POINT ( 'NONE',  ( 0.7999999999999998224, 0.000000000000000000, -1.225000000000000089 ) ) ;
#5122 = DIRECTION ( 'NONE',  ( 0.000000000000000000, 0.000000000000000000, 1.000000000000000000 ) ) ;
#5123 = LINE ( 'NONE', #478, #2793 ) ;
#5124 = ORIENTED_EDGE ( 'NONE', *, *, #4866, .F. ) ;
#5125 = ADVANCED_FACE ( 'NONE', ( #692 ), #2844, .F. ) ;
#5126 = DIRECTION ( 'NONE',  ( 0.000000000000000000, 0.000000000000000000, 1.000000000000000000 ) ) ;
#5127 = PLANE ( 'NONE',  #6554 ) ;
#5128 = ORIENTED_EDGE ( 'NONE', *, *, #1801, .T. ) ;
#5129 = ADVANCED_FACE ( 'NONE', ( #5307 ), #114, .F. ) ;
#5130 = ADVANCED_FACE ( 'NONE', ( #3212 ), #183, .T. ) ;
#5131 = ORIENTED_EDGE ( 'NONE', *, *, #57, .T. ) ;
#5132 = CARTESIAN_POINT ( 'NONE',  ( 1.499999999999999778, 0.000000000000000000, -1.500000000000000000 ) ) ;
#5133 = VERTEX_POINT ( 'NONE', #4292 ) ;
#5134 = CARTESIAN_POINT ( 'NONE',  ( 1.500000000000005107, 0.1499999999999999944, -0.1250000000000108524 ) ) ;
#5135 = PLANE ( 'NONE',  #2797 ) ;
#5136 = CIRCLE ( 'NONE', #5995, 0.1250000000000039135 ) ;
#5137 = CLOSED_SHELL ( 'NONE', ( #2757, #1433, #6050, #5303, #4259, #5932, #2737, #2662 ) ) ;
#5138 = DIRECTION ( 'NONE',  ( -0.7071067811865517916, 0.000000000000000000, -0.7071067811865432429 ) ) ;
#5139 = ORIENTED_EDGE ( 'NONE', *, *, #2450, .T. ) ;
#5140 = EDGE_LOOP ( 'NONE', ( #6394, #5431, #5468, #5985 ) ) ;
#5141 = ORIENTED_EDGE ( 'NONE', *, *, #3281, .T. ) ;
#5142 = EDGE_CURVE ( 'NONE', #4258, #1443, #4262, .T. ) ;
#5143 = EDGE_CURVE ( 'NONE', #569, #1096, #4892, .T. ) ;
#5144 = CARTESIAN_POINT ( 'NONE',  ( -1.500000000000000222, 0.07499999999999999722, -1.500000000000000000 ) ) ;
#5145 = ORIENTED_EDGE ( 'NONE', *, *, #5340, .F. ) ;
#5146 = DIRECTION ( 'NONE',  ( 0.000000000000000000, 0.000000000000000000, -1.000000000000000000 ) ) ;
#5147 = DIRECTION ( 'NONE',  ( 6.023345402696833799E-16, 0.000000000000000000, -1.000000000000000000 ) ) ;
#5148 = ORIENTED_EDGE ( 'NONE', *, *, #6360, .T. ) ;
#5149 = EDGE_CURVE ( 'NONE', #4097, #6691, #6326, .T. ) ;
#5150 = VECTOR ( 'NONE', #1233, 1000.000000000000000 ) ;
#5151 = DIRECTION ( 'NONE',  ( 2.168404344971010446E-15, 0.000000000000000000, -1.000000000000000000 ) ) ;
#5152 = ORIENTED_EDGE ( 'NONE', *, *, #656, .T. ) ;
#5153 = LINE ( 'NONE', #4544, #5811 ) ;
#5154 = CARTESIAN_POINT ( 'NONE',  ( -1.460000000000000409, 0.1499999999999999944, -0.8500000000000000888 ) ) ;
#5155 = VECTOR ( 'NONE', #2597, 1000.000000000000000 ) ;
#5156 = FACE_OUTER_BOUND ( 'NONE', #6708, .T. ) ;
#5157 = PLANE ( 'NONE',  #956 ) ;
#5158 = CIRCLE ( 'NONE', #2249, 0.1249999999999997918 ) ;
#5159 = CARTESIAN_POINT ( 'NONE',  ( 1.449999999999999956, 0.000000000000000000, -0.8750000000000205391 ) ) ;
#5160 = CARTESIAN_POINT ( 'NONE',  ( 1.500000000000003331, 0.1499999999999999944, 0.6249999999999893419 ) ) ;
#5161 = ORIENTED_EDGE ( 'NONE', *, *, #3441, .T. ) ;
#5162 = AXIS2_PLACEMENT_3D ( 'NONE', #5283, #1166, #4143 ) ;
#5163 = EDGE_CURVE ( 'NONE', #6529, #6184, #6365, .T. ) ;
#5164 = CIRCLE ( 'NONE', #5399, 0.2500000000000000000 ) ;
#5165 = ORIENTED_EDGE ( 'NONE', *, *, #3774, .T. ) ;
#5166 = CARTESIAN_POINT ( 'NONE',  ( -1.500000000000000222, 0.1499999999999999944, 0.8499999999999999778 ) ) ;
#5167 = ORIENTED_EDGE ( 'NONE', *, *, #1382, .F. ) ;
#5168 = VECTOR ( 'NONE', #4798, 1000.000000000000000 ) ;
#5169 = LINE ( 'NONE', #525, #6261 ) ;
#5170 = ORIENTED_EDGE ( 'NONE', *, *, #6400, .T. ) ;
#5171 = AXIS2_PLACEMENT_3D ( 'NONE', #5820, #1763, #4823 ) ;
#5172 = ORIENTED_EDGE ( 'NONE', *, *, #1434, .F. ) ;
#5173 = AXIS2_PLACEMENT_3D ( 'NONE', #1090, #6189, #4593 ) ;
#5174 = ORIENTED_EDGE ( 'NONE', *, *, #2626, .F. ) ;
#5175 = VECTOR ( 'NONE', #748, 1000.000000000000000 ) ;
#5176 = LINE ( 'NONE', #2553, #6324 ) ;
#5177 = ORIENTED_EDGE ( 'NONE', *, *, #4454, .T. ) ;
#5178 = VECTOR ( 'NONE', #451, 1000.000000000000000 ) ;
#5179 = FACE_OUTER_BOUND ( 'NONE', #1986, .T. ) ;
#5180 = ADVANCED_FACE ( 'NONE', ( #3763 ), #4789, .F. ) ;
#5181 = CARTESIAN_POINT ( 'NONE',  ( -1.450000000000000400, 0.000000000000000000, -1.450000000000000178 ) ) ;
#5182 = AXIS2_PLACEMENT_3D ( 'NONE', #3132, #5769, #59 ) ;
#5183 = EDGE_CURVE ( 'NONE', #1160, #4487, #5889, .T. ) ;
#5184 = CARTESIAN_POINT ( 'NONE',  ( 0.4249999999999996003, 0.000000000000000000, -0.000000000000000000 ) ) ;
#5185 = ORIENTED_EDGE ( 'NONE', *, *, #1401, .T. ) ;
#5186 = VECTOR ( 'NONE', #4940, 1000.000000000000000 ) ;
#5187 = VECTOR ( 'NONE', #65, 1000.000000000000000 ) ;
#5188 = DIRECTION ( 'NONE',  ( 0.7071067811865410224, 0.000000000000000000, -0.7071067811865540120 ) ) ;
#5189 = EDGE_LOOP ( 'NONE', ( #346, #6254, #2035, #48 ) ) ;
#5190 = CARTESIAN_POINT ( 'NONE',  ( -1.415000000000000036, 0.000000000000000000, 0.8950000000000000178 ) ) ;
#5191 = CARTESIAN_POINT ( 'NONE',  ( -4.190823558986625216E-28, 0.1499999999999999944, -0.3750000000000104361 ) ) ;
#5192 = EDGE_CURVE ( 'NONE', #314, #3279, #5857, .T. ) ;
#5193 = PRODUCT_DEFINITION_CONTEXT ( 'detailed design', #6504, 'design' ) ;
#5194 = DIRECTION ( 'NONE',  ( -1.000000000000000000, 0.000000000000000000, -3.114617150049426547E-14 ) ) ;
#5195 = FACE_OUTER_BOUND ( 'NONE', #1025, .T. ) ;
#5196 = ORIENTED_EDGE ( 'NONE', *, *, #3558, .F. ) ;
#5197 = EDGE_CURVE ( 'NONE', #3641, #2369, #4861, .T. ) ;
#5198 = CARTESIAN_POINT ( 'NONE',  ( 1.499999999999999778, 0.07499999999999999722, -0.8750000000000207612 ) ) ;
#5199 = ORIENTED_EDGE ( 'NONE', *, *, #4726, .F. ) ;
#5200 = CARTESIAN_POINT ( 'NONE',  ( 1.500000000000030198, 0.1499999999999999944, -7.285838599102142986E-14 ) ) ;
#5201 = ORIENTED_EDGE ( 'NONE', *, *, #3459, .T. ) ;
#5202 = SURFACE_STYLE_USAGE ( .BOTH. , #3008 ) ;
#5203 = ORIENTED_EDGE ( 'NONE', *, *, #4270, .F. ) ;
#5204 = DIRECTION ( 'NONE',  ( 0.000000000000000000, -1.000000000000000000, 0.000000000000000000 ) ) ;
#5205 = CARTESIAN_POINT ( 'NONE',  ( -1.154999999999991589, 0.1499999999999999944, 1.155000000000005356 ) ) ;
#5206 = EDGE_LOOP ( 'NONE', ( #4924, #4716, #2415, #2315, #3216, #12 ) ) ;
#5207 = ORIENTED_EDGE ( 'NONE', *, *, #1952, .T. ) ;
#5208 = ORIENTED_EDGE ( 'NONE', *, *, #2474, .T. ) ;
#5209 = PLANE ( 'NONE',  #3190 ) ;
#5210 = ORIENTED_EDGE ( 'NONE', *, *, #3699, .T. ) ;
#5211 = DIRECTION ( 'NONE',  ( -0.7071067811865464625, 0.000000000000000000, -0.7071067811865486830 ) ) ;
#5212 = CARTESIAN_POINT ( 'NONE',  ( 0.9249999999999994893, 0.1499999999999999944, -1.500000000000000000 ) ) ;
#5213 = LINE ( 'NONE', #5184, #4424 ) ;
#5214 = EDGE_CURVE ( 'NONE', #6388, #2869, #5785, .T. ) ;
#5215 = VERTEX_POINT ( 'NONE', #1257 ) ;
#5216 = EDGE_CURVE ( 'NONE', #930, #4210, #1736, .T. ) ;
#5217 = EDGE_CURVE ( 'NONE', #681, #3860, #3546, .T. ) ;
#5218 = LINE ( 'NONE', #2082, #2574 ) ;
#5219 = VERTEX_POINT ( 'NONE', #2311 ) ;
#5220 = DIRECTION ( 'NONE',  ( 0.000000000000000000, -1.000000000000000000, 0.000000000000000000 ) ) ;
#5221 = LINE ( 'NONE', #5316, #4070 ) ;
#5222 = EDGE_CURVE ( 'NONE', #2723, #4257, #4363, .T. ) ;
#5223 = LINE ( 'NONE', #573, #1126 ) ;
#5224 = LINE ( 'NONE', #6651, #6589 ) ;
#5225 = CARTESIAN_POINT ( 'NONE',  ( 1.500000000000005107, 0.1499999999999999944, -0.1250000000000108524 ) ) ;
#5226 = VECTOR ( 'NONE', #6202, 1000.000000000000000 ) ;
#5227 = DIRECTION ( 'NONE',  ( 0.000000000000000000, 0.000000000000000000, 1.000000000000000000 ) ) ;
#5228 = DIRECTION ( 'NONE',  ( -1.000000000000000000, 0.000000000000000000, 1.458744741162315831E-14 ) ) ;
#5229 = ADVANCED_FACE ( 'NONE', ( #1463 ), #285, .T. ) ;
#5230 = CARTESIAN_POINT ( 'NONE',  ( 1.225000000000008527, 0.1499999999999999944, 0.2499999999999913403 ) ) ;
#5231 = ORIENTED_EDGE ( 'NONE', *, *, #3155, .F. ) ;
#5232 = LINE ( 'NONE', #4252, #5703 ) ;
#5233 = EDGE_LOOP ( 'NONE', ( #6547, #842, #6319, #6433, #2527, #4966 ) ) ;
#5234 = CARTESIAN_POINT ( 'NONE',  ( 0.1750000000000000167, 0.1499999999999999944, -1.499999999999996669 ) ) ;
#5235 = DIRECTION ( 'NONE',  ( -0.000000000000000000, 0.000000000000000000, 1.000000000000000000 ) ) ;
#5236 = ORIENTED_EDGE ( 'NONE', *, *, #6191, .F. ) ;
#5237 = ORIENTED_EDGE ( 'NONE', *, *, #5977, .F. ) ;
#5238 = ORIENTED_EDGE ( 'NONE', *, *, #554, .T. ) ;
#5239 = VERTEX_POINT ( 'NONE', #6016 ) ;
#5240 = VECTOR ( 'NONE', #6224, 1000.000000000000000 ) ;
#5241 = CARTESIAN_POINT ( 'NONE',  ( -1.154999999999991589, 0.000000000000000000, 1.155000000000005356 ) ) ;
#5242 = CARTESIAN_POINT ( 'NONE',  ( 0.6750000000000004885, 0.1499999999999999944, -2.661223514282605199E-16 ) ) ;
#5243 = FACE_OUTER_BOUND ( 'NONE', #6700, .T. ) ;
#5244 = VERTEX_POINT ( 'NONE', #5477 ) ;
#5245 = EDGE_CURVE ( 'NONE', #181, #3961, #5982, .T. ) ;
#5246 = DIRECTION ( 'NONE',  ( 0.000000000000000000, -0.000000000000000000, 1.000000000000000000 ) ) ;
#5247 = CARTESIAN_POINT ( 'NONE',  ( -1.450000000000000400, 0.07499999999999999722, -1.450000000000000178 ) ) ;
#5248 = CARTESIAN_POINT ( 'NONE',  ( 1.225000000000005196, 0.000000000000000000, -0.1250000000000068279 ) ) ;
#5249 = EDGE_CURVE ( 'NONE', #3105, #5244, #321, .T. ) ;
#5250 = STYLED_ITEM ( 'NONE', ( #4539 ), #4476 ) ;
#5251 = DIRECTION ( 'NONE',  ( 0.000000000000000000, -0.000000000000000000, 1.000000000000000000 ) ) ;
#5252 = DIRECTION ( 'NONE',  ( 0.000000000000000000, 0.000000000000000000, 1.000000000000000000 ) ) ;
#5253 = DIRECTION ( 'NONE',  ( 0.000000000000000000, -0.000000000000000000, 1.000000000000000000 ) ) ;
#5254 = CARTESIAN_POINT ( 'NONE',  ( 1.500000000000008438, 0.1499999999999999944, 0.1249999999999897027 ) ) ;
#5255 = VECTOR ( 'NONE', #121, 1000.000000000000000 ) ;
#5256 = LINE ( 'NONE', #613, #5395 ) ;
#5257 = ADVANCED_FACE ( 'NONE', ( #1896 ), #833, .T. ) ;
#5258 = SURFACE_STYLE_USAGE ( .BOTH. , #1111 ) ;
#5259 = VECTOR ( 'NONE', #1552, 1000.000000000000000 ) ;
#5260 = CARTESIAN_POINT ( 'NONE',  ( 1.449999999999999956, 0.1499999999999999944, 0.8749999999999910072 ) ) ;
#5261 = ORIENTED_EDGE ( 'NONE', *, *, #1719, .F. ) ;
#5262 = CARTESIAN_POINT ( 'NONE',  ( -1.500000000000000222, 0.07499999999999999722, 0.3500000000000000333 ) ) ;
#5263 = CIRCLE ( 'NONE', #6572, 0.3750000000000104361 ) ;
#5264 = ADVANCED_FACE ( 'NONE', ( #4968 ), #353, .T. ) ;
#5265 = DIRECTION ( 'NONE',  ( 0.7071067811865474617, 0.000000000000000000, -0.7071067811865474617 ) ) ;
#5266 = ORIENTED_EDGE ( 'NONE', *, *, #2537, .T. ) ;
#5267 = DIRECTION ( 'NONE',  ( -0.000000000000000000, -1.000000000000000000, -0.000000000000000000 ) ) ;
#5268 = AXIS2_PLACEMENT_3D ( 'NONE', #3621, #3148, #5211 ) ;
#5269 = ORIENTED_EDGE ( 'NONE', *, *, #2499, .T. ) ;
#5270 = VERTEX_POINT ( 'NONE', #1367 ) ;
#5271 = CYLINDRICAL_SURFACE ( 'NONE', #5722, 0.1249999999999998890 ) ;
#5272 = CARTESIAN_POINT ( 'NONE',  ( -1.500000000000000222, 0.1499999999999999944, -0.1499999999999999667 ) ) ;
#5273 = VECTOR ( 'NONE', #4529, 1000.000000000000114 ) ;
#5274 = EDGE_CURVE ( 'NONE', #4460, #6293, #4464, .T. ) ;
#5275 = AXIS2_PLACEMENT_3D ( 'NONE', #1692, #4853, #106 ) ;
#5276 = CARTESIAN_POINT ( 'NONE',  ( 0.000000000000000000, 0.1499999999999999944, 0.000000000000000000 ) ) ;
#5277 = CARTESIAN_POINT ( 'NONE',  ( 1.449999999999999956, 0.07499999999999999722, 1.450000000000000178 ) ) ;
#5278 = VECTOR ( 'NONE', #6397, 1000.000000000000000 ) ;
#5279 = ORIENTED_EDGE ( 'NONE', *, *, #1543, .T. ) ;
#5280 = DIRECTION ( 'NONE',  ( 0.7071067811865540120, 0.000000000000000000, 0.7071067811865410224 ) ) ;
#5281 = ORIENTED_EDGE ( 'NONE', *, *, #3181, .F. ) ;
#5282 = AXIS2_PLACEMENT_3D ( 'NONE', #2015, #4650, #6071 ) ;
#5283 = CARTESIAN_POINT ( 'NONE',  ( -1.100000000000000311, 0.8000000000000000444, -1.100000000000000311 ) ) ;
#5284 = DIRECTION ( 'NONE',  ( 0.7071067811865517916, 0.000000000000000000, 0.7071067811865432429 ) ) ;
#5285 = VECTOR ( 'NONE', #3968, 1000.000000000000000 ) ;
#5286 = VECTOR ( 'NONE', #6249, 1000.000000000000000 ) ;
#5287 = LINE ( 'NONE', #2730, #4577 ) ;
#5288 = DIRECTION ( 'NONE',  ( -0.000000000000000000, 1.000000000000000000, 0.000000000000000000 ) ) ;
#5289 = CARTESIAN_POINT ( 'NONE',  ( -1.450000000000000400, 0.07499999999999999722, 0.3499999999999998113 ) ) ;
#5290 = DIRECTION ( 'NONE',  ( 0.000000000000000000, 0.000000000000000000, 1.000000000000000000 ) ) ;
#5291 = LINE ( 'NONE', #2030, #1293 ) ;
#5292 = CARTESIAN_POINT ( 'NONE',  ( 1.500000000000030198, 0.1499999999999999944, -7.285838599102142986E-14 ) ) ;
#5293 = PLANE ( 'NONE',  #600 ) ;
#5294 = LINE ( 'NONE', #3139, #2060 ) ;
#5295 = ADVANCED_FACE ( 'NONE', ( #2873 ), #3507, .F. ) ;
#5296 = ADVANCED_FACE ( 'NONE', ( #1866 ), #2379, .F. ) ;
#5297 = ORIENTED_EDGE ( 'NONE', *, *, #4045, .F. ) ;
#5298 = LINE ( 'NONE', #2674, #4290 ) ;
#5299 = CARTESIAN_POINT ( 'NONE',  ( -1.154999999999994920, 0.000000000000000000, -1.155000000000003357 ) ) ;
#5300 = CARTESIAN_POINT ( 'NONE',  ( 0.6749999999999998224, 0.1499999999999999944, 1.450000000000000178 ) ) ;
#5301 = ORIENTED_EDGE ( 'NONE', *, *, #3603, .T. ) ;
#5302 = ORIENTED_EDGE ( 'NONE', *, *, #3935, .F. ) ;
#5303 = ADVANCED_FACE ( 'NONE', ( #2442 ), #4494, .T. ) ;
#5304 = ORIENTED_EDGE ( 'NONE', *, *, #302, .F. ) ;
#5305 = EDGE_LOOP ( 'NONE', ( #4595, #921, #327, #3482 ) ) ;
#5306 = LINE ( 'NONE', #4393, #298 ) ;
#5307 = FACE_OUTER_BOUND ( 'NONE', #6719, .T. ) ;
#5308 = CARTESIAN_POINT ( 'NONE',  ( 1.449999999999999956, 0.07499999999999999722, -1.450000000000000178 ) ) ;
#5309 = DIRECTION ( 'NONE',  ( 0.000000000000000000, 0.000000000000000000, -1.000000000000000000 ) ) ;
#5310 = VERTEX_POINT ( 'NONE', #3999 ) ;
#5311 = ORIENTED_EDGE ( 'NONE', *, *, #373, .T. ) ;
#5312 = EDGE_CURVE ( 'NONE', #1501, #4324, #6057, .T. ) ;
#5313 = CARTESIAN_POINT ( 'NONE',  ( 0.4249999999999996003, 0.1499999999999999944, 0.000000000000000000 ) ) ;
#5314 = ORIENTED_EDGE ( 'NONE', *, *, #2016, .T. ) ;
#5315 = FACE_OUTER_BOUND ( 'NONE', #2608, .T. ) ;
#5316 = CARTESIAN_POINT ( 'NONE',  ( 1.449999999999999956, 0.07499999999999999722, 1.450000000000000178 ) ) ;
#5317 = LINE ( 'NONE', #6306, #3826 ) ;
#5318 = PLANE ( 'NONE',  #1067 ) ;
#5319 = DIRECTION ( 'NONE',  ( -1.000000000000000000, 0.000000000000000000, -1.182766006347807923E-15 ) ) ;
#5320 = FILL_AREA_STYLE_COLOUR ( '', #2359 ) ;
#5321 = DIRECTION ( 'NONE',  ( 0.000000000000000000, -1.000000000000000000, 0.000000000000000000 ) ) ;
#5322 = DIRECTION ( 'NONE',  ( 0.7071067811865486830, 0.000000000000000000, 0.7071067811865464625 ) ) ;
#5323 = ORIENTED_EDGE ( 'NONE', *, *, #1069, .F. ) ;
#5324 = DIRECTION ( 'NONE',  ( 0.000000000000000000, 0.000000000000000000, 1.000000000000000000 ) ) ;
#5325 = ADVANCED_FACE ( 'NONE', ( #4561 ), #5442, .F. ) ;
#5326 = FACE_OUTER_BOUND ( 'NONE', #5341, .T. ) ;
#5327 = DIRECTION ( 'NONE',  ( 1.000000000000000000, -0.000000000000000000, 0.000000000000000000 ) ) ;
#5328 = ORIENTED_EDGE ( 'NONE', *, *, #5544, .F. ) ;
#5329 = ADVANCED_FACE ( 'NONE', ( #3477 ), #898, .T. ) ;
#5330 = ORIENTED_EDGE ( 'NONE', *, *, #1269, .T. ) ;
#5331 = DIRECTION ( 'NONE',  ( 0.000000000000000000, -1.000000000000000000, 0.000000000000000000 ) ) ;
#5332 = EDGE_LOOP ( 'NONE', ( #5714, #3248, #3721, #1657, #742, #4955 ) ) ;
#5333 = ORIENTED_EDGE ( 'NONE', *, *, #5401, .T. ) ;
#5334 = CARTESIAN_POINT ( 'NONE',  ( 1.500000000000010214, 0.1499999999999999944, 0.3749999999999890643 ) ) ;
#5335 = CARTESIAN_POINT ( 'NONE',  ( -1.500000000000000222, 0.07499999999999999722, 0.8500000000000000888 ) ) ;
#5336 = DIRECTION ( 'NONE',  ( 0.000000000000000000, 0.000000000000000000, 1.000000000000000000 ) ) ;
#5337 = CARTESIAN_POINT ( 'NONE',  ( -1.450000000000000400, 0.07499999999999999722, -1.450000000000000178 ) ) ;
#5338 = EDGE_LOOP ( 'NONE', ( #2410, #3766, #5721, #5757 ) ) ;
#5339 = EDGE_CURVE ( 'NONE', #1965, #2850, #390, .T. ) ;
#5340 = EDGE_CURVE ( 'NONE', #15, #6461, #4028, .T. ) ;
#5341 = EDGE_LOOP ( 'NONE', ( #3403, #5098, #4858, #4429 ) ) ;
#5342 = LINE ( 'NONE', #5509, #1271 ) ;
#5343 = ORIENTED_EDGE ( 'NONE', *, *, #2165, .F. ) ;
#5344 = FACE_OUTER_BOUND ( 'NONE', #6220, .T. ) ;
#5345 = CARTESIAN_POINT ( 'NONE',  ( -0.1999999999999961531, 0.1499999999999999944, -0.1999999999999950984 ) ) ;
#5346 = EDGE_CURVE ( 'NONE', #6079, #5754, #3012, .T. ) ;
#5347 = VERTEX_POINT ( 'NONE', #5234 ) ;
#5348 = CARTESIAN_POINT ( 'NONE',  ( -1.500000000000000222, 0.000000000000000000, -1.500000000000000000 ) ) ;
#5349 = CARTESIAN_POINT ( 'NONE',  ( 0.4249999999999996003, 0.000000000000000000, 1.450000000000000178 ) ) ;
#5350 = CARTESIAN_POINT ( 'NONE',  ( 0.9249999999999994893, 0.000000000000000000, -1.450000000000000178 ) ) ;
#5351 = DIRECTION ( 'NONE',  ( 0.000000000000000000, -1.000000000000000000, 0.000000000000000000 ) ) ;
#5352 = VECTOR ( 'NONE', #1268, 1000.000000000000000 ) ;
#5353 = ADVANCED_FACE ( 'NONE', ( #2548 ), #6630, .F. ) ;
#5354 = DIRECTION ( 'NONE',  ( 0.7071067811865464625, 0.000000000000000000, 0.7071067811865486830 ) ) ;
#5355 = DIRECTION ( 'NONE',  ( 8.673617379884040205E-15, 0.000000000000000000, 1.000000000000000000 ) ) ;
#5356 = FACE_OUTER_BOUND ( 'NONE', #1919, .T. ) ;
#5357 = VECTOR ( 'NONE', #1358, 1000.000000000000000 ) ;
#5358 = MECHANICAL_DESIGN_GEOMETRIC_PRESENTATION_REPRESENTATION (  '', ( #1913 ), #705 ) ;
#5359 = ORIENTED_EDGE ( 'NONE', *, *, #3912, .T. ) ;
#5360 = DIRECTION ( 'NONE',  ( -1.000000000000000000, 0.000000000000000000, 4.455085290576799120E-14 ) ) ;
#5361 = CARTESIAN_POINT ( 'NONE',  ( 3.380739501477607037E-14, 0.1499999999999999944, 0.8750000000000470735 ) ) ;
#5362 = CARTESIAN_POINT ( 'NONE',  ( 0.9249999999999998224, 0.1499999999999999944, 1.224999999999996536 ) ) ;
#5363 = PLANE ( 'NONE',  #4178 ) ;
#5364 = ORIENTED_EDGE ( 'NONE', *, *, #3665, .F. ) ;
#5365 = VECTOR ( 'NONE', #1115, 1000.000000000000000 ) ;
#5366 = EDGE_CURVE ( 'NONE', #6187, #2113, #5104, .T. ) ;
#5367 = VERTEX_POINT ( 'NONE', #1997 ) ;
#5368 = CARTESIAN_POINT ( 'NONE',  ( -0.4999999999999897304, 0.000000000000000000, 0.1000000000000000056 ) ) ;
#5369 = ORIENTED_EDGE ( 'NONE', *, *, #1680, .F. ) ;
#5370 = ORIENTED_EDGE ( 'NONE', *, *, #2042, .F. ) ;
#5371 = CIRCLE ( 'NONE', #173, 0.1249999999999998890 ) ;
#5372 = CARTESIAN_POINT ( 'NONE',  ( 1.449999999999999956, 0.07499999999999999722, -0.1250000000000100753 ) ) ;
#5373 = CARTESIAN_POINT ( 'NONE',  ( 0.7999999999999998224, 0.000000000000000000, 1.225000000000000089 ) ) ;
#5374 = CARTESIAN_POINT ( 'NONE',  ( -1.500000000000000222, 0.1499999999999999944, -0.8499999999999999778 ) ) ;
#5375 = FACE_OUTER_BOUND ( 'NONE', #2051, .T. ) ;
#5376 = LINE ( 'NONE', #5277, #1901 ) ;
#5377 = ORIENTED_EDGE ( 'NONE', *, *, #1955, .T. ) ;
#5378 = AXIS2_PLACEMENT_3D ( 'NONE', #5929, #5988, #6505 ) ;
#5379 = LINE ( 'NONE', #4369, #4076 ) ;
#5380 = EDGE_CURVE ( 'NONE', #3990, #5754, #3612, .T. ) ;
#5381 = ORIENTED_EDGE ( 'NONE', *, *, #4711, .T. ) ;
#5382 = VECTOR ( 'NONE', #6398, 1000.000000000000000 ) ;
#5383 = ADVANCED_FACE ( 'NONE', ( #5 ), #5135, .T. ) ;
#5384 = DIRECTION ( 'NONE',  ( -0.7071067811865486830, 0.000000000000000000, -0.7071067811865464625 ) ) ;
#5385 = CARTESIAN_POINT ( 'NONE',  ( 1.449999999999999956, 0.1499999999999999944, -0.6250000000000018874 ) ) ;
#5386 = VECTOR ( 'NONE', #2411, 1000.000000000000000 ) ;
#5387 = EDGE_LOOP ( 'NONE', ( #5952, #1808, #985, #941 ) ) ;
#5388 = VECTOR ( 'NONE', #1391, 1000.000000000000000 ) ;
#5389 = VECTOR ( 'NONE', #3250, 1000.000000000000000 ) ;
#5390 = DIRECTION ( 'NONE',  ( 1.000000000000000000, 0.000000000000000000, -0.000000000000000000 ) ) ;
#5391 = CARTESIAN_POINT ( 'NONE',  ( 0.000000000000000000, 0.1499999999999999944, -0.6500000000000001332 ) ) ;
#5392 = EDGE_CURVE ( 'NONE', #3680, #4992, #3775, .T. ) ;
#5393 = CARTESIAN_POINT ( 'NONE',  ( -9.856383386230957800E-17, 0.1499999999999999944, 0.1249999999999885092 ) ) ;
#5394 = DIRECTION ( 'NONE',  ( 0.7071067811865456854, 0.000000000000000000, -0.7071067811865493491 ) ) ;
#5395 = VECTOR ( 'NONE', #2197, 1000.000000000000000 ) ;
#5396 = MANIFOLD_SOLID_BREP ( 'Cut-Extrude1[4]', #5996 ) ;
#5397 = CARTESIAN_POINT ( 'NONE',  ( 0.000000000000000000, 0.1499999999999999944, -0.1000000000000000056 ) ) ;
#5398 = VECTOR ( 'NONE', #6563, 1000.000000000000000 ) ;
#5399 = AXIS2_PLACEMENT_3D ( 'NONE', #1225, #1796, #6429 ) ;
#5400 = DIRECTION ( 'NONE',  ( 0.000000000000000000, -1.000000000000000000, 0.000000000000000000 ) ) ;
#5401 = EDGE_CURVE ( 'NONE', #3200, #4041, #3580, .T. ) ;
#5402 = CARTESIAN_POINT ( 'NONE',  ( -0.7000000000000002887, 0.000000000000000000, 0.8950000000000000178 ) ) ;
#5403 = PLANE ( 'NONE',  #4836 ) ;
#5404 = LINE ( 'NONE', #621, #6145 ) ;
#5405 = CARTESIAN_POINT ( 'NONE',  ( -1.499999999999999778, 0.1499999999999999944, 0.6500000000000001332 ) ) ;
#5406 = ORIENTED_EDGE ( 'NONE', *, *, #6340, .T. ) ;
#5407 = ORIENTED_EDGE ( 'NONE', *, *, #256, .T. ) ;
#5408 = ORIENTED_EDGE ( 'NONE', *, *, #2464, .F. ) ;
#5409 = LINE ( 'NONE', #2378, #5278 ) ;
#5410 = DIRECTION ( 'NONE',  ( -0.000000000000000000, 1.000000000000000000, 0.000000000000000000 ) ) ;
#5411 = DIRECTION ( 'NONE',  ( -0.000000000000000000, 1.000000000000000000, 0.000000000000000000 ) ) ;
#5412 = PLANE ( 'NONE',  #4535 ) ;
#5413 = VERTEX_POINT ( 'NONE', #1119 ) ;
#5414 = EDGE_LOOP ( 'NONE', ( #6553, #4855, #382, #1557, #2497, #4034 ) ) ;
#5415 = ORIENTED_EDGE ( 'NONE', *, *, #2297, .T. ) ;
#5416 = ORIENTED_EDGE ( 'NONE', *, *, #1249, .T. ) ;
#5417 = CARTESIAN_POINT ( 'NONE',  ( -1.500000000000000222, 0.1499999999999999944, 0.000000000000000000 ) ) ;
#5418 = EDGE_CURVE ( 'NONE', #4099, #6691, #2270, .T. ) ;
#5419 = VECTOR ( 'NONE', #5992, 1000.000000000000000 ) ;
#5420 = CARTESIAN_POINT ( 'NONE',  ( 1.449999999999999956, 0.07499999999999999722, 0.8749999999999910072 ) ) ;
#5421 = CARTESIAN_POINT ( 'NONE',  ( 1.225000000000010303, 0.1499999999999999944, 0.3749999999999931721 ) ) ;
#5422 = ORIENTED_EDGE ( 'NONE', *, *, #1062, .T. ) ;
#5423 = EDGE_CURVE ( 'NONE', #3185, #6437, #1087, .T. ) ;
#5424 = EDGE_CURVE ( 'NONE', #4856, #5215, #2032, .T. ) ;
#5425 = LINE ( 'NONE', #3838, #1031 ) ;
#5426 = FACE_OUTER_BOUND ( 'NONE', #4062, .T. ) ;
#5427 = CARTESIAN_POINT ( 'NONE',  ( 0.000000000000000000, 0.07499999999999999722, 0.6500000000000001332 ) ) ;
#5428 = CARTESIAN_POINT ( 'NONE',  ( 0.09749999999999874045, 0.000000000000000000, 0.09749999999999844902 ) ) ;
#5429 = EDGE_CURVE ( 'NONE', #2113, #6149, #5751, .T. ) ;
#5430 = CARTESIAN_POINT ( 'NONE',  ( 0.1750000000000000167, 0.1499999999999999944, 1.499999999999996669 ) ) ;
#5431 = ORIENTED_EDGE ( 'NONE', *, *, #6574, .F. ) ;
#5432 = DIRECTION ( 'NONE',  ( -1.000000000000000000, 0.000000000000000000, -2.168404344971010446E-15 ) ) ;
#5433 = CARTESIAN_POINT ( 'NONE',  ( 0.1750000000000000167, 0.1499999999999999944, -1.450000000000000178 ) ) ;
#5434 = LINE ( 'NONE', #5405, #5038 ) ;
#5435 = ORIENTED_EDGE ( 'NONE', *, *, #3453, .F. ) ;
#5436 = EDGE_CURVE ( 'NONE', #1597, #6605, #5679, .T. ) ;
#5437 = VECTOR ( 'NONE', #21, 1000.000000000000000 ) ;
#5438 = CARTESIAN_POINT ( 'NONE',  ( 0.6750000000000010436, 0.1499999999999999944, 5.322447028565214342E-16 ) ) ;
#5439 = ORIENTED_EDGE ( 'NONE', *, *, #904, .F. ) ;
#5440 = ORIENTED_EDGE ( 'NONE', *, *, #5855, .T. ) ;
#5441 = FACE_OUTER_BOUND ( 'NONE', #6536, .T. ) ;
#5442 = PLANE ( 'NONE',  #4305 ) ;
#5443 = DIRECTION ( 'NONE',  ( -0.000000000000000000, -1.000000000000000000, -0.000000000000000000 ) ) ;
#5444 = ADVANCED_FACE ( 'NONE', ( #4689 ), #35, .T. ) ;
#5445 = DIRECTION ( 'NONE',  ( 0.000000000000000000, -1.000000000000000000, 0.000000000000000000 ) ) ;
#5446 = VERTEX_POINT ( 'NONE', #1284 ) ;
#5447 = CARTESIAN_POINT ( 'NONE',  ( 1.225000000000007194, 0.1499999999999999944, 0.8749999999999996669 ) ) ;
#5448 = ORIENTED_EDGE ( 'NONE', *, *, #3453, .T. ) ;
#5449 = DIRECTION ( 'NONE',  ( -0.000000000000000000, -1.000000000000000000, -0.000000000000000000 ) ) ;
#5450 = DIRECTION ( 'NONE',  ( -0.000000000000000000, -1.000000000000000000, 0.000000000000000000 ) ) ;
#5451 = DIRECTION ( 'NONE',  ( 0.000000000000000000, 0.000000000000000000, 1.000000000000000000 ) ) ;
#5452 = VECTOR ( 'NONE', #3199, 1000.000000000000000 ) ;
#5453 = EDGE_CURVE ( 'NONE', #6352, #6115, #1756, .T. ) ;
#5454 = DIRECTION ( 'NONE',  ( 0.000000000000000000, -0.000000000000000000, 1.000000000000000000 ) ) ;
#5455 = FACE_OUTER_BOUND ( 'NONE', #120, .T. ) ;
#5456 = CARTESIAN_POINT ( 'NONE',  ( 1.499999999999999778, 0.8000000000000000444, 1.500000000000000000 ) ) ;
#5457 = LINE ( 'NONE', #2890, #4193 ) ;
#5458 = DIRECTION ( 'NONE',  ( -1.000000000000000000, 0.000000000000000000, 0.000000000000000000 ) ) ;
#5459 = CIRCLE ( 'NONE', #2866, 0.2500000000000000000 ) ;
#5460 = LINE ( 'NONE', #4381, #4848 ) ;
#5461 = CARTESIAN_POINT ( 'NONE',  ( 0.000000000000000000, 0.07499999999999999722, 0.1499999999999999667 ) ) ;
#5462 = LINE ( 'NONE', #236, #3395 ) ;
#5463 = FACE_OUTER_BOUND ( 'NONE', #4641, .T. ) ;
#5464 = EDGE_CURVE ( 'NONE', #6079, #3005, #4783, .T. ) ;
#5465 = EDGE_CURVE ( 'NONE', #2453, #4099, #136, .T. ) ;
#5466 =( NAMED_UNIT ( * ) SI_UNIT ( $, .STERADIAN. ) SOLID_ANGLE_UNIT ( ) );
#5467 = CARTESIAN_POINT ( 'NONE',  ( -1.500000000000000222, 0.07499999999999999722, 1.500000000000000000 ) ) ;
#5468 = ORIENTED_EDGE ( 'NONE', *, *, #6467, .F. ) ;
#5469 = VECTOR ( 'NONE', #1988, 1000.000000000000000 ) ;
#5470 = CIRCLE ( 'NONE', #5578, 0.1249999999999998890 ) ;
#5471 = PLANE ( 'NONE',  #1794 ) ;
#5472 = VERTEX_POINT ( 'NONE', #683 ) ;
#5473 = DIRECTION ( 'NONE',  ( 0.000000000000000000, 0.000000000000000000, 1.000000000000000000 ) ) ;
#5474 = ORIENTED_EDGE ( 'NONE', *, *, #1564, .F. ) ;
#5475 = EDGE_CURVE ( 'NONE', #3949, #2754, #6317, .T. ) ;
#5476 = DIRECTION ( 'NONE',  ( 0.000000000000000000, -1.000000000000000000, 0.000000000000000000 ) ) ;
#5477 = CARTESIAN_POINT ( 'NONE',  ( 1.225000000000008527, 0.1499999999999999944, 0.1249999999999894806 ) ) ;
#5478 = AXIS2_PLACEMENT_3D ( 'NONE', #2287, #2439, #318 ) ;
#5479 = LINE ( 'NONE', #3448, #5080 ) ;
#5480 = ORIENTED_EDGE ( 'NONE', *, *, #4708, .F. ) ;
#5481 = VECTOR ( 'NONE', #4149, 1000.000000000000000 ) ;
#5482 = ORIENTED_EDGE ( 'NONE', *, *, #2871, .F. ) ;
#5483 = VERTEX_POINT ( 'NONE', #72 ) ;
#5484 = ADVANCED_FACE ( 'NONE', ( #6419 ), #3852, .T. ) ;
#5485 = CARTESIAN_POINT ( 'NONE',  ( 0.1750000000000000167, 0.07499999999999999722, 1.450000000000000178 ) ) ;
#5486 = CARTESIAN_POINT ( 'NONE',  ( 1.449999999999999956, 0.1499999999999999944, 0.8749999999999910072 ) ) ;
#5487 = CARTESIAN_POINT ( 'NONE',  ( -1.500000000000000222, 0.1499999999999999944, 0.3499999999999999223 ) ) ;
#5488 = AXIS2_PLACEMENT_3D ( 'NONE', #1422, #2054, #1948 ) ;
#5489 = VERTEX_POINT ( 'NONE', #4225 ) ;
#5490 = CARTESIAN_POINT ( 'NONE',  ( 0.000000000000000000, 0.07499999999999999722, 0.000000000000000000 ) ) ;
#5491 = VECTOR ( 'NONE', #639, 1000.000000000000000 ) ;
#5492 = FACE_OUTER_BOUND ( 'NONE', #3208, .T. ) ;
#5493 = CARTESIAN_POINT ( 'NONE',  ( 1.225000000000003419, 0.1499999999999999944, -0.3750000000000105471 ) ) ;
#5494 = MECHANICAL_DESIGN_GEOMETRIC_PRESENTATION_REPRESENTATION (  '', ( #2905 ), #960 ) ;
#5495 = AXIS2_PLACEMENT_3D ( 'NONE', #6044, #3469, #6518 ) ;
#5496 = CARTESIAN_POINT ( 'NONE',  ( -1.450000000000000400, 0.000000000000000000, 0.6500000000000000222 ) ) ;
#5497 = AXIS2_PLACEMENT_3D ( 'NONE', #4329, #5542, #6085 ) ;
#5498 = LINE ( 'NONE', #4879, #3134 ) ;
#5499 = AXIS2_PLACEMENT_3D ( 'NONE', #2133, #4192, #3335 ) ;
#5500 = CARTESIAN_POINT ( 'NONE',  ( 1.499999999999999778, 0.07499999999999999722, -1.500000000000000000 ) ) ;
#5501 = ORIENTED_EDGE ( 'NONE', *, *, #3906, .F. ) ;
#5502 = FACE_OUTER_BOUND ( 'NONE', #6577, .T. ) ;
#5503 = EDGE_LOOP ( 'NONE', ( #2129, #2681, #3083, #3582 ) ) ;
#5504 = AXIS2_PLACEMENT_3D ( 'NONE', #1100, #597, #1571 ) ;
#5505 = VECTOR ( 'NONE', #5321, 1000.000000000000000 ) ;
#5506 = ORIENTED_EDGE ( 'NONE', *, *, #1261, .F. ) ;
#5507 = EDGE_CURVE ( 'NONE', #1440, #2103, #2266, .T. ) ;
#5508 = ORIENTED_EDGE ( 'NONE', *, *, #336, .T. ) ;
#5509 = CARTESIAN_POINT ( 'NONE',  ( 1.449999999999999956, 0.000000000000000000, -0.2500000000000086597 ) ) ;
#5510 = ORIENTED_EDGE ( 'NONE', *, *, #3043, .F. ) ;
#5511 = LINE ( 'NONE', #352, #2052 ) ;
#5512 = DIRECTION ( 'NONE',  ( 1.000000000000000000, 0.000000000000000000, 0.000000000000000000 ) ) ;
#5513 = DIRECTION ( 'NONE',  ( -0.000000000000000000, -1.000000000000000000, -0.000000000000000000 ) ) ;
#5514 = ORIENTED_EDGE ( 'NONE', *, *, #4159, .F. ) ;
#5515 = EDGE_CURVE ( 'NONE', #830, #4382, #652, .T. ) ;
#5516 = MANIFOLD_SOLID_BREP ( 'Cut-Extrude1[7]', #2664 ) ;
#5517 = VERTEX_POINT ( 'NONE', #5848 ) ;
#5518 = ORIENTED_EDGE ( 'NONE', *, *, #3366, .F. ) ;
#5519 = CARTESIAN_POINT ( 'NONE',  ( 0.2999999999999999334, 0.1499999999999999944, 1.099999999999996758 ) ) ;
#5520 = LINE ( 'NONE', #4601, #1306 ) ;
#5521 = CARTESIAN_POINT ( 'NONE',  ( 0.000000000000000000, 0.07499999999999999722, 0.3499999999999999223 ) ) ;
#5522 = ORIENTED_EDGE ( 'NONE', *, *, #5968, .T. ) ;
#5523 = ADVANCED_FACE ( 'NONE', ( #5326 ), #5403, .F. ) ;
#5524 = CARTESIAN_POINT ( 'NONE',  ( -1.100000000000000311, 0.7500000000000000000, -0.8500000000000003109 ) ) ;
#5525 = DIRECTION ( 'NONE',  ( -1.000000000000000000, 0.000000000000000000, -0.000000000000000000 ) ) ;
#5526 = CARTESIAN_POINT ( 'NONE',  ( 0.9249999999999994893, 0.1499999999999999944, 1.450000000000000178 ) ) ;
#5527 = PLANE ( 'NONE',  #6367 ) ;
#5528 = CARTESIAN_POINT ( 'NONE',  ( 1.449999999999999956, 0.1499999999999999944, -0.3750000000000104361 ) ) ;
#5529 = CARTESIAN_POINT ( 'NONE',  ( -0.1999999999999955980, 0.000000000000000000, 0.1999999999999949873 ) ) ;
#5530 = LINE ( 'NONE', #3396, #3642 ) ;
#5531 = ORIENTED_EDGE ( 'NONE', *, *, #3144, .T. ) ;
#5532 = CARTESIAN_POINT ( 'NONE',  ( -1.100000000000000311, 0.7500000000000000000, -1.100000000000000311 ) ) ;
#5533 = CARTESIAN_POINT ( 'NONE',  ( 0.9249999999999994893, 0.1499999999999999944, 1.500000000000000000 ) ) ;
#5534 = ORIENTED_EDGE ( 'NONE', *, *, #6634, .F. ) ;
#5535 = MANIFOLD_SOLID_BREP ( 'Cut-Extrude1[9]', #801 ) ;
#5536 = ORIENTED_EDGE ( 'NONE', *, *, #4224, .T. ) ;
#5537 = ADVANCED_FACE ( 'NONE', ( #6004 ), #4852, .F. ) ;
#5538 = DIRECTION ( 'NONE',  ( 1.182766006347807923E-15, 0.000000000000000000, -1.000000000000000000 ) ) ;
#5539 = VERTEX_POINT ( 'NONE', #3947 ) ;
#5540 = DIRECTION ( 'NONE',  ( -0.000000000000000000, -1.000000000000000000, 0.000000000000000000 ) ) ;
#5541 = ORIENTED_EDGE ( 'NONE', *, *, #3043, .T. ) ;
#5542 = DIRECTION ( 'NONE',  ( -0.000000000000000000, -1.000000000000000000, 0.000000000000000000 ) ) ;
#5543 = CARTESIAN_POINT ( 'NONE',  ( 1.499999999999972911, 0.1499999999999999944, -7.285838599102467365E-14 ) ) ;
#5544 = EDGE_CURVE ( 'NONE', #4760, #6079, #820, .T. ) ;
#5545 = DIRECTION ( 'NONE',  ( 0.000000000000000000, 0.000000000000000000, 1.000000000000000000 ) ) ;
#5546 = ORIENTED_EDGE ( 'NONE', *, *, #2385, .T. ) ;
#5547 = ORIENTED_EDGE ( 'NONE', *, *, #606, .T. ) ;
#5548 = CARTESIAN_POINT ( 'NONE',  ( 0.6750000000000004885, 0.07499999999999999722, -2.661223514282605199E-16 ) ) ;
#5549 = ORIENTED_EDGE ( 'NONE', *, *, #330, .F. ) ;
#5550 = ORIENTED_EDGE ( 'NONE', *, *, #1464, .T. ) ;
#5551 = CARTESIAN_POINT ( 'NONE',  ( 0.000000000000000000, 0.1499999999999999944, -1.499999999999996669 ) ) ;
#5552 = EDGE_CURVE ( 'NONE', #429, #1937, #861, .T. ) ;
#5553 = EDGE_CURVE ( 'NONE', #1704, #2205, #241, .T. ) ;
#5554 = DIRECTION ( 'NONE',  ( 1.000000000000000000, 0.000000000000000000, 1.516366674804902060E-16 ) ) ;
#5555 = ORIENTED_EDGE ( 'NONE', *, *, #2346, .F. ) ;
#5556 = CARTESIAN_POINT ( 'NONE',  ( 1.500000000000005995, 0.1499999999999999944, -1.040834085586090094E-14 ) ) ;
#5557 = ORIENTED_EDGE ( 'NONE', *, *, #302, .T. ) ;
#5558 = LINE ( 'NONE', #6033, #6137 ) ;
#5559 = CARTESIAN_POINT ( 'NONE',  ( -1.450000000000000400, 0.07499999999999999722, -0.8600000000000003197 ) ) ;
#5560 = EDGE_CURVE ( 'NONE', #5004, #6478, #3397, .T. ) ;
#5561 = DIRECTION ( 'NONE',  ( -0.000000000000000000, 1.000000000000000000, 0.000000000000000000 ) ) ;
#5562 = CARTESIAN_POINT ( 'NONE',  ( -2.236166980751394863E-14, 0.000000000000000000, -0.3750000000000104361 ) ) ;
#5563 = VECTOR ( 'NONE', #809, 1000.000000000000000 ) ;
#5564 = CARTESIAN_POINT ( 'NONE',  ( 9.184792940293066228E-17, 0.000000000000000000, 0.3750000000000104361 ) ) ;
#5565 = ORIENTED_EDGE ( 'NONE', *, *, #5738, .T. ) ;
#5566 = ADVANCED_FACE ( 'NONE', ( #6489 ), #2934, .F. ) ;
#5567 = CARTESIAN_POINT ( 'NONE',  ( 0.1750000000000000167, 0.1499999999999999944, 0.000000000000000000 ) ) ;
#5568 = DIRECTION ( 'NONE',  ( 0.000000000000000000, 0.000000000000000000, -1.000000000000000000 ) ) ;
#5569 = ORIENTED_EDGE ( 'NONE', *, *, #1229, .T. ) ;
#5570 = VERTEX_POINT ( 'NONE', #2470 ) ;
#5571 = CARTESIAN_POINT ( 'NONE',  ( -0.5499999999999893863, 0.1499999999999999944, 0.1499999999999999112 ) ) ;
#5572 = ORIENTED_EDGE ( 'NONE', *, *, #4152, .F. ) ;
#5573 = CARTESIAN_POINT ( 'NONE',  ( -0.4000000000000001332, 0.1499999999999999944, -0.4000000000000001332 ) ) ;
#5574 = VECTOR ( 'NONE', #5331, 1000.000000000000000 ) ;
#5575 = CARTESIAN_POINT ( 'NONE',  ( 0.000000000000000000, 0.000000000000000000, 0.000000000000000000 ) ) ;
#5576 = CARTESIAN_POINT ( 'NONE',  ( 1.225000000000008527, 0.000000000000000000, 0.2499999999999913403 ) ) ;
#5577 = ORIENTED_EDGE ( 'NONE', *, *, #2009, .F. ) ;
#5578 = AXIS2_PLACEMENT_3D ( 'NONE', #739, #5450, #4338 ) ;
#5579 = ORIENTED_EDGE ( 'NONE', *, *, #2302, .F. ) ;
#5580 = DIRECTION ( 'NONE',  ( 3.942553354492745503E-16, 0.000000000000000000, 1.000000000000000000 ) ) ;
#5581 = CARTESIAN_POINT ( 'NONE',  ( 1.449999999999999956, 0.1499999999999999944, -0.3750000000000104361 ) ) ;
#5582 = CARTESIAN_POINT ( 'NONE',  ( -1.500000000000000222, 0.1499999999999999944, -0.6500000000000001332 ) ) ;
#5583 = ORIENTED_EDGE ( 'NONE', *, *, #6716, .F. ) ;
#5584 = AXIS2_PLACEMENT_3D ( 'NONE', #4032, #2003, #939 ) ;
#5585 = AXIS2_PLACEMENT_3D ( 'NONE', #1421, #5047, #2501 ) ;
#5586 = DIRECTION ( 'NONE',  ( -1.000000000000000000, 0.000000000000000000, 0.000000000000000000 ) ) ;
#5587 = CARTESIAN_POINT ( 'NONE',  ( -0.4999999999999897304, 0.1499999999999999944, 0.1000000000000000056 ) ) ;
#5588 = DIRECTION ( 'NONE',  ( 0.000000000000000000, -1.000000000000000000, 0.000000000000000000 ) ) ;
#5589 = VECTOR ( 'NONE', #5613, 1000.000000000000000 ) ;
#5590 = EDGE_CURVE ( 'NONE', #6048, #436, #6454, .T. ) ;
#5591 = CARTESIAN_POINT ( 'NONE',  ( 0.6749999999999998224, 0.1499999999999999944, 1.450000000000000178 ) ) ;
#5592 = ORIENTED_EDGE ( 'NONE', *, *, #3574, .T. ) ;
#5593 = CARTESIAN_POINT ( 'NONE',  ( 0.9249999999999994893, 0.1499999999999999944, -1.500000000000000000 ) ) ;
#5594 = LINE ( 'NONE', #3097, #2704 ) ;
#5595 = VECTOR ( 'NONE', #4654, 1000.000000000000000 ) ;
#5596 = VECTOR ( 'NONE', #3907, 1000.000000000000000 ) ;
#5597 = EDGE_CURVE ( 'NONE', #4487, #2457, #3891, .T. ) ;
#5598 = CARTESIAN_POINT ( 'NONE',  ( 0.9249999999999994893, 0.07499999999999999722, -1.450000000000000178 ) ) ;
#5599 = CARTESIAN_POINT ( 'NONE',  ( -1.415000000000000036, 0.000000000000000000, 0.8950000000000000178 ) ) ;
#5600 = DIRECTION ( 'NONE',  ( -1.000000000000000000, 0.000000000000000000, 0.000000000000000000 ) ) ;
#5601 = DIRECTION ( 'NONE',  ( -1.000000000000000000, 0.000000000000000000, -3.114617150049426547E-14 ) ) ;
#5602 = ORIENTED_EDGE ( 'NONE', *, *, #1689, .T. ) ;
#5603 = VECTOR ( 'NONE', #3276, 1000.000000000000000 ) ;
#5604 = AXIS2_PLACEMENT_3D ( 'NONE', #5205, #3174, #5138 ) ;
#5605 = CARTESIAN_POINT ( 'NONE',  ( -0.9000000000000022427, 0.1499999999999999944, 0.8999999999999994671 ) ) ;
#5606 = VECTOR ( 'NONE', #4844, 1000.000000000000000 ) ;
#5607 = DIRECTION ( 'NONE',  ( 0.000000000000000000, 1.000000000000000000, 0.000000000000000000 ) ) ;
#5608 = ORIENTED_EDGE ( 'NONE', *, *, #27, .T. ) ;
#5609 = VECTOR ( 'NONE', #5878, 1000.000000000000114 ) ;
#5610 = ADVANCED_FACE ( 'NONE', ( #4882 ), #2333, .T. ) ;
#5611 = VECTOR ( 'NONE', #5120, 1000.000000000000000 ) ;
#5612 = ORIENTED_EDGE ( 'NONE', *, *, #4475, .F. ) ;
#5613 = DIRECTION ( 'NONE',  ( 0.000000000000000000, 0.000000000000000000, 1.000000000000000000 ) ) ;
#5614 = EDGE_LOOP ( 'NONE', ( #4002, #110, #6190, #1693 ) ) ;
#5615 = DIRECTION ( 'NONE',  ( 3.942553354492745503E-16, 0.000000000000000000, 1.000000000000000000 ) ) ;
#5616 = DIRECTION ( 'NONE',  ( 0.000000000000000000, 0.000000000000000000, -1.000000000000000000 ) ) ;
#5617 = CIRCLE ( 'NONE', #3895, 0.1249999999999998890 ) ;
#5618 = CARTESIAN_POINT ( 'NONE',  ( 1.499999999999999778, 0.07499999999999999722, -1.500000000000000000 ) ) ;
#5619 = ORIENTED_EDGE ( 'NONE', *, *, #620, .F. ) ;
#5620 = ORIENTED_EDGE ( 'NONE', *, *, #4669, .T. ) ;
#5621 = ORIENTED_EDGE ( 'NONE', *, *, #3225, .T. ) ;
#5622 = FACE_OUTER_BOUND ( 'NONE', #4962, .T. ) ;
#5623 = ORIENTED_EDGE ( 'NONE', *, *, #554, .F. ) ;
#5624 = DIRECTION ( 'NONE',  ( 0.000000000000000000, -0.000000000000000000, -1.000000000000000000 ) ) ;
#5625 = ORIENTED_EDGE ( 'NONE', *, *, #2965, .T. ) ;
#5626 = PLANE ( 'NONE',  #4514 ) ;
#5627 = FILL_AREA_STYLE ('',( #1941 ) ) ;
#5628 = DIRECTION ( 'NONE',  ( 1.000000000000000000, 0.000000000000000000, 0.000000000000000000 ) ) ;
#5629 = ORIENTED_EDGE ( 'NONE', *, *, #1964, .F. ) ;
#5630 = CARTESIAN_POINT ( 'NONE',  ( 0.000000000000000000, 0.07499999999999999722, -0.6500000000000001332 ) ) ;
#5631 = EDGE_CURVE ( 'NONE', #2513, #4964, #5949, .T. ) ;
#5632 = FACE_OUTER_BOUND ( 'NONE', #6076, .T. ) ;
#5633 = ORIENTED_EDGE ( 'NONE', *, *, #1637, .F. ) ;
#5634 = DIRECTION ( 'NONE',  ( 0.000000000000000000, -1.000000000000000000, 0.000000000000000000 ) ) ;
#5635 = CARTESIAN_POINT ( 'NONE',  ( 1.225000000000008527, 0.1499999999999999944, 0.2499999999999913403 ) ) ;
#5636 = ADVANCED_FACE ( 'NONE', ( #4914 ), #6517, .T. ) ;
#5637 = LINE ( 'NONE', #6038, #6575 ) ;
#5638 = CARTESIAN_POINT ( 'NONE',  ( -1.415000000000000036, 0.1499999999999999944, 0.8950000000000000178 ) ) ;
#5639 = LINE ( 'NONE', #4681, #1618 ) ;
#5640 = EDGE_CURVE ( 'NONE', #3722, #4871, #4421, .T. ) ;
#5641 = EDGE_CURVE ( 'NONE', #1251, #1728, #4020, .T. ) ;
#5642 = CARTESIAN_POINT ( 'NONE',  ( -0.5499999999999894973, 0.000000000000000000, -0.1499999999999999667 ) ) ;
#5643 = ORIENTED_EDGE ( 'NONE', *, *, #5836, .F. ) ;
#5644 = LINE ( 'NONE', #3954, #3732 ) ;
#5645 = VERTEX_POINT ( 'NONE', #2434 ) ;
#5646 = CARTESIAN_POINT ( 'NONE',  ( -1.100000000000000311, 0.8000000000000000444, -1.100000000000000311 ) ) ;
#5647 = VERTEX_POINT ( 'NONE', #4485 ) ;
#5648 = DIRECTION ( 'NONE',  ( -0.000000000000000000, -1.000000000000000000, -0.000000000000000000 ) ) ;
#5649 = DIRECTION ( 'NONE',  ( 1.000000000000000000, -0.000000000000000000, 0.000000000000000000 ) ) ;
#5650 = DIRECTION ( 'NONE',  ( 1.000000000000000000, -0.000000000000000000, 0.000000000000000000 ) ) ;
#5651 = EDGE_CURVE ( 'NONE', #4092, #1300, #6549, .T. ) ;
#5652 = PLANE ( 'NONE',  #5173 ) ;
#5653 = ORIENTED_EDGE ( 'NONE', *, *, #5977, .T. ) ;
#5654 = ORIENTED_EDGE ( 'NONE', *, *, #5346, .F. ) ;
#5655 = ORIENTED_EDGE ( 'NONE', *, *, #4738, .F. ) ;
#5656 = AXIS2_PLACEMENT_3D ( 'NONE', #3320, #5288, #229 ) ;
#5657 = ORIENTED_EDGE ( 'NONE', *, *, #885, .T. ) ;
#5658 = SURFACE_STYLE_FILL_AREA ( #2981 ) ;
#5659 = CARTESIAN_POINT ( 'NONE',  ( 0.000000000000000000, 0.1499999999999999944, -0.1499999999999999667 ) ) ;
#5660 = EDGE_CURVE ( 'NONE', #848, #1537, #1075, .T. ) ;
#5661 = PLANE ( 'NONE',  #6704 ) ;
#5662 = ORIENTED_EDGE ( 'NONE', *, *, #3513, .F. ) ;
#5663 = FACE_OUTER_BOUND ( 'NONE', #2769, .T. ) ;
#5664 = DIRECTION ( 'NONE',  ( 0.000000000000000000, 0.000000000000000000, -1.000000000000000000 ) ) ;
#5665 = CARTESIAN_POINT ( 'NONE',  ( 1.449999999999999956, 0.000000000000000000, -0.6250000000000018874 ) ) ;
#5666 = EDGE_CURVE ( 'NONE', #5570, #3503, #5022, .T. ) ;
#5667 = DIRECTION ( 'NONE',  ( 0.000000000000000000, 0.000000000000000000, 1.000000000000000000 ) ) ;
#5668 = FACE_OUTER_BOUND ( 'NONE', #4260, .T. ) ;
#5669 = EDGE_CURVE ( 'NONE', #1902, #6053, #1987, .T. ) ;
#5670 = CARTESIAN_POINT ( 'NONE',  ( -0.9000000000000022427, 0.1499999999999999944, -0.8999999999999994671 ) ) ;
#5671 = PLANE ( 'NONE',  #3657 ) ;
#5672 = VERTEX_POINT ( 'NONE', #549 ) ;
#5673 = FACE_OUTER_BOUND ( 'NONE', #932, .T. ) ;
#5674 = ORIENTED_EDGE ( 'NONE', *, *, #6538, .T. ) ;
#5675 = EDGE_CURVE ( 'NONE', #5118, #1012, #5639, .T. ) ;
#5676 = PLANE ( 'NONE',  #2787 ) ;
#5677 = ORIENTED_EDGE ( 'NONE', *, *, #1780, .F. ) ;
#5678 = CARTESIAN_POINT ( 'NONE',  ( -1.100000000000000311, 0.7500000000000000000, -1.100000000000000311 ) ) ;
#5679 = LINE ( 'NONE', #2644, #413 ) ;
#5680 = VECTOR ( 'NONE', #1227, 1000.000000000000000 ) ;
#5681 = DIRECTION ( 'NONE',  ( 0.000000000000000000, -1.000000000000000000, 0.000000000000000000 ) ) ;
#5682 = ORIENTED_EDGE ( 'NONE', *, *, #240, .F. ) ;
#5683 = ORIENTED_EDGE ( 'NONE', *, *, #2177, .F. ) ;
#5684 = ORIENTED_EDGE ( 'NONE', *, *, #4126, .F. ) ;
#5685 = ADVANCED_FACE ( 'NONE', ( #5673 ), #4551, .T. ) ;
#5686 = ORIENTED_EDGE ( 'NONE', *, *, #3144, .F. ) ;
#5687 = DIRECTION ( 'NONE',  ( 0.000000000000000000, 1.000000000000000000, -0.000000000000000000 ) ) ;
#5688 = VERTEX_POINT ( 'NONE', #4123 ) ;
#5689 = LINE ( 'NONE', #4668, #6032 ) ;
#5690 =( NAMED_UNIT ( * ) PLANE_ANGLE_UNIT ( ) SI_UNIT ( $, .RADIAN. ) );
#5691 = CIRCLE ( 'NONE', #3520, 0.1249999999999998890 ) ;
#5692 = LINE ( 'NONE', #1128, #4004 ) ;
#5693 = ORIENTED_EDGE ( 'NONE', *, *, #3424, .F. ) ;
#5694 = AXIS2_PLACEMENT_3D ( 'NONE', #4991, #2805, #4957 ) ;
#5695 = PRESENTATION_LAYER_ASSIGNMENT (  '', '', ( #1913 ) ) ;
#5696 = DIRECTION ( 'NONE',  ( 1.000000000000000000, 0.000000000000000000, 6.023345402696833799E-16 ) ) ;
#5697 = ORIENTED_EDGE ( 'NONE', *, *, #4826, .F. ) ;
#5698 = LINE ( 'NONE', #6337, #2254 ) ;
#5699 = CARTESIAN_POINT ( 'NONE',  ( 1.225000000000003419, 0.1499999999999999944, -0.3750000000000105471 ) ) ;
#5700 = VECTOR ( 'NONE', #931, 1000.000000000000000 ) ;
#5701 = CARTESIAN_POINT ( 'NONE',  ( 0.000000000000000000, 0.07499999999999999722, 0.000000000000000000 ) ) ;
#5702 = CARTESIAN_POINT ( 'NONE',  ( -1.415000000000000036, 0.000000000000000000, 0.3849999999999998979 ) ) ;
#5703 = VECTOR ( 'NONE', #3171, 999.9999999999998863 ) ;
#5704 = CARTESIAN_POINT ( 'NONE',  ( -1.500000000000000222, 0.07499999999999999722, -1.500000000000000000 ) ) ;
#5705 = EDGE_LOOP ( 'NONE', ( #1378, #153 ) ) ;
#5706 = DIRECTION ( 'NONE',  ( 0.000000000000000000, 0.000000000000000000, -1.000000000000000000 ) ) ;
#5707 = FACE_OUTER_BOUND ( 'NONE', #6423, .T. ) ;
#5708 = ORIENTED_EDGE ( 'NONE', *, *, #2541, .F. ) ;
#5709 = CIRCLE ( 'NONE', #396, 0.1250000000000018319 ) ;
#5710 = LINE ( 'NONE', #4751, #1735 ) ;
#5711 = AXIS2_PLACEMENT_3D ( 'NONE', #2944, #3958, #3407 ) ;
#5712 = VERTEX_POINT ( 'NONE', #3640 ) ;
#5713 = CARTESIAN_POINT ( 'NONE',  ( 0.09749999999999874045, 0.1499999999999999944, 0.09749999999999844902 ) ) ;
#5714 = ORIENTED_EDGE ( 'NONE', *, *, #5597, .T. ) ;
#5715 = VECTOR ( 'NONE', #595, 1000.000000000000000 ) ;
#5716 = LINE ( 'NONE', #1634, #730 ) ;
#5717 = ORIENTED_EDGE ( 'NONE', *, *, #1, .T. ) ;
#5718 = VECTOR ( 'NONE', #3571, 1000.000000000000000 ) ;
#5719 = VERTEX_POINT ( 'NONE', #2571 ) ;
#5720 = EDGE_CURVE ( 'NONE', #4683, #24, #4583, .T. ) ;
#5721 = ORIENTED_EDGE ( 'NONE', *, *, #279, .F. ) ;
#5722 = AXIS2_PLACEMENT_3D ( 'NONE', #4261, #3211, #5146 ) ;
#5723 = CARTESIAN_POINT ( 'NONE',  ( 0.000000000000000000, 0.000000000000000000, 0.1499999999999999667 ) ) ;
#5724 = VERTEX_POINT ( 'NONE', #4180 ) ;
#5725 = AXIS2_PLACEMENT_3D ( 'NONE', #2080, #6271, #1668 ) ;
#5726 = CARTESIAN_POINT ( 'NONE',  ( 0.000000000000000000, 0.1499999999999999944, 0.3499999999999999223 ) ) ;
#5727 = CARTESIAN_POINT ( 'NONE',  ( 0.6749999999999999334, 0.1499999999999999944, -1.500000000000000000 ) ) ;
#5728 = VECTOR ( 'NONE', #3161, 1000.000000000000000 ) ;
#5729 = CARTESIAN_POINT ( 'NONE',  ( -1.500000000000000222, 0.8000000000000000444, -1.500000000000000000 ) ) ;
#5730 = EDGE_CURVE ( 'NONE', #2569, #6362, #1035, .T. ) ;
#5731 = ORIENTED_EDGE ( 'NONE', *, *, #5078, .F. ) ;
#5732 = VECTOR ( 'NONE', #1592, 1000.000000000000000 ) ;
#5733 =( GEOMETRIC_REPRESENTATION_CONTEXT ( 3 ) GLOBAL_UNCERTAINTY_ASSIGNED_CONTEXT ( ( #6342 ) ) GLOBAL_UNIT_ASSIGNED_CONTEXT ( ( #662, #5690, #1156 ) ) REPRESENTATION_CONTEXT ( 'NONE', 'WORKASPACE' ) );
#5734 = DIRECTION ( 'NONE',  ( 1.182766006347807923E-15, 0.000000000000000000, -1.000000000000000000 ) ) ;
#5735 = EDGE_LOOP ( 'NONE', ( #704, #2469, #1314, #5682 ) ) ;
#5736 = DIRECTION ( 'NONE',  ( 0.7071067811865474617, 0.000000000000000000, -0.7071067811865474617 ) ) ;
#5737 = DIRECTION ( 'NONE',  ( 0.000000000000000000, -0.000000000000000000, 1.000000000000000000 ) ) ;
#5738 = EDGE_CURVE ( 'NONE', #3185, #1189, #3101, .T. ) ;
#5739 = DIRECTION ( 'NONE',  ( -1.000000000000000000, 0.000000000000000000, -0.000000000000000000 ) ) ;
#5740 = FACE_OUTER_BOUND ( 'NONE', #3870, .T. ) ;
#5741 = CARTESIAN_POINT ( 'NONE',  ( -1.450000000000000400, 0.07499999999999999722, -0.3499999999999998113 ) ) ;
#5742 = DIRECTION ( 'NONE',  ( -0.000000000000000000, 1.000000000000000000, 0.000000000000000000 ) ) ;
#5743 = CARTESIAN_POINT ( 'NONE',  ( 0.000000000000000000, 0.000000000000000000, 0.000000000000000000 ) ) ;
#5744 = SURFACE_STYLE_FILL_AREA ( #5776 ) ;
#5745 = CARTESIAN_POINT ( 'NONE',  ( -1.154999999999991589, 0.000000000000000000, 1.155000000000005356 ) ) ;
#5746 = CARTESIAN_POINT ( 'NONE',  ( -0.4999999999999897304, 0.000000000000000000, -0.09999999999999999167 ) ) ;
#5747 = EDGE_LOOP ( 'NONE', ( #5643, #3343, #4474, #894, #4958 ) ) ;
#5748 = CARTESIAN_POINT ( 'NONE',  ( -1.499999999999998224, 0.1499999999999999944, -3.252606517456512119E-15 ) ) ;
#5749 = AXIS2_PLACEMENT_3D ( 'NONE', #1811, #228, #3839 ) ;
#5750 = ORIENTED_EDGE ( 'NONE', *, *, #2143, .F. ) ;
#5751 = LINE ( 'NONE', #4131, #518 ) ;
#5752 = DIRECTION ( 'NONE',  ( 1.000000000000000000, -0.000000000000000000, 0.000000000000000000 ) ) ;
#5753 = ORIENTED_EDGE ( 'NONE', *, *, #546, .F. ) ;
#5754 = VERTEX_POINT ( 'NONE', #2023 ) ;
#5755 = ADVANCED_FACE ( 'NONE', ( #25 ), #2124, .T. ) ;
#5756 = ORIENTED_EDGE ( 'NONE', *, *, #1008, .F. ) ;
#5757 = ORIENTED_EDGE ( 'NONE', *, *, #2132, .F. ) ;
#5758 = ADVANCED_FACE ( 'NONE', ( #3533 ), #515, .F. ) ;
#5759 = ORIENTED_EDGE ( 'NONE', *, *, #1309, .F. ) ;
#5760 = CARTESIAN_POINT ( 'NONE',  ( -1.450000000000000400, 0.1499999999999999944, 0.6500000000000001332 ) ) ;
#5761 = PLANE ( 'NONE',  #2506 ) ;
#5762 = FACE_OUTER_BOUND ( 'NONE', #42, .T. ) ;
#5763 = ORIENTED_EDGE ( 'NONE', *, *, #5163, .F. ) ;
#5764 = PLANE ( 'NONE',  #1162 ) ;
#5765 = EDGE_CURVE ( 'NONE', #181, #3152, #2610, .T. ) ;
#5766 = ADVANCED_FACE ( 'NONE', ( #1620 ), #3072, .F. ) ;
#5767 = LINE ( 'NONE', #3158, #1934 ) ;
#5768 = CARTESIAN_POINT ( 'NONE',  ( 1.946635718781038004E-14, 0.1499999999999999944, -0.6250000000000470735 ) ) ;
#5769 = DIRECTION ( 'NONE',  ( 0.000000000000000000, 1.000000000000000000, -0.000000000000000000 ) ) ;
#5770 = DIRECTION ( 'NONE',  ( 0.000000000000000000, 0.000000000000000000, 1.000000000000000000 ) ) ;
#5771 = EDGE_CURVE ( 'NONE', #622, #4460, #969, .T. ) ;
#5772 = CARTESIAN_POINT ( 'NONE',  ( 0.9250000000000000444, 0.000000000000000000, -3.646861852905789479E-16 ) ) ;
#5773 = VECTOR ( 'NONE', #1207, 1000.000000000000000 ) ;
#5774 = ORIENTED_EDGE ( 'NONE', *, *, #5972, .T. ) ;
#5775 = LINE ( 'NONE', #62, #307 ) ;
#5776 = FILL_AREA_STYLE ('',( #3682 ) ) ;
#5777 = DIRECTION ( 'NONE',  ( -0.000000000000000000, -1.000000000000000000, -0.000000000000000000 ) ) ;
#5778 = ORIENTED_EDGE ( 'NONE', *, *, #169, .F. ) ;
#5779 = PLANE ( 'NONE',  #2033 ) ;
#5780 = PLANE ( 'NONE',  #5604 ) ;
#5781 = ORIENTED_EDGE ( 'NONE', *, *, #1877, .T. ) ;
#5782 = ORIENTED_EDGE ( 'NONE', *, *, #1229, .F. ) ;
#5783 = VECTOR ( 'NONE', #1095, 1000.000000000000000 ) ;
#5784 = CARTESIAN_POINT ( 'NONE',  ( 0.1750000000000001277, 0.1499999999999999944, -1.224999999999996758 ) ) ;
#5785 = LINE ( 'NONE', #5272, #3325 ) ;
#5786 = LINE ( 'NONE', #2720, #1406 ) ;
#5787 = PLANE ( 'NONE',  #2920 ) ;
#5788 = ORIENTED_EDGE ( 'NONE', *, *, #3288, .F. ) ;
#5789 = ORIENTED_EDGE ( 'NONE', *, *, #2485, .F. ) ;
#5790 = LINE ( 'NONE', #4996, #384 ) ;
#5791 = ORIENTED_EDGE ( 'NONE', *, *, #124, .F. ) ;
#5792 = DIRECTION ( 'NONE',  ( -0.000000000000000000, 0.000000000000000000, -1.000000000000000000 ) ) ;
#5793 = DIRECTION ( 'NONE',  ( -0.7071067811865464625, 0.000000000000000000, -0.7071067811865486830 ) ) ;
#5794 = CARTESIAN_POINT ( 'NONE',  ( 1.449999999999999956, 0.1499999999999999944, -0.6250000000000018874 ) ) ;
#5795 = EDGE_CURVE ( 'NONE', #149, #1203, #5096, .T. ) ;
#5796 = MECHANICAL_DESIGN_GEOMETRIC_PRESENTATION_REPRESENTATION (  '', ( #6229 ), #4174 ) ;
#5797 = CARTESIAN_POINT ( 'NONE',  ( -1.499999999999999778, 0.1499999999999999944, 0.6500000000000001332 ) ) ;
#5798 = CARTESIAN_POINT ( 'NONE',  ( 0.4249999999999996003, 0.07499999999999999722, 1.500000000000000000 ) ) ;
#5799 = DIRECTION ( 'NONE',  ( 0.000000000000000000, 0.000000000000000000, -1.000000000000000000 ) ) ;
#5800 = LINE ( 'NONE', #643, #3317 ) ;
#5801 = DIRECTION ( 'NONE',  ( 0.000000000000000000, 0.000000000000000000, 1.000000000000000000 ) ) ;
#5802 = MECHANICAL_DESIGN_GEOMETRIC_PRESENTATION_REPRESENTATION (  '', ( #4927 ), #276 ) ;
#5803 = CIRCLE ( 'NONE', #5478, 0.1249999999999998890 ) ;
#5804 = LINE ( 'NONE', #1142, #1193 ) ;
#5805 = EDGE_CURVE ( 'NONE', #2453, #4097, #419, .T. ) ;
#5806 = AXIS2_PLACEMENT_3D ( 'NONE', #1628, #1753, #4687 ) ;
#5807 = DIRECTION ( 'NONE',  ( 4.857225732734664172E-14, 0.000000000000000000, 1.000000000000000000 ) ) ;
#5808 = VERTEX_POINT ( 'NONE', #6728 ) ;
#5809 = LINE ( 'NONE', #2227, #2467 ) ;
#5810 = DIRECTION ( 'NONE',  ( 0.000000000000000000, 0.000000000000000000, 1.000000000000000000 ) ) ;
#5811 = VECTOR ( 'NONE', #2530, 1000.000000000000000 ) ;
#5812 = PLANE ( 'NONE',  #3776 ) ;
#5813 = ORIENTED_EDGE ( 'NONE', *, *, #5424, .T. ) ;
#5814 = ADVANCED_FACE ( 'NONE', ( #2091 ), #6109, .T. ) ;
#5815 = AXIS2_PLACEMENT_3D ( 'NONE', #3239, #5355, #2364 ) ;
#5816 = VECTOR ( 'NONE', #2622, 1000.000000000000000 ) ;
#5817 = VERTEX_POINT ( 'NONE', #5198 ) ;
#5818 = ORIENTED_EDGE ( 'NONE', *, *, #6673, .F. ) ;
#5819 = CYLINDRICAL_SURFACE ( 'NONE', #619, 0.2500000000000000000 ) ;
#5820 = CARTESIAN_POINT ( 'NONE',  ( 1.946635718781038004E-14, 0.1499999999999999944, -0.6250000000000470735 ) ) ;
#5821 = FACE_OUTER_BOUND ( 'NONE', #5006, .T. ) ;
#5822 = COLOUR_RGB ( '',0.7921568627450980005, 0.8196078431372548767, 0.9333333333333333481 ) ;
#5823 = VECTOR ( 'NONE', #3818, 1000.000000000000000 ) ;
#5824 = LINE ( 'NONE', #1738, #3452 ) ;
#5825 = EDGE_LOOP ( 'NONE', ( #2136, #3617, #192, #3735 ) ) ;
#5826 = AXIS2_PLACEMENT_3D ( 'NONE', #5678, #1141, #5801 ) ;
#5827 = ORIENTED_EDGE ( 'NONE', *, *, #2977, .F. ) ;
#5828 = CARTESIAN_POINT ( 'NONE',  ( 0.6750000000000004885, 0.1499999999999999944, -2.661223514282605199E-16 ) ) ;
#5829 = VECTOR ( 'NONE', #4519, 1000.000000000000000 ) ;
#5830 = CARTESIAN_POINT ( 'NONE',  ( -1.499999999999999778, 0.1499999999999999944, 0.6500000000000001332 ) ) ;
#5831 = EDGE_LOOP ( 'NONE', ( #168, #6633, #4489, #585 ) ) ;
#5832 = LINE ( 'NONE', #4271, #4297 ) ;
#5833 = LINE ( 'NONE', #5191, #1040 ) ;
#5834 = DIRECTION ( 'NONE',  ( 0.000000000000000000, -1.000000000000000000, 0.000000000000000000 ) ) ;
#5835 = AXIS2_PLACEMENT_3D ( 'NONE', #5276, #4671, #4701 ) ;
#5836 = EDGE_CURVE ( 'NONE', #356, #685, #1076, .T. ) ;
#5837 = LINE ( 'NONE', #2665, #5874 ) ;
#5838 = CARTESIAN_POINT ( 'NONE',  ( -2.236166980751394863E-14, 0.000000000000000000, -0.3750000000000104361 ) ) ;
#5839 = PLANE ( 'NONE',  #1927 ) ;
#5840 = ADVANCED_FACE ( 'NONE', ( #3235 ), #4443, .T. ) ;
#5841 = PLANE ( 'NONE',  #1416 ) ;
#5842 = EDGE_CURVE ( 'NONE', #3722, #3573, #5775, .T. ) ;
#5843 = PLANE ( 'NONE',  #2922 ) ;
#5844 = ORIENTED_EDGE ( 'NONE', *, *, #4480, .T. ) ;
#5845 = DIRECTION ( 'NONE',  ( 0.000000000000000000, -1.000000000000000000, 0.000000000000000000 ) ) ;
#5846 = ADVANCED_FACE ( 'NONE', ( #3909 ), #1875, .F. ) ;
#5847 = ADVANCED_FACE ( 'NONE', ( #1685 ), #2162, .F. ) ;
#5848 = CARTESIAN_POINT ( 'NONE',  ( 1.225000000000007194, 0.1499999999999999944, 0.8749999999999996669 ) ) ;
#5849 = CARTESIAN_POINT ( 'NONE',  ( 1.449999999999999956, 0.000000000000000000, -0.8750000000000187628 ) ) ;
#5850 = ORIENTED_EDGE ( 'NONE', *, *, #5183, .F. ) ;
#5851 = VERTEX_POINT ( 'NONE', #4749 ) ;
#5852 = DIRECTION ( 'NONE',  ( 7.885106708985491006E-16, 0.000000000000000000, -1.000000000000000000 ) ) ;
#5853 = ORIENTED_EDGE ( 'NONE', *, *, #4380, .F. ) ;
#5854 = ORIENTED_EDGE ( 'NONE', *, *, #1587, .F. ) ;
#5855 = EDGE_CURVE ( 'NONE', #4195, #3376, #3874, .T. ) ;
#5856 = CARTESIAN_POINT ( 'NONE',  ( 0.7999999999999998224, 0.000000000000000000, 1.100000000000000311 ) ) ;
#5857 = LINE ( 'NONE', #1196, #6250 ) ;
#5858 = CARTESIAN_POINT ( 'NONE',  ( -1.450000000000000400, 0.07499999999999999722, 1.450000000000000178 ) ) ;
#5859 = CARTESIAN_POINT ( 'NONE',  ( 5.618138530152335830E-15, 0.07499999999999999722, 0.3750000000000115463 ) ) ;
#5860 = VERTEX_POINT ( 'NONE', #2668 ) ;
#5861 = ORIENTED_EDGE ( 'NONE', *, *, #3428, .T. ) ;
#5862 = DIRECTION ( 'NONE',  ( 3.942553354492745503E-16, 0.000000000000000000, 1.000000000000000000 ) ) ;
#5863 = CARTESIAN_POINT ( 'NONE',  ( -1.450000000000000400, 0.1499999999999999944, -0.6500000000000001332 ) ) ;
#5864 = ORIENTED_EDGE ( 'NONE', *, *, #3917, .F. ) ;
#5865 = EDGE_CURVE ( 'NONE', #3410, #2513, #4220, .T. ) ;
#5866 = CARTESIAN_POINT ( 'NONE',  ( 0.1750000000000000167, 0.07499999999999999722, 0.000000000000000000 ) ) ;
#5867 = CARTESIAN_POINT ( 'NONE',  ( -1.450000000000000400, 0.000000000000000000, 0.3499999999999998113 ) ) ;
#5868 = ORIENTED_EDGE ( 'NONE', *, *, #57, .F. ) ;
#5869 = CARTESIAN_POINT ( 'NONE',  ( 1.499999999999987566, 0.1499999999999999944, -0.8750000000000207612 ) ) ;
#5870 = CARTESIAN_POINT ( 'NONE',  ( -1.450000000000000400, 0.000000000000000000, -0.6500000000000000222 ) ) ;
#5871 = CARTESIAN_POINT ( 'NONE',  ( 0.4249999999999996003, 0.1499999999999999944, -1.499999999999996669 ) ) ;
#5872 = CARTESIAN_POINT ( 'NONE',  ( -1.500000000000000222, 0.07499999999999999722, 0.1499999999999999667 ) ) ;
#5873 = EDGE_CURVE ( 'NONE', #4988, #4251, #5804, .T. ) ;
#5874 = VECTOR ( 'NONE', #1137, 1000.000000000000000 ) ;
#5875 = CARTESIAN_POINT ( 'NONE',  ( -1.500000000000000222, 0.1499999999999999944, 0.3499999999999999223 ) ) ;
#5876 = ORIENTED_EDGE ( 'NONE', *, *, #711, .T. ) ;
#5877 = DIRECTION ( 'NONE',  ( -1.000000000000000000, 0.000000000000000000, 0.000000000000000000 ) ) ;
#5878 = DIRECTION ( 'NONE',  ( 0.7071067811865501263, 0.000000000000000000, -0.7071067811865450192 ) ) ;
#5879 = CARTESIAN_POINT ( 'NONE',  ( 1.225000000000013856, 0.1499999999999999944, -0.6250000000000088818 ) ) ;
#5880 = FACE_OUTER_BOUND ( 'NONE', #3165, .T. ) ;
#5881 = ORIENTED_EDGE ( 'NONE', *, *, #944, .F. ) ;
#5882 = ORIENTED_EDGE ( 'NONE', *, *, #5666, .T. ) ;
#5883 = ADVANCED_FACE ( 'NONE', ( #100 ), #6283, .F. ) ;
#5884 = EDGE_CURVE ( 'NONE', #4692, #828, #5256, .T. ) ;
#5885 = CARTESIAN_POINT ( 'NONE',  ( -0.7000000000000002887, 0.1499999999999999944, 0.8950000000000000178 ) ) ;
#5886 = ORIENTED_EDGE ( 'NONE', *, *, #118, .F. ) ;
#5887 = VERTEX_POINT ( 'NONE', #1175 ) ;
#5888 = DIRECTION ( 'NONE',  ( -1.000000000000000000, 0.000000000000000000, 1.516366674804902060E-16 ) ) ;
#5889 = LINE ( 'NONE', #4394, #5382 ) ;
#5890 = DIRECTION ( 'NONE',  ( -1.000000000000000000, 0.000000000000000000, 0.000000000000000000 ) ) ;
#5891 = DIRECTION ( 'NONE',  ( -1.000000000000000000, 0.000000000000000000, 0.000000000000000000 ) ) ;
#5892 = ORIENTED_EDGE ( 'NONE', *, *, #5216, .T. ) ;
#5893 = ORIENTED_EDGE ( 'NONE', *, *, #6207, .F. ) ;
#5894 = EDGE_CURVE ( 'NONE', #181, #5645, #4248, .T. ) ;
#5895 = ORIENTED_EDGE ( 'NONE', *, *, #5249, .T. ) ;
#5896 = CARTESIAN_POINT ( 'NONE',  ( -1.415000000000000258, 0.1499999999999999944, -0.8950000000000001288 ) ) ;
#5897 = CARTESIAN_POINT ( 'NONE',  ( 0.1750000000000000167, 0.000000000000000000, -1.450000000000000178 ) ) ;
#5898 = ORIENTED_EDGE ( 'NONE', *, *, #6590, .T. ) ;
#5899 = ADVANCED_FACE ( 'NONE', ( #646 ), #2733, .T. ) ;
#5900 = DIRECTION ( 'NONE',  ( -0.000000000000000000, 1.000000000000000000, -0.000000000000000000 ) ) ;
#5901 = CARTESIAN_POINT ( 'NONE',  ( -0.5499999999999893863, 0.000000000000000000, 0.1499999999999999112 ) ) ;
#5902 = CARTESIAN_POINT ( 'NONE',  ( 0.9250000000000000444, 0.1499999999999999944, -3.646861852905789479E-16 ) ) ;
#5903 = CARTESIAN_POINT ( 'NONE',  ( 0.000000000000000000, 0.1499999999999999944, 0.000000000000000000 ) ) ;
#5904 = CARTESIAN_POINT ( 'NONE',  ( 1.499999999999987566, 0.1499999999999999944, -0.8750000000000207612 ) ) ;
#5905 = CIRCLE ( 'NONE', #4807, 0.3750000000000104361 ) ;
#5906 = CARTESIAN_POINT ( 'NONE',  ( 1.499999999999999778, 0.07499999999999999722, -1.500000000000000000 ) ) ;
#5907 = AXIS2_PLACEMENT_3D ( 'NONE', #6148, #4619, #421 ) ;
#5908 = AXIS2_PLACEMENT_3D ( 'NONE', #6679, #6198, #3668 ) ;
#5909 = ORIENTED_EDGE ( 'NONE', *, *, #817, .F. ) ;
#5910 = CARTESIAN_POINT ( 'NONE',  ( 1.225000000000013856, 0.1499999999999999944, -0.6250000000000088818 ) ) ;
#5911 = SURFACE_STYLE_USAGE ( .BOTH. , #1785 ) ;
#5912 = CARTESIAN_POINT ( 'NONE',  ( -1.450000000000000400, 0.07499999999999999722, -1.450000000000000178 ) ) ;
#5913 = CARTESIAN_POINT ( 'NONE',  ( -4.190823558986625216E-28, 0.000000000000000000, -0.3750000000000104361 ) ) ;
#5914 = ORIENTED_EDGE ( 'NONE', *, *, #5967, .T. ) ;
#5915 = VECTOR ( 'NONE', #5360, 1000.000000000000000 ) ;
#5916 = EDGE_CURVE ( 'NONE', #4399, #1096, #1807, .T. ) ;
#5917 = VERTEX_POINT ( 'NONE', #5421 ) ;
#5918 = CARTESIAN_POINT ( 'NONE',  ( 1.478457507934823013E-16, 0.000000000000000000, -0.3750000000000109912 ) ) ;
#5919 = CARTESIAN_POINT ( 'NONE',  ( 1.449999999999999956, 0.07499999999999999722, 1.450000000000000178 ) ) ;
#5920 = EDGE_CURVE ( 'NONE', #5004, #1849, #772, .T. ) ;
#5921 = CARTESIAN_POINT ( 'NONE',  ( -1.449999999999999956, 0.1499999999999999944, -0.3500000000000000333 ) ) ;
#5922 = EDGE_CURVE ( 'NONE', #6153, #2524, #259, .T. ) ;
#5923 = CARTESIAN_POINT ( 'NONE',  ( 1.449999999999999956, 0.07499999999999999722, -1.450000000000000178 ) ) ;
#5924 = FACE_OUTER_BOUND ( 'NONE', #955, .T. ) ;
#5925 = ORIENTED_EDGE ( 'NONE', *, *, #4677, .F. ) ;
#5926 = VECTOR ( 'NONE', #2492, 1000.000000000000000 ) ;
#5927 = ORIENTED_EDGE ( 'NONE', *, *, #1963, .T. ) ;
#5928 = VECTOR ( 'NONE', #1953, 1000.000000000000000 ) ;
#5929 = CARTESIAN_POINT ( 'NONE',  ( 1.225000000000007194, 0.1499999999999999944, 0.7499999999999998890 ) ) ;
#5930 = DIRECTION ( 'NONE',  ( 8.673617379884040205E-15, -0.000000000000000000, 1.000000000000000000 ) ) ;
#5931 = VECTOR ( 'NONE', #6116, 1000.000000000000000 ) ;
#5932 = ADVANCED_FACE ( 'NONE', ( #5965 ), #4407, .F. ) ;
#5933 = DIRECTION ( 'NONE',  ( -0.000000000000000000, -1.000000000000000000, -0.000000000000000000 ) ) ;
#5934 = ORIENTED_EDGE ( 'NONE', *, *, #239, .T. ) ;
#5935 = FACE_OUTER_BOUND ( 'NONE', #4770, .T. ) ;
#5936 = VECTOR ( 'NONE', #2992, 1000.000000000000000 ) ;
#5937 = CYLINDRICAL_SURFACE ( 'NONE', #2830, 0.1000000000000000194 ) ;
#5938 = LINE ( 'NONE', #5838, #910 ) ;
#5939 = LINE ( 'NONE', #5970, #4088 ) ;
#5940 = DIRECTION ( 'NONE',  ( -1.000000000000000000, 0.000000000000000000, 1.498170274707243380E-14 ) ) ;
#5941 = AXIS2_PLACEMENT_3D ( 'NONE', #946, #5115, #878 ) ;
#5942 = EDGE_CURVE ( 'NONE', #3152, #553, #2886, .T. ) ;
#5943 = VECTOR ( 'NONE', #1656, 1000.000000000000000 ) ;
#5944 = DIRECTION ( 'NONE',  ( 1.000000000000000000, 0.000000000000000000, 0.000000000000000000 ) ) ;
#5945 = VECTOR ( 'NONE', #5891, 1000.000000000000000 ) ;
#5946 = CARTESIAN_POINT ( 'NONE',  ( 1.500000000000005107, 0.1499999999999999944, -0.1250000000000108524 ) ) ;
#5947 = ORIENTED_EDGE ( 'NONE', *, *, #6625, .F. ) ;
#5948 = FACE_OUTER_BOUND ( 'NONE', #6112, .T. ) ;
#5949 = LINE ( 'NONE', #379, #1190 ) ;
#5950 = ORIENTED_EDGE ( 'NONE', *, *, #3798, .F. ) ;
#5951 = ORIENTED_EDGE ( 'NONE', *, *, #1527, .T. ) ;
#5952 = ORIENTED_EDGE ( 'NONE', *, *, #6722, .T. ) ;
#5953 = LINE ( 'NONE', #5918, #4417 ) ;
#5954 = CARTESIAN_POINT ( 'NONE',  ( 0.000000000000000000, 0.07499999999999999722, -0.6500000000000001332 ) ) ;
#5955 = PLANE ( 'NONE',  #523 ) ;
#5956 = DIRECTION ( 'NONE',  ( 0.000000000000000000, 0.000000000000000000, 1.000000000000000000 ) ) ;
#5957 = ORIENTED_EDGE ( 'NONE', *, *, #2669, .T. ) ;
#5958 = EDGE_CURVE ( 'NONE', #5688, #6375, #2956, .T. ) ;
#5959 = LINE ( 'NONE', #5447, #2881 ) ;
#5960 = ORIENTED_EDGE ( 'NONE', *, *, #152, .T. ) ;
#5961 = VERTEX_POINT ( 'NONE', #3416 ) ;
#5962 = LINE ( 'NONE', #6376, #2154 ) ;
#5963 = VECTOR ( 'NONE', #2604, 1000.000000000000000 ) ;
#5964 = FACE_OUTER_BOUND ( 'NONE', #1253, .T. ) ;
#5965 = FACE_OUTER_BOUND ( 'NONE', #1282, .T. ) ;
#5966 = ORIENTED_EDGE ( 'NONE', *, *, #6305, .F. ) ;
#5967 = EDGE_CURVE ( 'NONE', #4992, #3284, #5617, .T. ) ;
#5968 = EDGE_CURVE ( 'NONE', #3500, #6531, #331, .T. ) ;
#5969 = DIRECTION ( 'NONE',  ( 0.000000000000000000, 1.000000000000000000, -0.000000000000000000 ) ) ;
#5970 = CARTESIAN_POINT ( 'NONE',  ( -1.500000000000000222, 0.1499999999999999944, 0.1499999999999999667 ) ) ;
#5971 = FACE_OUTER_BOUND ( 'NONE', #2376, .T. ) ;
#5972 = EDGE_CURVE ( 'NONE', #4587, #4022, #363, .T. ) ;
#5973 = DIRECTION ( 'NONE',  ( 0.000000000000000000, -1.000000000000000000, 0.000000000000000000 ) ) ;
#5974 = DIRECTION ( 'NONE',  ( 0.000000000000000000, 0.000000000000000000, 1.000000000000000000 ) ) ;
#5975 = DIRECTION ( 'NONE',  ( -1.000000000000000000, 0.000000000000000000, -0.000000000000000000 ) ) ;
#5976 = CARTESIAN_POINT ( 'NONE',  ( 5.421010862427545836E-15, 0.1499999999999999944, 0.6250000000000024425 ) ) ;
#5977 = EDGE_CURVE ( 'NONE', #3028, #1363, #2926, .T. ) ;
#5978 = ORIENTED_EDGE ( 'NONE', *, *, #4972, .T. ) ;
#5979 = DIRECTION ( 'NONE',  ( 0.000000000000000000, -1.000000000000000000, 0.000000000000000000 ) ) ;
#5980 = ORIENTED_EDGE ( 'NONE', *, *, #104, .T. ) ;
#5981 = PLANE ( 'NONE',  #3777 ) ;
#5982 = LINE ( 'NONE', #2520, #4416 ) ;
#5983 = FACE_BOUND ( 'NONE', #2098, .T. ) ;
#5984 = VERTEX_POINT ( 'NONE', #6097 ) ;
#5985 = ORIENTED_EDGE ( 'NONE', *, *, #3746, .T. ) ;
#5986 = VERTEX_POINT ( 'NONE', #4977 ) ;
#5987 = EDGE_LOOP ( 'NONE', ( #4723, #1359, #6246, #1361, #2691, #753 ) ) ;
#5988 = DIRECTION ( 'NONE',  ( 0.000000000000000000, -1.000000000000000000, 0.000000000000000000 ) ) ;
#5989 = DIRECTION ( 'NONE',  ( 0.000000000000000000, -0.000000000000000000, 1.000000000000000000 ) ) ;
#5990 = CARTESIAN_POINT ( 'NONE',  ( 1.499999999999987566, 0.1499999999999999944, -0.8750000000000207612 ) ) ;
#5991 = VERTEX_POINT ( 'NONE', #1417 ) ;
#5992 = DIRECTION ( 'NONE',  ( -0.000000000000000000, -1.000000000000000000, -0.000000000000000000 ) ) ;
#5993 = FACE_OUTER_BOUND ( 'NONE', #4387, .T. ) ;
#5994 = CARTESIAN_POINT ( 'NONE',  ( 1.499999999999999778, 0.07499999999999999722, 0.6249999999999893419 ) ) ;
#5995 = AXIS2_PLACEMENT_3D ( 'NONE', #3626, #1741, #2114 ) ;
#5996 = CLOSED_SHELL ( 'NONE', ( #3479, #3510, #5007, #2996, #1360, #4065, #1106, #998, #5041 ) ) ;
#5997 = EDGE_CURVE ( 'NONE', #2869, #5483, #3059, .T. ) ;
#5998 = EDGE_CURVE ( 'NONE', #3405, #5413, #1943, .T. ) ;
#5999 = LINE ( 'NONE', #4314, #163 ) ;
#6000 = VECTOR ( 'NONE', #3655, 1000.000000000000000 ) ;
#6001 = DIRECTION ( 'NONE',  ( -1.000000000000000000, 0.000000000000000000, 1.458744741162315831E-14 ) ) ;
#6002 = CARTESIAN_POINT ( 'NONE',  ( -2.258754526011375044E-16, 0.1499999999999999944, 0.3750000000000104361 ) ) ;
#6003 = CARTESIAN_POINT ( 'NONE',  ( 0.2999999999999999334, 0.1499999999999999944, 1.099999999999996758 ) ) ;
#6004 = FACE_OUTER_BOUND ( 'NONE', #5987, .T. ) ;
#6005 = EDGE_CURVE ( 'NONE', #1363, #773, #5010, .T. ) ;
#6006 = DIRECTION ( 'NONE',  ( 0.000000000000000000, 0.000000000000000000, 1.000000000000000000 ) ) ;
#6007 = ORIENTED_EDGE ( 'NONE', *, *, #6486, .T. ) ;
#6008 = EDGE_LOOP ( 'NONE', ( #5518, #5655, #4795, #625 ) ) ;
#6009 = VECTOR ( 'NONE', #2936, 1000.000000000000000 ) ;
#6010 = VECTOR ( 'NONE', #329, 1000.000000000000000 ) ;
#6011 = LINE ( 'NONE', #5027, #1684 ) ;
#6012 = VERTEX_POINT ( 'NONE', #5487 ) ;
#6013 = PLANE ( 'NONE',  #1056 ) ;
#6014 = ORIENTED_EDGE ( 'NONE', *, *, #4757, .F. ) ;
#6015 = CARTESIAN_POINT ( 'NONE',  ( 0.2999999999999999334, 0.1499999999999999944, 1.224999999999996758 ) ) ;
#6016 = CARTESIAN_POINT ( 'NONE',  ( 1.449999999999999956, 0.07499999999999999722, -0.1250000000000100753 ) ) ;
#6017 = VECTOR ( 'NONE', #1979, 1000.000000000000000 ) ;
#6018 = EDGE_CURVE ( 'NONE', #5219, #2618, #736, .T. ) ;
#6019 = DIRECTION ( 'NONE',  ( 0.000000000000000000, 0.000000000000000000, -1.000000000000000000 ) ) ;
#6020 = ORIENTED_EDGE ( 'NONE', *, *, #6280, .F. ) ;
#6021 = ORIENTED_EDGE ( 'NONE', *, *, #6264, .T. ) ;
#6022 = VECTOR ( 'NONE', #6690, 1000.000000000000000 ) ;
#6023 = ORIENTED_EDGE ( 'NONE', *, *, #2927, .T. ) ;
#6024 = CARTESIAN_POINT ( 'NONE',  ( -1.450000000000000400, 0.07499999999999999722, -0.1499999999999999667 ) ) ;
#6025 = CARTESIAN_POINT ( 'NONE',  ( -1.450000000000000400, 0.1499999999999999944, -0.6500000000000000222 ) ) ;
#6026 = DIRECTION ( 'NONE',  ( 0.000000000000000000, 0.000000000000000000, 1.000000000000000000 ) ) ;
#6027 = AXIS2_PLACEMENT_3D ( 'NONE', #3705, #3671, #2660 ) ;
#6028 = ORIENTED_EDGE ( 'NONE', *, *, #240, .T. ) ;
#6029 = DIRECTION ( 'NONE',  ( 0.7071067811865501263, 0.000000000000000000, -0.7071067811865450192 ) ) ;
#6030 = VECTOR ( 'NONE', #5512, 1000.000000000000000 ) ;
#6031 = DIRECTION ( 'NONE',  ( 0.000000000000000000, 0.000000000000000000, 1.000000000000000000 ) ) ;
#6032 = VECTOR ( 'NONE', #13, 1000.000000000000000 ) ;
#6033 = CARTESIAN_POINT ( 'NONE',  ( 1.499999999999999778, 0.000000000000000000, 1.500000000000000000 ) ) ;
#6034 = CARTESIAN_POINT ( 'NONE',  ( -1.500000000000000222, 0.1499999999999999944, 0.000000000000000000 ) ) ;
#6035 = VECTOR ( 'NONE', #145, 1000.000000000000000 ) ;
#6036 = EDGE_CURVE ( 'NONE', #5026, #5118, #401, .T. ) ;
#6037 = VECTOR ( 'NONE', #3274, 1000.000000000000000 ) ;
#6038 = CARTESIAN_POINT ( 'NONE',  ( -1.500000000000000222, 0.07499999999999999722, 1.500000000000000000 ) ) ;
#6039 = CARTESIAN_POINT ( 'NONE',  ( -1.460000000000000631, 0.1499999999999999944, 0.8500000000000000888 ) ) ;
#6040 = VECTOR ( 'NONE', #105, 1000.000000000000000 ) ;
#6041 = CARTESIAN_POINT ( 'NONE',  ( -1.500000000000000222, 0.07499999999999999722, -1.500000000000000000 ) ) ;
#6042 = ORIENTED_EDGE ( 'NONE', *, *, #2794, .F. ) ;
#6043 = CARTESIAN_POINT ( 'NONE',  ( 0.2999999999999999334, 0.000000000000000000, -1.224999999999996758 ) ) ;
#6044 = CARTESIAN_POINT ( 'NONE',  ( 0.000000000000000000, 0.000000000000000000, 0.000000000000000000 ) ) ;
#6045 = ORIENTED_EDGE ( 'NONE', *, *, #1401, .F. ) ;
#6046 = AXIS2_PLACEMENT_3D ( 'NONE', #3663, #47, #4168 ) ;
#6047 = PRESENTATION_LAYER_ASSIGNMENT (  '', '', ( #3455 ) ) ;
#6048 = VERTEX_POINT ( 'NONE', #5990 ) ;
#6049 = CARTESIAN_POINT ( 'NONE',  ( 0.9250000000000012657, 0.07499999999999999722, 1.094058555871723778E-15 ) ) ;
#6050 = ADVANCED_FACE ( 'NONE', ( #4569 ), #6128, .T. ) ;
#6051 = LINE ( 'NONE', #649, #5452 ) ;
#6052 = EDGE_CURVE ( 'NONE', #4169, #3728, #6065, .T. ) ;
#6053 = VERTEX_POINT ( 'NONE', #1904 ) ;
#6054 = LINE ( 'NONE', #1042, #1596 ) ;
#6055 = ORIENTED_EDGE ( 'NONE', *, *, #1859, .F. ) ;
#6056 = LINE ( 'NONE', #2943, #5063 ) ;
#6057 = LINE ( 'NONE', #1969, #1509 ) ;
#6058 = DIRECTION ( 'NONE',  ( 0.000000000000000000, -0.000000000000000000, -1.000000000000000000 ) ) ;
#6059 = EDGE_LOOP ( 'NONE', ( #6007, #5623, #623, #5547 ) ) ;
#6060 = DIRECTION ( 'NONE',  ( 0.000000000000000000, -1.000000000000000000, 0.000000000000000000 ) ) ;
#6061 = EDGE_CURVE ( 'NONE', #4623, #5808, #627, .T. ) ;
#6062 = EDGE_LOOP ( 'NONE', ( #2407, #4543, #4785, #6451 ) ) ;
#6063 = CARTESIAN_POINT ( 'NONE',  ( -1.154999999999994920, 0.000000000000000000, -1.155000000000003357 ) ) ;
#6064 = SURFACE_STYLE_FILL_AREA ( #6096 ) ;
#6065 = LINE ( 'NONE', #6676, #3236 ) ;
#6066 = VERTEX_POINT ( 'NONE', #1377 ) ;
#6067 = ADVANCED_FACE ( 'NONE', ( #1505 ), #2452, .F. ) ;
#6068 = DIRECTION ( 'NONE',  ( -1.000000000000000000, 0.000000000000000000, 0.000000000000000000 ) ) ;
#6069 = ORIENTED_EDGE ( 'NONE', *, *, #1847, .F. ) ;
#6070 = DIRECTION ( 'NONE',  ( 1.000000000000000000, 0.000000000000000000, -0.000000000000000000 ) ) ;
#6071 = DIRECTION ( 'NONE',  ( 0.000000000000000000, -0.000000000000000000, -1.000000000000000000 ) ) ;
#6072 = CARTESIAN_POINT ( 'NONE',  ( -1.450000000000000400, 0.07499999999999999722, 0.3499999999999998113 ) ) ;
#6073 = DIRECTION ( 'NONE',  ( 0.000000000000000000, 0.000000000000000000, 1.000000000000000000 ) ) ;
#6074 = LINE ( 'NONE', #4549, #277 ) ;
#6075 = ADVANCED_FACE ( 'NONE', ( #907 ), #3027, .F. ) ;
#6076 = EDGE_LOOP ( 'NONE', ( #2174, #3575, #3147, #92, #5165 ) ) ;
#6077 = DIRECTION ( 'NONE',  ( 0.000000000000000000, -0.000000000000000000, 1.000000000000000000 ) ) ;
#6078 = PLANE ( 'NONE',  #50 ) ;
#6079 = VERTEX_POINT ( 'NONE', #4540 ) ;
#6080 = ORIENTED_EDGE ( 'NONE', *, *, #6400, .F. ) ;
#6081 = CARTESIAN_POINT ( 'NONE',  ( 0.1750000000000000167, 0.1499999999999999944, 0.000000000000000000 ) ) ;
#6082 = ORIENTED_EDGE ( 'NONE', *, *, #3155, .T. ) ;
#6083 = CARTESIAN_POINT ( 'NONE',  ( -1.450000000000000400, 0.000000000000000000, -1.450000000000000178 ) ) ;
#6084 = ORIENTED_EDGE ( 'NONE', *, *, #3866, .F. ) ;
#6085 = DIRECTION ( 'NONE',  ( 0.000000000000000000, 0.000000000000000000, 1.000000000000000000 ) ) ;
#6086 = CARTESIAN_POINT ( 'NONE',  ( -1.460000000000000631, 0.1499999999999999944, 0.8500000000000000888 ) ) ;
#6087 = CARTESIAN_POINT ( 'NONE',  ( -1.450000000000000400, 0.07499999999999999722, -1.450000000000000178 ) ) ;
#6088 = VECTOR ( 'NONE', #5194, 1000.000000000000000 ) ;
#6089 = ADVANCED_FACE ( 'NONE', ( #440 ), #6641, .F. ) ;
#6090 = ADVANCED_FACE ( 'NONE', ( #1643 ), #2654, .F. ) ;
#6091 = ORIENTED_EDGE ( 'NONE', *, *, #3424, .T. ) ;
#6092 = AXIS2_PLACEMENT_3D ( 'NONE', #5701, #1652, #5251 ) ;
#6093 = CARTESIAN_POINT ( 'NONE',  ( -1.154999999999994920, 0.1499999999999999944, -1.155000000000003357 ) ) ;
#6094 = VERTEX_POINT ( 'NONE', #2592 ) ;
#6095 =( NAMED_UNIT ( * ) SI_UNIT ( $, .STERADIAN. ) SOLID_ANGLE_UNIT ( ) );
#6096 = FILL_AREA_STYLE ('',( #6674 ) ) ;
#6097 = CARTESIAN_POINT ( 'NONE',  ( 0.4249999999999996003, 0.000000000000000000, -1.450000000000000178 ) ) ;
#6098 = EDGE_CURVE ( 'NONE', #5754, #4103, #5213, .T. ) ;
#6099 = ORIENTED_EDGE ( 'NONE', *, *, #5916, .F. ) ;
#6100 = DIRECTION ( 'NONE',  ( 2.710505431213783962E-15, 0.000000000000000000, -1.000000000000000000 ) ) ;
#6101 = VERTEX_POINT ( 'NONE', #3120 ) ;
#6102 = DIRECTION ( 'NONE',  ( 0.000000000000000000, -1.000000000000000000, 0.000000000000000000 ) ) ;
#6103 = CARTESIAN_POINT ( 'NONE',  ( 0.4249999999999996003, 0.000000000000000000, -1.224999999999996758 ) ) ;
#6104 = ADVANCED_FACE ( 'NONE', ( #3726 ), #14, .F. ) ;
#6105 = DIRECTION ( 'NONE',  ( 0.000000000000000000, 0.000000000000000000, -1.000000000000000000 ) ) ;
#6106 = DIRECTION ( 'NONE',  ( 1.000000000000000000, 0.000000000000000000, 0.000000000000000000 ) ) ;
#6107 = VECTOR ( 'NONE', #6585, 999.9999999999998863 ) ;
#6108 = LINE ( 'NONE', #4516, #5595 ) ;
#6109 = CYLINDRICAL_SURFACE ( 'NONE', #3029, 0.1249999999999998890 ) ;
#6110 = CARTESIAN_POINT ( 'NONE',  ( 1.499999999999999778, 0.07499999999999999722, 1.500000000000000000 ) ) ;
#6111 = ORIENTED_EDGE ( 'NONE', *, *, #4118, .T. ) ;
#6112 = EDGE_LOOP ( 'NONE', ( #292, #1752, #1640, #634, #1743, #725, #1645 ) ) ;
#6113 = ORIENTED_EDGE ( 'NONE', *, *, #3674, .T. ) ;
#6114 = DIRECTION ( 'NONE',  ( 0.000000000000000000, -1.000000000000000000, 0.000000000000000000 ) ) ;
#6115 = VERTEX_POINT ( 'NONE', #2146 ) ;
#6116 = DIRECTION ( 'NONE',  ( 0.000000000000000000, 0.000000000000000000, -1.000000000000000000 ) ) ;
#6117 = CARTESIAN_POINT ( 'NONE',  ( 0.2999999999999999334, 0.000000000000000000, 1.224999999999996758 ) ) ;
#6118 = DIRECTION ( 'NONE',  ( 0.000000000000000000, 0.000000000000000000, -1.000000000000000000 ) ) ;
#6119 = ORIENTED_EDGE ( 'NONE', *, *, #5005, .T. ) ;
#6120 = MECHANICAL_DESIGN_GEOMETRIC_PRESENTATION_REPRESENTATION (  '', ( #5250 ), #490 ) ;
#6121 = EDGE_CURVE ( 'NONE', #791, #6461, #6168, .T. ) ;
#6122 = PLANE ( 'NONE',  #5019 ) ;
#6123 = EDGE_LOOP ( 'NONE', ( #4831, #867, #6143, #2094 ) ) ;
#6124 = AXIS2_PLACEMENT_3D ( 'NONE', #3855, #3297, #718 ) ;
#6125 = EDGE_CURVE ( 'NONE', #3550, #1594, #4204, .T. ) ;
#6126 = AXIS2_PLACEMENT_3D ( 'NONE', #1202, #4830, #2912 ) ;
#6127 = DIRECTION ( 'NONE',  ( -0.000000000000000000, -1.000000000000000000, 0.000000000000000000 ) ) ;
#6128 = PLANE ( 'NONE',  #3559 ) ;
#6129 = ORIENTED_EDGE ( 'NONE', *, *, #1187, .T. ) ;
#6130 = VECTOR ( 'NONE', #1984, 1000.000000000000000 ) ;
#6131 = CARTESIAN_POINT ( 'NONE',  ( 0.6749999999999998224, 0.000000000000000000, 1.450000000000000178 ) ) ;
#6132 = ADVANCED_FACE ( 'NONE', ( #5762 ), #2721, .T. ) ;
#6133 = ORIENTED_EDGE ( 'NONE', *, *, #1680, .T. ) ;
#6134 = EDGE_CURVE ( 'NONE', #3269, #1251, #2044, .T. ) ;
#6135 = DIRECTION ( 'NONE',  ( -1.000000000000000000, 0.000000000000000000, -0.000000000000000000 ) ) ;
#6136 = CARTESIAN_POINT ( 'NONE',  ( 1.449999999999999956, 0.000000000000000000, -0.000000000000000000 ) ) ;
#6137 = VECTOR ( 'NONE', #5089, 1000.000000000000000 ) ;
#6138 = COLOUR_RGB ( '',1.000000000000000000, 1.000000000000000000, 1.000000000000000000 ) ;
#6139 = DIRECTION ( 'NONE',  ( 0.000000000000000000, 0.000000000000000000, 1.000000000000000000 ) ) ;
#6140 = CARTESIAN_POINT ( 'NONE',  ( 1.449999999999999956, 0.000000000000000000, 0.3749999999999897304 ) ) ;
#6141 = EDGE_CURVE ( 'NONE', #138, #1572, #5692, .T. ) ;
#6142 = DIRECTION ( 'NONE',  ( 0.000000000000000000, -1.000000000000000000, 0.000000000000000000 ) ) ;
#6143 = ORIENTED_EDGE ( 'NONE', *, *, #3783, .F. ) ;
#6144 = VECTOR ( 'NONE', #5650, 1000.000000000000000 ) ;
#6145 = VECTOR ( 'NONE', #3854, 1000.000000000000000 ) ;
#6146 = DIRECTION ( 'NONE',  ( -0.7071067811865474617, 0.000000000000000000, 0.7071067811865474617 ) ) ;
#6147 = CIRCLE ( 'NONE', #3885, 0.1249999999999997918 ) ;
#6148 = CARTESIAN_POINT ( 'NONE',  ( -1.100000000000000311, 0.7500000000000000000, -1.100000000000000311 ) ) ;
#6149 = VERTEX_POINT ( 'NONE', #1158 ) ;
#6150 = PRESENTATION_LAYER_ASSIGNMENT (  '', '', ( #4523 ) ) ;
#6151 = LINE ( 'NONE', #316, #6685 ) ;
#6152 = DIRECTION ( 'NONE',  ( 0.000000000000000000, 0.000000000000000000, 1.000000000000000000 ) ) ;
#6153 = VERTEX_POINT ( 'NONE', #2686 ) ;
#6154 = ADVANCED_FACE ( 'NONE', ( #1540 ), #5787, .F. ) ;
#6155 = ORIENTED_EDGE ( 'NONE', *, *, #5544, .T. ) ;
#6156 = CARTESIAN_POINT ( 'NONE',  ( -1.500000000000000222, 0.8000000000000000444, 1.500000000000000000 ) ) ;
#6157 = DIRECTION ( 'NONE',  ( 0.000000000000000000, -1.000000000000000000, 0.000000000000000000 ) ) ;
#6158 = VECTOR ( 'NONE', #633, 1000.000000000000000 ) ;
#6159 = AXIS2_PLACEMENT_3D ( 'NONE', #4279, #3168, #679 ) ;
#6160 = FACE_OUTER_BOUND ( 'NONE', #38, .T. ) ;
#6161 = ORIENTED_EDGE ( 'NONE', *, *, #618, .F. ) ;
#6162 = ORIENTED_EDGE ( 'NONE', *, *, #2965, .F. ) ;
#6163 = EDGE_LOOP ( 'NONE', ( #4594, #4162, #1787, #900 ) ) ;
#6164 = ORIENTED_EDGE ( 'NONE', *, *, #336, .F. ) ;
#6165 = DIRECTION ( 'NONE',  ( -0.7071067811865450192, 0.000000000000000000, -0.7071067811865500152 ) ) ;
#6166 = ORIENTED_EDGE ( 'NONE', *, *, #4045, .T. ) ;
#6167 = DIRECTION ( 'NONE',  ( -3.942553354492745503E-16, 0.000000000000000000, -1.000000000000000000 ) ) ;
#6168 = LINE ( 'NONE', #6230, #6158 ) ;
#6169 = ORIENTED_EDGE ( 'NONE', *, *, #6305, .T. ) ;
#6170 = ADVANCED_FACE ( 'NONE', ( #4764 ), #5661, .T. ) ;
#6171 = DIRECTION ( 'NONE',  ( 0.000000000000000000, -0.000000000000000000, 1.000000000000000000 ) ) ;
#6172 = VERTEX_POINT ( 'NONE', #5729 ) ;
#6173 = CARTESIAN_POINT ( 'NONE',  ( -1.450000000000000400, 0.07499999999999999722, 1.450000000000000178 ) ) ;
#6174 = CARTESIAN_POINT ( 'NONE',  ( -1.500000000000000222, 0.07499999999999999722, 1.500000000000000000 ) ) ;
#6175 = ADVANCED_FACE ( 'NONE', ( #535 ), #496, .F. ) ;
#6176 = EDGE_CURVE ( 'NONE', #2744, #1192, #4235, .T. ) ;
#6177 = DIRECTION ( 'NONE',  ( 1.000000000000000000, -0.000000000000000000, 0.000000000000000000 ) ) ;
#6178 = PLANE ( 'NONE',  #6270 ) ;
#6179 = CARTESIAN_POINT ( 'NONE',  ( 0.000000000000000000, 0.1499999999999999944, 0.1000000000000000056 ) ) ;
#6180 = LINE ( 'NONE', #6205, #2360 ) ;
#6181 = DIRECTION ( 'NONE',  ( 4.455085290576799120E-14, -0.000000000000000000, 1.000000000000000000 ) ) ;
#6182 = CARTESIAN_POINT ( 'NONE',  ( 0.1750000000000000167, 0.1499999999999999944, -1.499999999999996669 ) ) ;
#6183 = CARTESIAN_POINT ( 'NONE',  ( 0.1750000000000001277, 0.000000000000000000, -1.224999999999996758 ) ) ;
#6184 = VERTEX_POINT ( 'NONE', #2624 ) ;
#6185 = ADVANCED_FACE ( 'NONE', ( #5243 ), #1604, .F. ) ;
#6186 = ORIENTED_EDGE ( 'NONE', *, *, #5149, .T. ) ;
#6187 = VERTEX_POINT ( 'NONE', #4730 ) ;
#6188 = PLANE ( 'NONE',  #2599 ) ;
#6189 = DIRECTION ( 'NONE',  ( -1.000000000000000000, 0.000000000000000000, -0.000000000000000000 ) ) ;
#6190 = ORIENTED_EDGE ( 'NONE', *, *, #6424, .F. ) ;
#6191 = EDGE_CURVE ( 'NONE', #2226, #2283, #85, .T. ) ;
#6192 = ORIENTED_EDGE ( 'NONE', *, *, #6544, .F. ) ;
#6193 = ORIENTED_EDGE ( 'NONE', *, *, #4426, .T. ) ;
#6194 = LINE ( 'NONE', #3697, #4093 ) ;
#6195 = DIRECTION ( 'NONE',  ( 0.000000000000000000, 0.000000000000000000, 1.000000000000000000 ) ) ;
#6196 = DIRECTION ( 'NONE',  ( -1.000000000000000000, 0.000000000000000000, -3.114617150049426547E-14 ) ) ;
#6197 = ORIENTED_EDGE ( 'NONE', *, *, #5366, .F. ) ;
#6198 = DIRECTION ( 'NONE',  ( 0.000000000000000000, 1.000000000000000000, -0.000000000000000000 ) ) ;
#6199 = VERTEX_POINT ( 'NONE', #1259 ) ;
#6200 = FACE_OUTER_BOUND ( 'NONE', #3609, .T. ) ;
#6201 = DIRECTION ( 'NONE',  ( 0.000000000000000000, -1.000000000000000000, 0.000000000000000000 ) ) ;
#6202 = DIRECTION ( 'NONE',  ( 0.000000000000000000, -1.000000000000000000, 0.000000000000000000 ) ) ;
#6203 = DIRECTION ( 'NONE',  ( 0.000000000000000000, -1.000000000000000000, 0.000000000000000000 ) ) ;
#6204 = LINE ( 'NONE', #6179, #686 ) ;
#6205 = CARTESIAN_POINT ( 'NONE',  ( -1.450000000000000400, 0.000000000000000000, -1.450000000000000178 ) ) ;
#6206 = VERTEX_POINT ( 'NONE', #2748 ) ;
#6207 = EDGE_CURVE ( 'NONE', #1975, #3284, #3278, .T. ) ;
#6208 = EDGE_CURVE ( 'NONE', #1064, #255, #3902, .T. ) ;
#6209 = DIRECTION ( 'NONE',  ( 0.000000000000000000, 1.000000000000000000, -0.000000000000000000 ) ) ;
#6210 = DIRECTION ( 'NONE',  ( -0.000000000000000000, -1.000000000000000000, -0.000000000000000000 ) ) ;
#6211 = ORIENTED_EDGE ( 'NONE', *, *, #2366, .F. ) ;
#6212 = VECTOR ( 'NONE', #545, 1000.000000000000000 ) ;
#6213 = ORIENTED_EDGE ( 'NONE', *, *, #3207, .F. ) ;
#6214 = CARTESIAN_POINT ( 'NONE',  ( 0.1750000000000000167, 0.000000000000000000, -1.499999999999996669 ) ) ;
#6215 = EDGE_LOOP ( 'NONE', ( #5731, #5868, #3695, #76, #6498 ) ) ;
#6216 = EDGE_CURVE ( 'NONE', #5446, #53, #6369, .T. ) ;
#6217 = LINE ( 'NONE', #2031, #2849 ) ;
#6218 = DIRECTION ( 'NONE',  ( 0.000000000000000000, 0.000000000000000000, 1.000000000000000000 ) ) ;
#6219 = CARTESIAN_POINT ( 'NONE',  ( 1.225000000000007194, 0.1499999999999999944, 0.8749999999999996669 ) ) ;
#6220 = EDGE_LOOP ( 'NONE', ( #5756, #102, #2062, #1800 ) ) ;
#6221 = ORIENTED_EDGE ( 'NONE', *, *, #1868, .T. ) ;
#6222 = CARTESIAN_POINT ( 'NONE',  ( 0.6749999999999998224, 0.1499999999999999944, 1.500000000000000000 ) ) ;
#6223 = ORIENTED_EDGE ( 'NONE', *, *, #4083, .F. ) ;
#6224 = DIRECTION ( 'NONE',  ( 0.000000000000000000, 0.000000000000000000, -1.000000000000000000 ) ) ;
#6225 = VERTEX_POINT ( 'NONE', #4332 ) ;
#6226 = EDGE_CURVE ( 'NONE', #3272, #2483, #5824, .T. ) ;
#6227 = LINE ( 'NONE', #2110, #2593 ) ;
#6228 = CARTESIAN_POINT ( 'NONE',  ( -1.450000000000000400, 0.07499999999999999722, 0.6500000000000001332 ) ) ;
#6229 = STYLED_ITEM ( 'NONE', ( #4066 ), #4444 ) ;
#6230 = CARTESIAN_POINT ( 'NONE',  ( -2.303929616531727293E-15, 0.07499999999999999722, 0.8500000000000040856 ) ) ;
#6231 = EDGE_LOOP ( 'NONE', ( #1466, #862, #1201, #1872, #2716 ) ) ;
#6232 = LINE ( 'NONE', #3282, #2354 ) ;
#6233 = VECTOR ( 'NONE', #6710, 1000.000000000000000 ) ;
#6234 = VECTOR ( 'NONE', #2628, 1000.000000000000000 ) ;
#6235 = CARTESIAN_POINT ( 'NONE',  ( -0.4999999999999897304, 0.1499999999999999944, 0.1000000000000000056 ) ) ;
#6236 = ORIENTED_EDGE ( 'NONE', *, *, #1309, .T. ) ;
#6237 = CARTESIAN_POINT ( 'NONE',  ( 1.500000000000005107, 0.1499999999999999944, -0.1250000000000108524 ) ) ;
#6238 = AXIS2_PLACEMENT_3D ( 'NONE', #3850, #1885, #6452 ) ;
#6239 = CARTESIAN_POINT ( 'NONE',  ( -1.449999999999999956, 0.000000000000000000, -0.3500000000000000333 ) ) ;
#6240 = DIRECTION ( 'NONE',  ( -0.000000000000000000, -1.000000000000000000, -0.000000000000000000 ) ) ;
#6241 = VECTOR ( 'NONE', #3679, 1000.000000000000000 ) ;
#6242 = CARTESIAN_POINT ( 'NONE',  ( -1.100000000000000311, 0.8000000000000000444, -1.100000000000000311 ) ) ;
#6243 = ADVANCED_FACE ( 'NONE', ( #2846 ), #5955, .T. ) ;
#6244 = CARTESIAN_POINT ( 'NONE',  ( 0.000000000000000000, 0.1499999999999999944, -1.500000000000000000 ) ) ;
#6245 = DIRECTION ( 'NONE',  ( 0.000000000000000000, 0.000000000000000000, 1.000000000000000000 ) ) ;
#6246 = ORIENTED_EDGE ( 'NONE', *, *, #620, .T. ) ;
#6247 = AXIS2_PLACEMENT_3D ( 'NONE', #3385, #5449, #804 ) ;
#6248 = ADVANCED_FACE ( 'NONE', ( #5375 ), #220, .F. ) ;
#6249 = DIRECTION ( 'NONE',  ( 0.000000000000000000, -1.000000000000000000, 0.000000000000000000 ) ) ;
#6250 = VECTOR ( 'NONE', #6428, 1000.000000000000000 ) ;
#6251 = ORIENTED_EDGE ( 'NONE', *, *, #3566, .F. ) ;
#6252 = AXIS2_PLACEMENT_3D ( 'NONE', #2267, #6318, #210 ) ;
#6253 = LINE ( 'NONE', #2711, #5365 ) ;
#6254 = ORIENTED_EDGE ( 'NONE', *, *, #2242, .F. ) ;
#6255 = VECTOR ( 'NONE', #3882, 1000.000000000000000 ) ;
#6256 = CARTESIAN_POINT ( 'NONE',  ( 5.421010862427545836E-15, 0.1499999999999999944, 0.6250000000000024425 ) ) ;
#6257 = CARTESIAN_POINT ( 'NONE',  ( -1.450000000000000400, 0.1499999999999999944, 0.6500000000000000222 ) ) ;
#6258 = EDGE_LOOP ( 'NONE', ( #1327, #2903, #3831, #521 ) ) ;
#6259 = AXIS2_PLACEMENT_3D ( 'NONE', #6244, #1001, #4618 ) ;
#6260 = ORIENTED_EDGE ( 'NONE', *, *, #2770, .T. ) ;
#6261 = VECTOR ( 'NONE', #5681, 1000.000000000000000 ) ;
#6262 = ADVANCED_FACE ( 'NONE', ( #3348 ), #2874, .F. ) ;
#6263 = VECTOR ( 'NONE', #1423, 1000.000000000000000 ) ;
#6264 = EDGE_CURVE ( 'NONE', #5719, #3112, #6430, .T. ) ;
#6265 = EDGE_LOOP ( 'NONE', ( #4360, #2263, #2131, #2717, #4199, #3793, #2875 ) ) ;
#6266 = VERTEX_POINT ( 'NONE', #6401 ) ;
#6267 = VECTOR ( 'NONE', #4713, 1000.000000000000114 ) ;
#6268 = DIRECTION ( 'NONE',  ( 0.000000000000000000, 0.000000000000000000, -1.000000000000000000 ) ) ;
#6269 = DIRECTION ( 'NONE',  ( 0.000000000000000000, 0.000000000000000000, 1.000000000000000000 ) ) ;
#6270 = AXIS2_PLACEMENT_3D ( 'NONE', #6724, #3634, #1550 ) ;
#6271 = DIRECTION ( 'NONE',  ( -0.7071067811865486830, 0.000000000000000000, 0.7071067811865464625 ) ) ;
#6272 = ORIENTED_EDGE ( 'NONE', *, *, #904, .T. ) ;
#6273 = VECTOR ( 'NONE', #3829, 1000.000000000000000 ) ;
#6274 = EDGE_CURVE ( 'NONE', #6362, #2433, #1797, .T. ) ;
#6275 = VECTOR ( 'NONE', #5354, 999.9999999999998863 ) ;
#6276 = CARTESIAN_POINT ( 'NONE',  ( 0.4249999999999996003, 0.07499999999999999722, 0.000000000000000000 ) ) ;
#6277 = ORIENTED_EDGE ( 'NONE', *, *, #4159, .T. ) ;
#6278 = CARTESIAN_POINT ( 'NONE',  ( -4.190823558986625216E-28, 0.1499999999999999944, -0.3750000000000104361 ) ) ;
#6279 = FACE_OUTER_BOUND ( 'NONE', #5503, .T. ) ;
#6280 = EDGE_CURVE ( 'NONE', #2187, #15, #1765, .T. ) ;
#6281 = CARTESIAN_POINT ( 'NONE',  ( 0.9250000000000012657, 0.000000000000000000, 1.094058555871723778E-15 ) ) ;
#6282 = LINE ( 'NONE', #5772, #1817 ) ;
#6283 = PLANE ( 'NONE',  #3785 ) ;
#6284 = LINE ( 'NONE', #5200, #3030 ) ;
#6285 = ORIENTED_EDGE ( 'NONE', *, *, #4449, .F. ) ;
#6286 = CARTESIAN_POINT ( 'NONE',  ( 0.1750000000000000167, 0.07499999999999999722, 1.500000000000000000 ) ) ;
#6287 = VECTOR ( 'NONE', #4341, 1000.000000000000000 ) ;
#6288 = DIRECTION ( 'NONE',  ( -0.000000000000000000, 0.000000000000000000, 1.000000000000000000 ) ) ;
#6289 = DIRECTION ( 'NONE',  ( -1.000000000000000000, 0.000000000000000000, -0.000000000000000000 ) ) ;
#6290 = ORIENTED_EDGE ( 'NONE', *, *, #1198, .F. ) ;
#6291 = PRODUCT_DEFINITION_SHAPE ( 'NONE', 'NONE',  #1163 ) ;
#6292 = ORIENTED_EDGE ( 'NONE', *, *, #6208, .F. ) ;
#6293 = VERTEX_POINT ( 'NONE', #1837 ) ;
#6294 = DIRECTION ( 'NONE',  ( -0.000000000000000000, -1.000000000000000000, -0.000000000000000000 ) ) ;
#6295 = EDGE_CURVE ( 'NONE', #5347, #6564, #186, .T. ) ;
#6296 = LINE ( 'NONE', #4234, #855 ) ;
#6297 = EDGE_CURVE ( 'NONE', #3628, #1363, #4294, .T. ) ;
#6298 = DIRECTION ( 'NONE',  ( 0.000000000000000000, -0.000000000000000000, 1.000000000000000000 ) ) ;
#6299 = ORIENTED_EDGE ( 'NONE', *, *, #1518, .F. ) ;
#6300 = EDGE_LOOP ( 'NONE', ( #3606, #6624, #1635, #5684 ) ) ;
#6301 = CARTESIAN_POINT ( 'NONE',  ( 0.2999999999999999334, 0.1499999999999999944, -1.224999999999996758 ) ) ;
#6302 = ORIENTED_EDGE ( 'NONE', *, *, #3746, .F. ) ;
#6303 = FACE_OUTER_BOUND ( 'NONE', #5332, .T. ) ;
#6304 = CARTESIAN_POINT ( 'NONE',  ( 0.000000000000000000, 0.000000000000000000, 0.000000000000000000 ) ) ;
#6305 = EDGE_CURVE ( 'NONE', #1064, #278, #731, .T. ) ;
#6306 = CARTESIAN_POINT ( 'NONE',  ( -1.450000000000000400, 0.07499999999999999722, 1.450000000000000178 ) ) ;
#6307 = PLANE ( 'NONE',  #581 ) ;
#6308 = CARTESIAN_POINT ( 'NONE',  ( 0.000000000000000000, 0.000000000000000000, 0.000000000000000000 ) ) ;
#6309 = VERTEX_POINT ( 'NONE', #3309 ) ;
#6310 = LINE ( 'NONE', #1683, #4949 ) ;
#6311 = ADVANCED_FACE ( 'NONE', ( #796 ), #5412, .F. ) ;
#6312 = CARTESIAN_POINT ( 'NONE',  ( 1.500000000000003331, 0.1499999999999999944, -0.3750000000000104361 ) ) ;
#6313 = CARTESIAN_POINT ( 'NONE',  ( 1.225000000000007194, 0.1499999999999999944, 0.8749999999999996669 ) ) ;
#6314 = CARTESIAN_POINT ( 'NONE',  ( 0.000000000000000000, 0.000000000000000000, -0.1000000000000000056 ) ) ;
#6315 = VERTEX_POINT ( 'NONE', #2211 ) ;
#6316 = CARTESIAN_POINT ( 'NONE',  ( -1.100000000000000311, 0.8000000000000000444, -1.350000000000000311 ) ) ;
#6317 = LINE ( 'NONE', #4253, #6581 ) ;
#6318 = DIRECTION ( 'NONE',  ( 6.023345402696833799E-16, 0.000000000000000000, -1.000000000000000000 ) ) ;
#6319 = ORIENTED_EDGE ( 'NONE', *, *, #5197, .T. ) ;
#6320 = VECTOR ( 'NONE', #4809, 1000.000000000000000 ) ;
#6321 = ORIENTED_EDGE ( 'NONE', *, *, #5660, .T. ) ;
#6322 = ORIENTED_EDGE ( 'NONE', *, *, #666, .T. ) ;
#6323 = VERTEX_POINT ( 'NONE', #4264 ) ;
#6324 = VECTOR ( 'NONE', #4598, 1000.000000000000000 ) ;
#6325 = PLANE ( 'NONE',  #5268 ) ;
#6326 = LINE ( 'NONE', #3827, #6472 ) ;
#6327 = CARTESIAN_POINT ( 'NONE',  ( 0.1750000000000000167, 0.000000000000000000, 1.450000000000000178 ) ) ;
#6328 = FACE_OUTER_BOUND ( 'NONE', #3449, .T. ) ;
#6329 = ADVANCED_FACE ( 'NONE', ( #6328 ), #1702, .F. ) ;
#6330 = LINE ( 'NONE', #2240, #5680 ) ;
#6331 = VERTEX_POINT ( 'NONE', #3478 ) ;
#6332 = EDGE_CURVE ( 'NONE', #903, #3269, #1439, .T. ) ;
#6333 = CARTESIAN_POINT ( 'NONE',  ( 1.499999999999999778, 0.07499999999999999722, -0.1250000000000109635 ) ) ;
#6334 = ADVANCED_FACE ( 'NONE', ( #3013 ), #2976, .T. ) ;
#6335 = DIRECTION ( 'NONE',  ( 0.000000000000000000, 0.000000000000000000, 1.000000000000000000 ) ) ;
#6336 = VERTEX_POINT ( 'NONE', #1867 ) ;
#6337 = CARTESIAN_POINT ( 'NONE',  ( -1.450000000000000400, 0.07499999999999999722, -1.450000000000000178 ) ) ;
#6338 = VECTOR ( 'NONE', #5228, 1000.000000000000000 ) ;
#6339 = VECTOR ( 'NONE', #6201, 1000.000000000000000 ) ;
#6340 = EDGE_CURVE ( 'NONE', #1862, #5647, #5033, .T. ) ;
#6341 = ADVANCED_FACE ( 'NONE', ( #5983, #3544 ), #6497, .F. ) ;
#6342 = UNCERTAINTY_MEASURE_WITH_UNIT (LENGTH_MEASURE( 1.000000000000000082E-05 ), #662, 'distance_accuracy_value', 'NONE');
#6343 = LINE ( 'NONE', #3260, #5963 ) ;
#6344 = DIRECTION ( 'NONE',  ( 0.000000000000000000, 0.000000000000000000, -1.000000000000000000 ) ) ;
#6345 = FACE_OUTER_BOUND ( 'NONE', #464, .T. ) ;
#6346 = LINE ( 'NONE', #486, #5606 ) ;
#6347 = VECTOR ( 'NONE', #4298, 1000.000000000000000 ) ;
#6348 = CARTESIAN_POINT ( 'NONE',  ( 1.449999999999999956, 0.07499999999999999722, -1.450000000000000178 ) ) ;
#6349 = VECTOR ( 'NONE', #3000, 1000.000000000000000 ) ;
#6350 = ADVANCED_FACE ( 'NONE', ( #5001 ), #2482, .T. ) ;
#6351 = DIRECTION ( 'NONE',  ( 0.000000000000000000, -1.000000000000000000, 0.000000000000000000 ) ) ;
#6352 = VERTEX_POINT ( 'NONE', #4495 ) ;
#6353 = PLANE ( 'NONE',  #1923 ) ;
#6354 = VECTOR ( 'NONE', #887, 1000.000000000000000 ) ;
#6355 = AXIS2_PLACEMENT_3D ( 'NONE', #6173, #1908, #5525 ) ;
#6356 = CARTESIAN_POINT ( 'NONE',  ( -0.1999999999999955980, 0.1499999999999999944, 0.1999999999999949873 ) ) ;
#6357 = LINE ( 'NONE', #175, #1178 ) ;
#6358 = ORIENTED_EDGE ( 'NONE', *, *, #6501, .F. ) ;
#6359 = ORIENTED_EDGE ( 'NONE', *, *, #2222, .F. ) ;
#6360 = EDGE_CURVE ( 'NONE', #255, #828, #5479, .T. ) ;
#6361 = VECTOR ( 'NONE', #4439, 1000.000000000000000 ) ;
#6362 = VERTEX_POINT ( 'NONE', #1998 ) ;
#6363 = ORIENTED_EDGE ( 'NONE', *, *, #1290, .F. ) ;
#6364 = DIRECTION ( 'NONE',  ( -1.000000000000000000, 0.000000000000000000, -3.942553354492745503E-16 ) ) ;
#6365 = LINE ( 'NONE', #1698, #843 ) ;
#6366 = DIRECTION ( 'NONE',  ( 0.000000000000000000, 0.000000000000000000, 1.000000000000000000 ) ) ;
#6367 = AXIS2_PLACEMENT_3D ( 'NONE', #3568, #5561, #2997 ) ;
#6368 = PRODUCT_DEFINITION_FORMATION_WITH_SPECIFIED_SOURCE ( 'ANY', '', #280, .NOT_KNOWN. ) ;
#6369 = LINE ( 'NONE', #116, #6378 ) ;
#6370 = CARTESIAN_POINT ( 'NONE',  ( -1.460000000000000631, 0.1499999999999999944, 0.8500000000000000888 ) ) ;
#6371 = VECTOR ( 'NONE', #4747, 1000.000000000000000 ) ;
#6372 = ORIENTED_EDGE ( 'NONE', *, *, #1952, .F. ) ;
#6373 = EDGE_CURVE ( 'NONE', #3637, #1597, #2946, .T. ) ;
#6374 = DIRECTION ( 'NONE',  ( 0.000000000000000000, -1.000000000000000000, 0.000000000000000000 ) ) ;
#6375 = VERTEX_POINT ( 'NONE', #354 ) ;
#6376 = CARTESIAN_POINT ( 'NONE',  ( 0.000000000000000000, 0.1499999999999999944, -1.500000000000000000 ) ) ;
#6377 = DIRECTION ( 'NONE',  ( -1.000000000000000000, 0.000000000000000000, 4.455085290576799120E-14 ) ) ;
#6378 = VECTOR ( 'NONE', #5309, 1000.000000000000000 ) ;
#6379 = VECTOR ( 'NONE', #6413, 1000.000000000000000 ) ;
#6380 = ORIENTED_EDGE ( 'NONE', *, *, #5312, .T. ) ;
#6381 = DIRECTION ( 'NONE',  ( -0.000000000000000000, 1.000000000000000000, 0.000000000000000000 ) ) ;
#6382 = FACE_OUTER_BOUND ( 'NONE', #3751, .T. ) ;
#6383 = DIRECTION ( 'NONE',  ( 0.000000000000000000, -0.000000000000000000, -1.000000000000000000 ) ) ;
#6384 = LINE ( 'NONE', #2358, #5175 ) ;
#6385 = EDGE_CURVE ( 'NONE', #1862, #1242, #4562, .T. ) ;
#6386 = SURFACE_STYLE_USAGE ( .BOTH. , #165 ) ;
#6387 = DIRECTION ( 'NONE',  ( 0.000000000000000000, -1.000000000000000000, 0.000000000000000000 ) ) ;
#6388 = VERTEX_POINT ( 'NONE', #834 ) ;
#6389 = LINE ( 'NONE', #3789, #5915 ) ;
#6390 = CARTESIAN_POINT ( 'NONE',  ( 1.499999999999999778, 0.07499999999999999722, 1.500000000000000000 ) ) ;
#6391 = EDGE_CURVE ( 'NONE', #6053, #3921, #6603, .T. ) ;
#6392 = DIRECTION ( 'NONE',  ( 3.942553354492745503E-16, 0.000000000000000000, 1.000000000000000000 ) ) ;
#6393 = CARTESIAN_POINT ( 'NONE',  ( 0.000000000000000000, 0.000000000000000000, 1.450000000000000178 ) ) ;
#6394 = ORIENTED_EDGE ( 'NONE', *, *, #5418, .T. ) ;
#6395 = ORIENTED_EDGE ( 'NONE', *, *, #814, .F. ) ;
#6396 = VERTEX_POINT ( 'NONE', #4465 ) ;
#6397 = DIRECTION ( 'NONE',  ( 0.000000000000000000, -1.000000000000000000, 0.000000000000000000 ) ) ;
#6398 = DIRECTION ( 'NONE',  ( 1.000000000000000000, -0.000000000000000000, 0.000000000000000000 ) ) ;
#6399 = CARTESIAN_POINT ( 'NONE',  ( 0.000000000000000000, 0.1499999999999999944, 0.1000000000000000056 ) ) ;
#6400 = EDGE_CURVE ( 'NONE', #79, #270, #4029, .T. ) ;
#6401 = CARTESIAN_POINT ( 'NONE',  ( -1.500000000000000222, 0.8000000000000000444, 1.500000000000000000 ) ) ;
#6402 = ORIENTED_EDGE ( 'NONE', *, *, #5842, .F. ) ;
#6403 = VERTEX_POINT ( 'NONE', #3509 ) ;
#6404 = CARTESIAN_POINT ( 'NONE',  ( 0.4249999999999996003, 0.000000000000000000, -1.499999999999996669 ) ) ;
#6405 = ORIENTED_EDGE ( 'NONE', *, *, #1877, .F. ) ;
#6406 = PLANE ( 'NONE',  #1179 ) ;
#6407 = DIRECTION ( 'NONE',  ( 0.000000000000000000, -1.000000000000000000, 0.000000000000000000 ) ) ;
#6408 = ORIENTED_EDGE ( 'NONE', *, *, #6098, .F. ) ;
#6409 = CARTESIAN_POINT ( 'NONE',  ( -1.499999999999999778, 0.1499999999999999944, 0.6500000000000001332 ) ) ;
#6410 = LINE ( 'NONE', #4905, #1500 ) ;
#6411 = CARTESIAN_POINT ( 'NONE',  ( 0.9250000000000000444, 0.000000000000000000, 1.450000000000000178 ) ) ;
#6412 = AXIS2_PLACEMENT_3D ( 'NONE', #4398, #4999, #4191 ) ;
#6413 = DIRECTION ( 'NONE',  ( 0.000000000000000000, -1.000000000000000000, 0.000000000000000000 ) ) ;
#6414 = DIRECTION ( 'NONE',  ( 0.000000000000000000, 0.000000000000000000, -1.000000000000000000 ) ) ;
#6415 = EDGE_CURVE ( 'NONE', #6680, #1947, #1313, .T. ) ;
#6416 = EDGE_CURVE ( 'NONE', #2486, #4871, #5076, .T. ) ;
#6417 = VERTEX_POINT ( 'NONE', #433 ) ;
#6418 = DIRECTION ( 'NONE',  ( -0.000000000000000000, 1.000000000000000000, 0.000000000000000000 ) ) ;
#6419 = FACE_OUTER_BOUND ( 'NONE', #4880, .T. ) ;
#6420 = DIRECTION ( 'NONE',  ( 0.000000000000000000, 0.000000000000000000, 1.000000000000000000 ) ) ;
#6421 = CARTESIAN_POINT ( 'NONE',  ( 0.7999999999999998224, 0.000000000000000000, 1.100000000000000311 ) ) ;
#6422 = VERTEX_POINT ( 'NONE', #2521 ) ;
#6423 = EDGE_LOOP ( 'NONE', ( #2646, #824, #1630, #4010 ) ) ;
#6424 = EDGE_CURVE ( 'NONE', #4251, #39, #979, .T. ) ;
#6425 = EDGE_LOOP ( 'NONE', ( #4731, #2783, #3442, #2025, #5066 ) ) ;
#6426 = ORIENTED_EDGE ( 'NONE', *, *, #2696, .F. ) ;
#6427 = DIRECTION ( 'NONE',  ( -1.516366674804902060E-16, 0.000000000000000000, -1.000000000000000000 ) ) ;
#6428 = DIRECTION ( 'NONE',  ( 1.000000000000000000, 0.000000000000000000, -5.963111948670220113E-14 ) ) ;
#6429 = DIRECTION ( 'NONE',  ( 0.000000000000000000, 0.000000000000000000, 1.000000000000000000 ) ) ;
#6430 = LINE ( 'NONE', #5859, #3673 ) ;
#6431 = ORIENTED_EDGE ( 'NONE', *, *, #944, .T. ) ;
#6432 = DIRECTION ( 'NONE',  ( 0.000000000000000000, 0.000000000000000000, -1.000000000000000000 ) ) ;
#6433 = ORIENTED_EDGE ( 'NONE', *, *, #446, .T. ) ;
#6434 = VECTOR ( 'NONE', #6240, 1000.000000000000000 ) ;
#6435 = EDGE_CURVE ( 'NONE', #5133, #5712, #1497, .T. ) ;
#6436 = VERTEX_POINT ( 'NONE', #2916 ) ;
#6437 = VERTEX_POINT ( 'NONE', #4969 ) ;
#6438 = CYLINDRICAL_SURFACE ( 'NONE', #6578, 0.1249999999999997918 ) ;
#6439 = CARTESIAN_POINT ( 'NONE',  ( 5.421010862427545836E-15, 0.1499999999999999944, 0.6250000000000024425 ) ) ;
#6440 = DIRECTION ( 'NONE',  ( 0.000000000000000000, 1.000000000000000000, -0.000000000000000000 ) ) ;
#6441 = ORIENTED_EDGE ( 'NONE', *, *, #2286, .T. ) ;
#6442 = FACE_OUTER_BOUND ( 'NONE', #6008, .T. ) ;
#6443 = CARTESIAN_POINT ( 'NONE',  ( 1.449999999999999956, 0.07499999999999999722, 1.450000000000000178 ) ) ;
#6444 = VECTOR ( 'NONE', #348, 1000.000000000000000 ) ;
#6445 = CARTESIAN_POINT ( 'NONE',  ( 1.225000000000003419, 0.1499999999999999944, -0.2500000000000086597 ) ) ;
#6446 = AXIS2_PLACEMENT_3D ( 'NONE', #3908, #1341, #2925 ) ;
#6447 = DIRECTION ( 'NONE',  ( -0.000000000000000000, -1.000000000000000000, -0.000000000000000000 ) ) ;
#6448 = CARTESIAN_POINT ( 'NONE',  ( 1.449999999999999956, 0.000000000000000000, 1.450000000000000178 ) ) ;
#6449 = AXIS2_PLACEMENT_3D ( 'NONE', #3102, #6622, #1959 ) ;
#6450 = VECTOR ( 'NONE', #1435, 1000.000000000000000 ) ;
#6451 = ORIENTED_EDGE ( 'NONE', *, *, #2402, .T. ) ;
#6452 = DIRECTION ( 'NONE',  ( 1.000000000000000000, 0.000000000000000000, -1.498170274707243380E-14 ) ) ;
#6453 = EDGE_CURVE ( 'NONE', #4188, #381, #2413, .T. ) ;
#6454 = LINE ( 'NONE', #4989, #5829 ) ;
#6455 = CARTESIAN_POINT ( 'NONE',  ( 1.499999999999999778, 0.000000000000000000, 1.500000000000000000 ) ) ;
#6456 = CARTESIAN_POINT ( 'NONE',  ( -0.9000000000000022427, 0.000000000000000000, -0.8999999999999994671 ) ) ;
#6457 = VERTEX_POINT ( 'NONE', #6257 ) ;
#6458 = EDGE_CURVE ( 'NONE', #5645, #6558, #588, .T. ) ;
#6459 = CIRCLE ( 'NONE', #166, 0.2500000000000000000 ) ;
#6460 = CARTESIAN_POINT ( 'NONE',  ( 1.225000000000005196, 0.1499999999999999944, -0.1250000000000068279 ) ) ;
#6461 = VERTEX_POINT ( 'NONE', #73 ) ;
#6462 = EDGE_LOOP ( 'NONE', ( #2739, #2284 ) ) ;
#6463 = AXIS2_PLACEMENT_3D ( 'NONE', #4344, #1852, #3290 ) ;
#6464 = CARTESIAN_POINT ( 'NONE',  ( -1.450000000000000400, 0.000000000000000000, 0.8600000000000003197 ) ) ;
#6465 = DIRECTION ( 'NONE',  ( -2.710505431213768579E-15, 0.000000000000000000, -1.000000000000000000 ) ) ;
#6466 = DIRECTION ( 'NONE',  ( -0.000000000000000000, 0.000000000000000000, 1.000000000000000000 ) ) ;
#6467 = EDGE_CURVE ( 'NONE', #122, #4694, #2596, .T. ) ;
#6468 = ORIENTED_EDGE ( 'NONE', *, *, #4173, .F. ) ;
#6469 = AXIS2_PLACEMENT_3D ( 'NONE', #1708, #4705, #1675 ) ;
#6470 = EDGE_LOOP ( 'NONE', ( #3209, #3084, #1819, #5302 ) ) ;
#6471 = ORIENTED_EDGE ( 'NONE', *, *, #795, .T. ) ;
#6472 = VECTOR ( 'NONE', #3862, 1000.000000000000000 ) ;
#6473 = FACE_OUTER_BOUND ( 'NONE', #5140, .T. ) ;
#6474 = DIRECTION ( 'NONE',  ( 0.000000000000000000, -1.000000000000000000, 0.000000000000000000 ) ) ;
#6475 = VECTOR ( 'NONE', #306, 1000.000000000000000 ) ;
#6476 = DIRECTION ( 'NONE',  ( 0.000000000000000000, 0.000000000000000000, 1.000000000000000000 ) ) ;
#6477 = ADVANCED_FACE ( 'NONE', ( #1660 ), #5652, .F. ) ;
#6478 = VERTEX_POINT ( 'NONE', #461 ) ;
#6479 = AXIS2_PLACEMENT_3D ( 'NONE', #4983, #1779, #335 ) ;
#6480 = CARTESIAN_POINT ( 'NONE',  ( 1.224999999999987654, 0.000000000000000000, -0.8750000000000084377 ) ) ;
#6481 = LINE ( 'NONE', #4343, #3508 ) ;
#6482 = DIRECTION ( 'NONE',  ( 0.000000000000000000, 0.000000000000000000, 1.000000000000000000 ) ) ;
#6483 = DIRECTION ( 'NONE',  ( 0.000000000000000000, 0.000000000000000000, 1.000000000000000000 ) ) ;
#6484 = VECTOR ( 'NONE', #847, 1000.000000000000000 ) ;
#6485 = AXIS2_PLACEMENT_3D ( 'NONE', #5242, #2111, #3252 ) ;
#6486 = EDGE_CURVE ( 'NONE', #4912, #4227, #4100, .T. ) ;
#6487 = CARTESIAN_POINT ( 'NONE',  ( -1.500000000000000222, 0.1499999999999999944, 0.8499999999999999778 ) ) ;
#6488 = DIRECTION ( 'NONE',  ( 0.000000000000000000, 0.000000000000000000, 1.000000000000000000 ) ) ;
#6489 = FACE_OUTER_BOUND ( 'NONE', #4359, .T. ) ;
#6490 =( NAMED_UNIT ( * ) SI_UNIT ( $, .STERADIAN. ) SOLID_ANGLE_UNIT ( ) );
#6491 = DIRECTION ( 'NONE',  ( -1.000000000000000000, 0.000000000000000000, 0.000000000000000000 ) ) ;
#6492 = EDGE_LOOP ( 'NONE', ( #1337, #6111, #1791, #512 ) ) ;
#6493 = ORIENTED_EDGE ( 'NONE', *, *, #2259, .F. ) ;
#6494 = EDGE_LOOP ( 'NONE', ( #6113, #6169, #1583, #4522 ) ) ;
#6495 = CARTESIAN_POINT ( 'NONE',  ( 1.499999999999999778, 0.07499999999999999722, 0.1249999999999897027 ) ) ;
#6496 = DIRECTION ( 'NONE',  ( 0.000000000000000000, 0.000000000000000000, 1.000000000000000000 ) ) ;
#6497 = PLANE ( 'NONE',  #3677 ) ;
#6498 = ORIENTED_EDGE ( 'NONE', *, *, #4400, .F. ) ;
#6499 = LINE ( 'NONE', #839, #1911 ) ;
#6500 = ORIENTED_EDGE ( 'NONE', *, *, #5942, .T. ) ;
#6501 = EDGE_CURVE ( 'NONE', #465, #4022, #3051, .T. ) ;
#6502 = VERTEX_POINT ( 'NONE', #2134 ) ;
#6503 = EDGE_CURVE ( 'NONE', #2758, #5367, #4096, .T. ) ;
#6504 = APPLICATION_CONTEXT ( 'automotive_design' ) ;
#6505 = DIRECTION ( 'NONE',  ( 0.000000000000000000, 0.000000000000000000, -1.000000000000000000 ) ) ;
#6506 = DIRECTION ( 'NONE',  ( 0.7071067811865456854, 0.000000000000000000, -0.7071067811865493491 ) ) ;
#6507 = DIRECTION ( 'NONE',  ( 1.000000000000000000, 0.000000000000000000, -4.857225732734663541E-14 ) ) ;
#6508 = ORIENTED_EDGE ( 'NONE', *, *, #3271, .F. ) ;
#6509 = LINE ( 'NONE', #6409, #1972 ) ;
#6510 = ADVANCED_FACE ( 'NONE', ( #3719 ), #5780, .T. ) ;
#6511 = CARTESIAN_POINT ( 'NONE',  ( -1.450000000000000400, 0.07499999999999999722, 0.1499999999999999667 ) ) ;
#6512 = DIRECTION ( 'NONE',  ( 0.000000000000000000, -1.000000000000000000, 0.000000000000000000 ) ) ;
#6513 = DIRECTION ( 'NONE',  ( 0.000000000000000000, 0.000000000000000000, -1.000000000000000000 ) ) ;
#6514 = EDGE_CURVE ( 'NONE', #6094, #1147, #5169, .T. ) ;
#6515 = DIRECTION ( 'NONE',  ( 0.000000000000000000, 0.000000000000000000, 1.000000000000000000 ) ) ;
#6516 = ORIENTED_EDGE ( 'NONE', *, *, #5958, .F. ) ;
#6517 = PLANE ( 'NONE',  #4952 ) ;
#6518 = DIRECTION ( 'NONE',  ( 1.000000000000000000, 0.000000000000000000, 0.000000000000000000 ) ) ;
#6519 = EDGE_LOOP ( 'NONE', ( #4336, #1494, #664, #471, #4497, #3136, #3045, #1013, #3411, #4063, #6669, #2651, #2594, #2447, #5071, #3692, #5708, #2879, #3767, #6321, #6626, #467, #5148, #1993, #435, #6290, #5686, #769, #6260, #1766, #4756, #5592, #1093, #589, #4566, #3588, #1409, #3792, #2515, #1436, #4589, #5030, #1541, #6727, #2860, #5864, #1476, #1456 ) ) ;
#6520 = EDGE_LOOP ( 'NONE', ( #2, #2276, #3077, #2625 ) ) ;
#6521 = AXIS2_PLACEMENT_3D ( 'NONE', #923, #6209, #3041 ) ;
#6522 = DIRECTION ( 'NONE',  ( -1.000000000000000000, 0.000000000000000000, -1.182766006347807923E-15 ) ) ;
#6523 = DIRECTION ( 'NONE',  ( 6.938893903907246521E-15, 0.000000000000000000, 1.000000000000000000 ) ) ;
#6524 = ORIENTED_EDGE ( 'NONE', *, *, #1479, .T. ) ;
#6525 = FACE_OUTER_BOUND ( 'NONE', #456, .T. ) ;
#6526 = CARTESIAN_POINT ( 'NONE',  ( 0.000000000000000000, 0.07499999999999999722, 0.000000000000000000 ) ) ;
#6527 = DIRECTION ( 'NONE',  ( -1.000000000000000000, 0.000000000000000000, 0.000000000000000000 ) ) ;
#6528 = ORIENTED_EDGE ( 'NONE', *, *, #4256, .F. ) ;
#6529 = VERTEX_POINT ( 'NONE', #1565 ) ;
#6530 = VERTEX_POINT ( 'NONE', #4690 ) ;
#6531 = VERTEX_POINT ( 'NONE', #2073 ) ;
#6532 = CARTESIAN_POINT ( 'NONE',  ( 1.449999999999999956, 0.000000000000000000, 1.450000000000000178 ) ) ;
#6533 = ADVANCED_FACE ( 'NONE', ( #6160 ), #4226, .F. ) ;
#6534 = FACE_OUTER_BOUND ( 'NONE', #2937, .T. ) ;
#6535 = DIRECTION ( 'NONE',  ( 1.498170274707243380E-14, -0.000000000000000000, 1.000000000000000000 ) ) ;
#6536 = EDGE_LOOP ( 'NONE', ( #949, #5124, #2700, #4554 ) ) ;
#6537 = EDGE_CURVE ( 'NONE', #356, #3532, #1533, .T. ) ;
#6538 = EDGE_CURVE ( 'NONE', #2620, #6677, #2677, .T. ) ;
#6539 = DIRECTION ( 'NONE',  ( 0.000000000000000000, 0.000000000000000000, -1.000000000000000000 ) ) ;
#6540 = PLANE ( 'NONE',  #5585 ) ;
#6541 = DIRECTION ( 'NONE',  ( -0.000000000000000000, -1.000000000000000000, -0.000000000000000000 ) ) ;
#6542 = FACE_OUTER_BOUND ( 'NONE', #5206, .T. ) ;
#6543 = EDGE_CURVE ( 'NONE', #5724, #5986, #37, .T. ) ;
#6544 = EDGE_CURVE ( 'NONE', #6336, #5026, #2034, .T. ) ;
#6545 = CARTESIAN_POINT ( 'NONE',  ( 0.4249999999999996003, 0.000000000000000000, 1.450000000000000178 ) ) ;
#6546 = CARTESIAN_POINT ( 'NONE',  ( 0.7999999999999998224, 0.000000000000000000, 1.225000000000000089 ) ) ;
#6547 = ORIENTED_EDGE ( 'NONE', *, *, #1220, .T. ) ;
#6548 = PRESENTATION_LAYER_ASSIGNMENT (  '', '', ( #6229 ) ) ;
#6549 = LINE ( 'NONE', #3986, #2491 ) ;
#6550 = CARTESIAN_POINT ( 'NONE',  ( -2.303929616531714277E-15, 0.1499999999999999944, -0.8500000000000040856 ) ) ;
#6551 = ORIENTED_EDGE ( 'NONE', *, *, #1136, .F. ) ;
#6552 = EDGE_CURVE ( 'NONE', #1096, #4368, #4194, .T. ) ;
#6553 = ORIENTED_EDGE ( 'NONE', *, *, #4911, .T. ) ;
#6554 = AXIS2_PLACEMENT_3D ( 'NONE', #2572, #6697, #2064 ) ;
#6555 = DIRECTION ( 'NONE',  ( 0.000000000000000000, 0.000000000000000000, 1.000000000000000000 ) ) ;
#6556 = ORIENTED_EDGE ( 'NONE', *, *, #1770, .T. ) ;
#6557 = LINE ( 'NONE', #2245, #2026 ) ;
#6558 = VERTEX_POINT ( 'NONE', #6 ) ;
#6559 = CARTESIAN_POINT ( 'NONE',  ( -1.154999999999991589, 0.07499999999999999722, 1.155000000000005356 ) ) ;
#6560 = DIRECTION ( 'NONE',  ( 1.458744741162315831E-14, 0.000000000000000000, 1.000000000000000000 ) ) ;
#6561 = MECHANICAL_DESIGN_GEOMETRIC_PRESENTATION_REPRESENTATION (  '', ( #4816 ), #3978 ) ;
#6562 = VECTOR ( 'NONE', #1918, 1000.000000000000000 ) ;
#6563 = DIRECTION ( 'NONE',  ( -1.000000000000000000, 0.000000000000000000, 1.498170274707243380E-14 ) ) ;
#6564 = VERTEX_POINT ( 'NONE', #2100 ) ;
#6565 = VECTOR ( 'NONE', #4414, 1000.000000000000000 ) ;
#6566 = ORIENTED_EDGE ( 'NONE', *, *, #4145, .T. ) ;
#6567 = ORIENTED_EDGE ( 'NONE', *, *, #2313, .F. ) ;
#6568 = CARTESIAN_POINT ( 'NONE',  ( -4.190823558986625216E-28, 0.1499999999999999944, -0.3750000000000104361 ) ) ;
#6569 = LINE ( 'NONE', #2494, #6667 ) ;
#6570 = DIRECTION ( 'NONE',  ( 0.000000000000000000, 1.000000000000000000, -0.000000000000000000 ) ) ;
#6571 = VECTOR ( 'NONE', #1386, 1000.000000000000000 ) ;
#6572 = AXIS2_PLACEMENT_3D ( 'NONE', #1653, #1748, #5290 ) ;
#6573 = EDGE_LOOP ( 'NONE', ( #1978, #2911, #4177, #3929 ) ) ;
#6574 = EDGE_CURVE ( 'NONE', #4694, #6691, #4628, .T. ) ;
#6575 = VECTOR ( 'NONE', #6106, 1000.000000000000000 ) ;
#6576 = DIRECTION ( 'NONE',  ( -0.000000000000000000, -1.000000000000000000, -0.000000000000000000 ) ) ;
#6577 = EDGE_LOOP ( 'NONE', ( #6221, #2203, #3454, #577 ) ) ;
#6578 = AXIS2_PLACEMENT_3D ( 'NONE', #3285, #2820, #701 ) ;
#6579 = CARTESIAN_POINT ( 'NONE',  ( 0.9249999999999996003, 0.000000000000000000, -1.225000000000000089 ) ) ;
#6580 = CARTESIAN_POINT ( 'NONE',  ( 1.225000000000003419, 0.1499999999999999944, 0.6249999999999917843 ) ) ;
#6581 = VECTOR ( 'NONE', #1186, 1000.000000000000000 ) ;
#6582 = VECTOR ( 'NONE', #2341, 1000.000000000000000 ) ;
#6583 = CARTESIAN_POINT ( 'NONE',  ( 1.449999999999999956, 0.1499999999999999944, -0.1250000000000101030 ) ) ;
#6584 = LINE ( 'NONE', #3427, #5054 ) ;
#6585 = DIRECTION ( 'NONE',  ( 0.7071067811865464625, 0.000000000000000000, 0.7071067811865486830 ) ) ;
#6586 = AXIS2_PLACEMENT_3D ( 'NONE', #2983, #5043, #2496 ) ;
#6587 = CARTESIAN_POINT ( 'NONE',  ( -0.1999999999999961531, 0.000000000000000000, -0.1999999999999950984 ) ) ;
#6588 = EDGE_CURVE ( 'NONE', #424, #4125, #5716, .T. ) ;
#6589 = VECTOR ( 'NONE', #574, 1000.000000000000000 ) ;
#6590 = EDGE_CURVE ( 'NONE', #2744, #2103, #1786, .T. ) ;
#6591 = DIRECTION ( 'NONE',  ( 0.000000000000000000, 0.000000000000000000, 1.000000000000000000 ) ) ;
#6592 = FACE_OUTER_BOUND ( 'NONE', #1041, .T. ) ;
#6593 = EDGE_LOOP ( 'NONE', ( #2940, #548, #3962, #4636 ) ) ;
#6594 = VECTOR ( 'NONE', #3691, 1000.000000000000000 ) ;
#6595 = COLOUR_RGB ( '',0.2509803921568627416, 0.2509803921568627416, 0.2509803921568627416 ) ;
#6596 = EDGE_LOOP ( 'NONE', ( #3056, #5407, #4722, #393 ) ) ;
#6597 = VERTEX_POINT ( 'NONE', #4884 ) ;
#6598 = CARTESIAN_POINT ( 'NONE',  ( 0.4249999999999996003, 0.1499999999999999944, -1.499999999999996669 ) ) ;
#6599 = ORIENTED_EDGE ( 'NONE', *, *, #5553, .T. ) ;
#6600 = ADVANCED_FACE ( 'NONE', ( #3892 ), #5812, .T. ) ;
#6601 = DIRECTION ( 'NONE',  ( 7.885106708985491006E-16, 0.000000000000000000, -1.000000000000000000 ) ) ;
#6602 = DIRECTION ( 'NONE',  ( -1.000000000000000000, 0.000000000000000000, -7.885106708985491006E-16 ) ) ;
#6603 = LINE ( 'NONE', #323, #3344 ) ;
#6604 = EDGE_LOOP ( 'NONE', ( #696, #3355, #3519, #2109 ) ) ;
#6605 = VERTEX_POINT ( 'NONE', #717 ) ;
#6606 = VERTEX_POINT ( 'NONE', #1149 ) ;
#6607 = EDGE_CURVE ( 'NONE', #6531, #377, #1188, .T. ) ;
#6608 = PRESENTATION_STYLE_ASSIGNMENT (( #2924 ) ) ;
#6609 = CARTESIAN_POINT ( 'NONE',  ( 0.2999999999999999334, 0.000000000000000000, 1.224999999999996758 ) ) ;
#6610 = ORIENTED_EDGE ( 'NONE', *, *, #5631, .F. ) ;
#6611 = DIRECTION ( 'NONE',  ( 0.000000000000000000, -1.000000000000000000, 0.000000000000000000 ) ) ;
#6612 = AXIS2_PLACEMENT_3D ( 'NONE', #4803, #3319, #5390 ) ;
#6613 = CARTESIAN_POINT ( 'NONE',  ( 0.1750000000000000167, 0.07499999999999999722, 1.500000000000000000 ) ) ;
#6614 = DIRECTION ( 'NONE',  ( 0.000000000000000000, -1.000000000000000000, 0.000000000000000000 ) ) ;
#6615 = UNCERTAINTY_MEASURE_WITH_UNIT (LENGTH_MEASURE( 1.000000000000000082E-05 ), #2449, 'distance_accuracy_value', 'NONE');
#6616 = CARTESIAN_POINT ( 'NONE',  ( 0.000000000000000000, 0.000000000000000000, 0.000000000000000000 ) ) ;
#6617 = DIRECTION ( 'NONE',  ( 0.7071067811865464625, 0.000000000000000000, 0.7071067811865486830 ) ) ;
#6618 = CARTESIAN_POINT ( 'NONE',  ( -1.449999999999999956, 0.1499999999999999944, -0.3500000000000000333 ) ) ;
#6619 = EDGE_CURVE ( 'NONE', #927, #1802, #1727, .T. ) ;
#6620 = CARTESIAN_POINT ( 'NONE',  ( 1.357148173950387145E-16, 0.1499999999999999944, 0.8949999999999999067 ) ) ;
#6621 =( LENGTH_UNIT ( ) NAMED_UNIT ( * ) SI_UNIT ( .MILLI., .METRE. ) );
#6622 = DIRECTION ( 'NONE',  ( -7.885106708985491006E-16, 0.000000000000000000, 1.000000000000000000 ) ) ;
#6623 = ORIENTED_EDGE ( 'NONE', *, *, #902, .F. ) ;
#6624 = ORIENTED_EDGE ( 'NONE', *, *, #1847, .T. ) ;
#6625 = EDGE_CURVE ( 'NONE', #6336, #6012, #4323, .T. ) ;
#6626 = ORIENTED_EDGE ( 'NONE', *, *, #1963, .F. ) ;
#6627 = DIRECTION ( 'NONE',  ( 0.000000000000000000, 0.000000000000000000, 1.000000000000000000 ) ) ;
#6628 = ORIENTED_EDGE ( 'NONE', *, *, #540, .T. ) ;
#6629 = LINE ( 'NONE', #2480, #3670 ) ;
#6630 = PLANE ( 'NONE',  #1181 ) ;
#6631 = CARTESIAN_POINT ( 'NONE',  ( 5.618138530152335830E-15, 0.1499999999999999944, 0.3750000000000115463 ) ) ;
#6632 = ORIENTED_EDGE ( 'NONE', *, *, #5086, .T. ) ;
#6633 = ORIENTED_EDGE ( 'NONE', *, *, #4008, .T. ) ;
#6634 = EDGE_CURVE ( 'NONE', #5647, #6206, #684, .T. ) ;
#6635 = CARTESIAN_POINT ( 'NONE',  ( 0.9249999999999994893, 0.1499999999999999944, 1.450000000000000178 ) ) ;
#6636 = CARTESIAN_POINT ( 'NONE',  ( 0.000000000000000000, 0.000000000000000000, -0.1000000000000000056 ) ) ;
#6637 = ORIENTED_EDGE ( 'NONE', *, *, #118, .T. ) ;
#6638 = VERTEX_POINT ( 'NONE', #5879 ) ;
#6639 = FACE_OUTER_BOUND ( 'NONE', #1094, .T. ) ;
#6640 =( NAMED_UNIT ( * ) SI_UNIT ( $, .STERADIAN. ) SOLID_ANGLE_UNIT ( ) );
#6641 = PLANE ( 'NONE',  #417 ) ;
#6642 = ORIENTED_EDGE ( 'NONE', *, *, #3398, .T. ) ;
#6643 = ADVANCED_FACE ( 'NONE', ( #3296 ), #4784, .F. ) ;
#6644 = CARTESIAN_POINT ( 'NONE',  ( 0.000000000000000000, 0.07499999999999999722, -0.3499999999999999223 ) ) ;
#6645 = ORIENTED_EDGE ( 'NONE', *, *, #825, .T. ) ;
#6646 = LINE ( 'NONE', #1546, #4941 ) ;
#6647 = LINE ( 'NONE', #6136, #5936 ) ;
#6648 = VECTOR ( 'NONE', #2772, 1000.000000000000114 ) ;
#6649 = EDGE_CURVE ( 'NONE', #6184, #3028, #5404, .T. ) ;
#6650 = DIRECTION ( 'NONE',  ( -1.000000000000000000, 0.000000000000000000, 1.458744741162315831E-14 ) ) ;
#6651 = CARTESIAN_POINT ( 'NONE',  ( 0.1750000000000000167, 0.1499999999999999944, -1.224999999999996758 ) ) ;
#6652 = LINE ( 'NONE', #2019, #4166 ) ;
#6653 = VECTOR ( 'NONE', #674, 1000.000000000000000 ) ;
#6654 = CARTESIAN_POINT ( 'NONE',  ( 1.225000000000013856, 0.000000000000000000, -0.6250000000000088818 ) ) ;
#6655 = ORIENTED_EDGE ( 'NONE', *, *, #5675, .F. ) ;
#6656 = DIRECTION ( 'NONE',  ( 0.000000000000000000, -1.000000000000000000, 0.000000000000000000 ) ) ;
#6657 = CARTESIAN_POINT ( 'NONE',  ( 0.2999999999999999334, 0.1499999999999999944, -1.224999999999996758 ) ) ;
#6658 = EDGE_LOOP ( 'NONE', ( #4899, #1826, #5621, #6080 ) ) ;
#6659 = DIRECTION ( 'NONE',  ( 0.000000000000000000, 0.000000000000000000, 1.000000000000000000 ) ) ;
#6660 = EDGE_LOOP ( 'NONE', ( #3920, #5763, #226, #6524, #756, #3730 ) ) ;
#6661 = CARTESIAN_POINT ( 'NONE',  ( 0.6750000000000004885, 0.07499999999999999722, -2.661223514282605199E-16 ) ) ;
#6662 = SURFACE_SIDE_STYLE ('',( #2072 ) ) ;
#6663 = DIRECTION ( 'NONE',  ( -1.000000000000000000, 0.000000000000000000, 4.455085290576799120E-14 ) ) ;
#6664 = EDGE_LOOP ( 'NONE', ( #5892, #1600, #2512, #1838 ) ) ;
#6665 = VERTEX_POINT ( 'NONE', #5849 ) ;
#6666 = AXIS2_PLACEMENT_3D ( 'NONE', #3893, #1326, #3371 ) ;
#6667 = VECTOR ( 'NONE', #3553, 1000.000000000000000 ) ;
#6668 = ORIENTED_EDGE ( 'NONE', *, *, #4878, .T. ) ;
#6669 = ORIENTED_EDGE ( 'NONE', *, *, #4185, .T. ) ;
#6670 = VERTEX_POINT ( 'NONE', #5362 ) ;
#6671 = VECTOR ( 'NONE', #5696, 1000.000000000000000 ) ;
#6672 = CARTESIAN_POINT ( 'NONE',  ( 1.449999999999999956, 0.07499999999999999722, 1.450000000000000178 ) ) ;
#6673 = EDGE_CURVE ( 'NONE', #6457, #6331, #1217, .T. ) ;
#6674 = FILL_AREA_STYLE_COLOUR ( '', #4391 ) ;
#6675 = EDGE_CURVE ( 'NONE', #5961, #6315, #2712, .T. ) ;
#6676 = CARTESIAN_POINT ( 'NONE',  ( 1.449999999999999956, 0.07499999999999999722, -1.450000000000000178 ) ) ;
#6677 = VERTEX_POINT ( 'NONE', #2229 ) ;
#6678 = VECTOR ( 'NONE', #5877, 1000.000000000000000 ) ;
#6679 = CARTESIAN_POINT ( 'NONE',  ( 0.000000000000000000, 0.1499999999999999944, 0.000000000000000000 ) ) ;
#6680 = VERTEX_POINT ( 'NONE', #2303 ) ;
#6681 = PLANE ( 'NONE',  #2039 ) ;
#6682 = FACE_OUTER_BOUND ( 'NONE', #4007, .T. ) ;
#6683 = VECTOR ( 'NONE', #23, 1000.000000000000000 ) ;
#6684 = ADVANCED_FACE ( 'NONE', ( #4755 ), #2804, .F. ) ;
#6685 = VECTOR ( 'NONE', #1962, 1000.000000000000000 ) ;
#6686 = AXIS2_PLACEMENT_3D ( 'NONE', #5417, #2884, #4301 ) ;
#6687 = UNCERTAINTY_MEASURE_WITH_UNIT (LENGTH_MEASURE( 1.000000000000000082E-05 ), #495, 'distance_accuracy_value', 'NONE');
#6688 = DIRECTION ( 'NONE',  ( -0.000000000000000000, -1.000000000000000000, 0.000000000000000000 ) ) ;
#6689 = LINE ( 'NONE', #4679, #5728 ) ;
#6690 = DIRECTION ( 'NONE',  ( 0.000000000000000000, -1.000000000000000000, 0.000000000000000000 ) ) ;
#6691 = VERTEX_POINT ( 'NONE', #4254 ) ;
#6692 = VECTOR ( 'NONE', #6703, 1000.000000000000000 ) ;
#6693 = ADVANCED_FACE ( 'NONE', ( #174 ), #1757, .F. ) ;
#6694 = AXIS2_PLACEMENT_3D ( 'NONE', #3613, #6289, #5235 ) ;
#6695 = DIRECTION ( 'NONE',  ( 0.000000000000000000, 0.000000000000000000, -1.000000000000000000 ) ) ;
#6696 = VECTOR ( 'NONE', #1750, 1000.000000000000000 ) ;
#6697 = DIRECTION ( 'NONE',  ( 1.516366674804902060E-16, 0.000000000000000000, -1.000000000000000000 ) ) ;
#6698 = EDGE_LOOP ( 'NONE', ( #4819, #3652, #5141, #5261 ) ) ;
#6699 = VECTOR ( 'NONE', #890, 1000.000000000000000 ) ;
#6700 = EDGE_LOOP ( 'NONE', ( #5408, #189, #2806, #1182 ) ) ;
#6701 = EDGE_LOOP ( 'NONE', ( #3138, #6277, #5541, #5978, #3060, #1569 ) ) ;
#6702 = DIRECTION ( 'NONE',  ( 1.000000000000000000, 0.000000000000000000, 0.000000000000000000 ) ) ;
#6703 = DIRECTION ( 'NONE',  ( 0.000000000000000000, -1.000000000000000000, 0.000000000000000000 ) ) ;
#6704 = AXIS2_PLACEMENT_3D ( 'NONE', #3091, #5147, #3184 ) ;
#6705 = VECTOR ( 'NONE', #5777, 1000.000000000000000 ) ;
#6706 = CARTESIAN_POINT ( 'NONE',  ( 1.225000000000003419, 0.000000000000000000, -0.2500000000000086597 ) ) ;
#6707 = ORIENTED_EDGE ( 'NONE', *, *, #4910, .F. ) ;
#6708 = EDGE_LOOP ( 'NONE', ( #237, #3079, #5131, #5657, #4436, #3480 ) ) ;
#6709 = ORIENTED_EDGE ( 'NONE', *, *, #6125, .F. ) ;
#6710 = DIRECTION ( 'NONE',  ( 0.000000000000000000, -1.000000000000000000, 0.000000000000000000 ) ) ;
#6711 = ORIENTED_EDGE ( 'NONE', *, *, #2871, .T. ) ;
#6712 = CARTESIAN_POINT ( 'NONE',  ( -1.415000000000000036, 0.1499999999999999944, 0.3849999999999998979 ) ) ;
#6713 = CARTESIAN_POINT ( 'NONE',  ( -1.500000000000000222, 0.07499999999999999722, -0.6500000000000001332 ) ) ;
#6714 = DIRECTION ( 'NONE',  ( 1.000000000000000000, 0.000000000000000000, -0.000000000000000000 ) ) ;
#6715 = ORIENTED_EDGE ( 'NONE', *, *, #2385, .F. ) ;
#6716 = EDGE_CURVE ( 'NONE', #5059, #566, #4354, .T. ) ;
#6717 = EDGE_CURVE ( 'NONE', #974, #3990, #1287, .T. ) ;
#6718 = DIRECTION ( 'NONE',  ( 0.000000000000000000, -1.000000000000000000, 0.000000000000000000 ) ) ;
#6719 = EDGE_LOOP ( 'NONE', ( #5898, #5330, #4918, #2947, #4564, #3399 ) ) ;
#6720 = CARTESIAN_POINT ( 'NONE',  ( 1.449999999999999956, 0.07499999999999999722, 0.3749999999999897304 ) ) ;
#6721 = DIRECTION ( 'NONE',  ( 1.000000000000000000, 0.000000000000000000, 0.000000000000000000 ) ) ;
#6722 = EDGE_CURVE ( 'NONE', #1251, #2754, #3754, .T. ) ;
#6723 = CARTESIAN_POINT ( 'NONE',  ( 1.449999999999999956, 0.000000000000000000, 0.1249999999999897027 ) ) ;
#6724 = CARTESIAN_POINT ( 'NONE',  ( 0.000000000000000000, 0.000000000000000000, 0.000000000000000000 ) ) ;
#6725 = CARTESIAN_POINT ( 'NONE',  ( 0.000000000000000000, 0.1499999999999999944, 0.000000000000000000 ) ) ;
#6726 = CARTESIAN_POINT ( 'NONE',  ( 0.7999999999999998224, 0.000000000000000000, 1.225000000000000089 ) ) ;
#6727 = ORIENTED_EDGE ( 'NONE', *, *, #5968, .F. ) ;
#6728 = CARTESIAN_POINT ( 'NONE',  ( -1.100000000000000311, 0.7500000000000000000, -0.8500000000000003109 ) ) ;
#6729 = DIRECTION ( 'NONE',  ( 1.000000000000000000, 0.000000000000000000, -0.000000000000000000 ) ) ;
#6730 = EDGE_LOOP ( 'NONE', ( #3557, #5510, #5791, #6299 ) ) ;
ENDSEC;
END-ISO-10303-21;
