ISO-10303-21;
HEADER;
/* Generated by software containing ST-Developer
 * from STEP Tools, Inc. (www.steptools.com) 
 */

FILE_DESCRIPTION(
/* description */ (''),
/* implementation_level */ '2;1');

FILE_NAME(
/* name */ 
'\\\\sinsdv020.ap.infineon.com\\DES_S_PS_ACD\\Working Folder\\PG-WHTFN
-9-2\\PG-WHTFN-9-2_Z8B00242869_V01_3D.stp',
/* time_stamp */ '2023-03-02T18:05:49+06:00',
/* author */ ('Subramani'),
/* organization */ (''),
/* preprocessor_version */ 'ST-DEVELOPER v16.13',
/* originating_system */ 'AutoCAD Mechanical',
/* authorisation */ '');

FILE_SCHEMA (('AUTOMOTIVE_DESIGN { 1 0 10303 214 3 1 1 }'));
ENDSEC;

DATA;
#10=MECHANICAL_DESIGN_GEOMETRIC_PRESENTATION_REPRESENTATION('',(#102,#103,
#105,#104,#106,#107,#108,#110,#109,#111,#114,#112,#113,#100,#101,#99,#98),
#6378);
#11=PRESENTATION_LAYER_ASSIGNMENT('1','3D_Mold',(#115));
#12=PRESENTATION_LAYER_ASSIGNMENT('2','3D_Pins',(#116,#117,#118));
#13=PRESENTATION_LAYER_ASSIGNMENT('4','3D_Heatsink',(#119));
#14=PRESENTATION_LAYER_ASSIGNMENT('5','3D_Logo',(#120,#121,#122,#123,#124,
#125,#126,#127,#128,#129,#130,#131));
#15=SHAPE_REPRESENTATION_RELATIONSHIP('SRR','None',#6384,#16);
#16=ADVANCED_BREP_SHAPE_REPRESENTATION('',(#115,#116,#117,#118,#119,#120,
#121,#122,#123,#124,#125,#126,#127,#128,#129,#130,#131),#6377);
#17=FACE_BOUND('',#446,.T.);
#18=FACE_BOUND('',#448,.T.);
#19=FACE_BOUND('',#475,.T.);
#20=FACE_BOUND('',#477,.T.);
#21=FACE_BOUND('',#525,.T.);
#22=FACE_BOUND('',#553,.T.);
#23=(
BOUNDED_CURVE()
B_SPLINE_CURVE(3,(#5473,#5474,#5475,#5476,#5477,#5478,#5479),
 .UNSPECIFIED.,.F.,.F.)
B_SPLINE_CURVE_WITH_KNOTS((4,1,1,1,4),(2.,2.4114422538586,2.58192882146562,
2.69777033847074,3.),.UNSPECIFIED.)
CURVE()
GEOMETRIC_REPRESENTATION_ITEM()
RATIONAL_B_SPLINE_CURVE((1.,1.,1.,1.,1.,1.,1.))
REPRESENTATION_ITEM('')
);
#24=(
BOUNDED_CURVE()
B_SPLINE_CURVE(3,(#5482,#5483,#5484,#5485,#5486,#5487,#5488),
 .UNSPECIFIED.,.F.,.F.)
B_SPLINE_CURVE_WITH_KNOTS((4,1,1,1,4),(-3.,-2.69777033847074,-2.58192882146562,
-2.4114422538586,-2.),.UNSPECIFIED.)
CURVE()
GEOMETRIC_REPRESENTATION_ITEM()
RATIONAL_B_SPLINE_CURVE((1.,1.,1.,1.,1.,1.,1.))
REPRESENTATION_ITEM('')
);
#25=(
BOUNDED_CURVE()
B_SPLINE_CURVE(3,(#5507,#5508,#5509,#5510,#5511,#5512),.UNSPECIFIED.,.F.,
 .F.)
B_SPLINE_CURVE_WITH_KNOTS((4,1,1,4),(0.,0.417929766010006,0.606869793132249,
1.),.UNSPECIFIED.)
CURVE()
GEOMETRIC_REPRESENTATION_ITEM()
RATIONAL_B_SPLINE_CURVE((1.,1.,1.,1.,1.,1.))
REPRESENTATION_ITEM('')
);
#26=(
BOUNDED_CURVE()
B_SPLINE_CURVE(3,(#5513,#5514,#5515,#5516,#5517,#5518),.UNSPECIFIED.,.F.,
 .F.)
B_SPLINE_CURVE_WITH_KNOTS((4,1,1,4),(-1.,-0.606869793132249,-0.417929766010006,
0.),.UNSPECIFIED.)
CURVE()
GEOMETRIC_REPRESENTATION_ITEM()
RATIONAL_B_SPLINE_CURVE((1.,1.,1.,1.,1.,1.))
REPRESENTATION_ITEM('')
);
#27=(
BOUNDED_CURVE()
B_SPLINE_CURVE(3,(#5543,#5544,#5545,#5546,#5547,#5548,#5549),
 .UNSPECIFIED.,.F.,.F.)
B_SPLINE_CURVE_WITH_KNOTS((4,1,1,1,4),(2.,2.32366156986811,2.44930228373454,
2.62896021057837,3.),.UNSPECIFIED.)
CURVE()
GEOMETRIC_REPRESENTATION_ITEM()
RATIONAL_B_SPLINE_CURVE((1.,1.,1.,1.,1.,1.,1.))
REPRESENTATION_ITEM('')
);
#28=(
BOUNDED_CURVE()
B_SPLINE_CURVE(3,(#5551,#5552,#5553,#5554,#5555,#5556,#5557),
 .UNSPECIFIED.,.F.,.F.)
B_SPLINE_CURVE_WITH_KNOTS((4,1,1,1,4),(2.,2.32366156986811,2.44930228373454,
2.62896021057837,3.),.UNSPECIFIED.)
CURVE()
GEOMETRIC_REPRESENTATION_ITEM()
RATIONAL_B_SPLINE_CURVE((1.,1.,1.,1.,1.,1.,1.))
REPRESENTATION_ITEM('')
);
#29=(
BOUNDED_CURVE()
B_SPLINE_CURVE(3,(#5581,#5582,#5583,#5584,#5585,#5586,#5587,#5588),
 .UNSPECIFIED.,.F.,.F.)
B_SPLINE_CURVE_WITH_KNOTS((4,1,1,1,1,4),(0.,0.238492064277943,0.368977397690374,
0.578374399431193,0.688779542936559,1.),.UNSPECIFIED.)
CURVE()
GEOMETRIC_REPRESENTATION_ITEM()
RATIONAL_B_SPLINE_CURVE((1.,1.,1.,1.,1.,1.,1.,1.))
REPRESENTATION_ITEM('')
);
#30=(
BOUNDED_CURVE()
B_SPLINE_CURVE(3,(#5589,#5590,#5591,#5592,#5593,#5594,#5595,#5596),
 .UNSPECIFIED.,.F.,.F.)
B_SPLINE_CURVE_WITH_KNOTS((4,1,1,1,1,4),(0.,0.238492064277943,0.368977397690374,
0.578374399431193,0.688779542936559,1.),.UNSPECIFIED.)
CURVE()
GEOMETRIC_REPRESENTATION_ITEM()
RATIONAL_B_SPLINE_CURVE((1.,1.,1.,1.,1.,1.,1.,1.))
REPRESENTATION_ITEM('')
);
#31=(
BOUNDED_CURVE()
B_SPLINE_CURVE(3,(#5623,#5624,#5625,#5626),.UNSPECIFIED.,.F.,.F.)
B_SPLINE_CURVE_WITH_KNOTS((4,4),(7.,8.),.UNSPECIFIED.)
CURVE()
GEOMETRIC_REPRESENTATION_ITEM()
RATIONAL_B_SPLINE_CURVE((1.,1.,1.,1.))
REPRESENTATION_ITEM('')
);
#32=(
BOUNDED_CURVE()
B_SPLINE_CURVE(3,(#5628,#5629,#5630,#5631),.UNSPECIFIED.,.F.,.F.)
B_SPLINE_CURVE_WITH_KNOTS((4,4),(7.,8.),.UNSPECIFIED.)
CURVE()
GEOMETRIC_REPRESENTATION_ITEM()
RATIONAL_B_SPLINE_CURVE((1.,1.,1.,1.))
REPRESENTATION_ITEM('')
);
#33=(
BOUNDED_CURVE()
B_SPLINE_CURVE(3,(#5674,#5675,#5676,#5677,#5678),.UNSPECIFIED.,.F.,.F.)
B_SPLINE_CURVE_WITH_KNOTS((4,1,4),(1.,1.50637871613778,2.),
 .UNSPECIFIED.)
CURVE()
GEOMETRIC_REPRESENTATION_ITEM()
RATIONAL_B_SPLINE_CURVE((1.,1.,1.,1.,1.))
REPRESENTATION_ITEM('')
);
#34=(
BOUNDED_CURVE()
B_SPLINE_CURVE(3,(#5680,#5681,#5682,#5683,#5684),.UNSPECIFIED.,.F.,.F.)
B_SPLINE_CURVE_WITH_KNOTS((4,1,4),(1.,1.50637871613778,2.),
 .UNSPECIFIED.)
CURVE()
GEOMETRIC_REPRESENTATION_ITEM()
RATIONAL_B_SPLINE_CURVE((1.,1.,1.,1.,1.))
REPRESENTATION_ITEM('')
);
#35=(
BOUNDED_CURVE()
B_SPLINE_CURVE(3,(#5713,#5714,#5715,#5716,#5717,#5718),.UNSPECIFIED.,.F.,
 .F.)
B_SPLINE_CURVE_WITH_KNOTS((4,1,1,4),(2.,2.32433962917797,2.57187435768593,
3.),.UNSPECIFIED.)
CURVE()
GEOMETRIC_REPRESENTATION_ITEM()
RATIONAL_B_SPLINE_CURVE((1.,1.,1.,1.,1.,1.))
REPRESENTATION_ITEM('')
);
#36=(
BOUNDED_CURVE()
B_SPLINE_CURVE(3,(#5721,#5722,#5723,#5724,#5725,#5726),.UNSPECIFIED.,.F.,
 .F.)
B_SPLINE_CURVE_WITH_KNOTS((4,1,1,4),(-3.,-2.57187435768593,-2.32433962917797,
-2.),.UNSPECIFIED.)
CURVE()
GEOMETRIC_REPRESENTATION_ITEM()
RATIONAL_B_SPLINE_CURVE((1.,1.,1.,1.,1.,1.))
REPRESENTATION_ITEM('')
);
#37=(
BOUNDED_CURVE()
B_SPLINE_CURVE(3,(#5750,#5751,#5752,#5753,#5754,#5755),.UNSPECIFIED.,.F.,
 .F.)
B_SPLINE_CURVE_WITH_KNOTS((4,1,1,4),(8.,8.30644689092663,8.59799782865395,
9.),.UNSPECIFIED.)
CURVE()
GEOMETRIC_REPRESENTATION_ITEM()
RATIONAL_B_SPLINE_CURVE((1.,1.,1.,1.,1.,1.))
REPRESENTATION_ITEM('')
);
#38=(
BOUNDED_CURVE()
B_SPLINE_CURVE(3,(#5759,#5760,#5761,#5762,#5763,#5764),.UNSPECIFIED.,.F.,
 .F.)
B_SPLINE_CURVE_WITH_KNOTS((4,1,1,4),(8.,8.30644689092663,8.59799782865395,
9.),.UNSPECIFIED.)
CURVE()
GEOMETRIC_REPRESENTATION_ITEM()
RATIONAL_B_SPLINE_CURVE((1.,1.,1.,1.,1.,1.))
REPRESENTATION_ITEM('')
);
#39=(
BOUNDED_CURVE()
B_SPLINE_CURVE(3,(#5793,#5794,#5795,#5796,#5797,#5798,#5799),
 .UNSPECIFIED.,.F.,.F.)
B_SPLINE_CURVE_WITH_KNOTS((4,1,1,1,4),(5.,5.40425805790529,5.57116718233676,
5.71508347604857,6.),.UNSPECIFIED.)
CURVE()
GEOMETRIC_REPRESENTATION_ITEM()
RATIONAL_B_SPLINE_CURVE((1.,1.,1.,1.,1.,1.,1.))
REPRESENTATION_ITEM('')
);
#40=(
BOUNDED_CURVE()
B_SPLINE_CURVE(3,(#5801,#5802,#5803,#5804,#5805,#5806,#5807),
 .UNSPECIFIED.,.F.,.F.)
B_SPLINE_CURVE_WITH_KNOTS((4,1,1,1,4),(5.,5.40425805790529,5.57116718233676,
5.71508347604857,6.),.UNSPECIFIED.)
CURVE()
GEOMETRIC_REPRESENTATION_ITEM()
RATIONAL_B_SPLINE_CURVE((1.,1.,1.,1.,1.,1.,1.))
REPRESENTATION_ITEM('')
);
#41=(
BOUNDED_CURVE()
B_SPLINE_CURVE(3,(#5832,#5833,#5834,#5835,#5836,#5837,#5838,#5839),
 .UNSPECIFIED.,.F.,.F.)
B_SPLINE_CURVE_WITH_KNOTS((4,1,1,1,1,4),(3.,3.27409078480324,3.42969795369641,
3.57517369149644,3.70268031260286,4.),.UNSPECIFIED.)
CURVE()
GEOMETRIC_REPRESENTATION_ITEM()
RATIONAL_B_SPLINE_CURVE((1.,1.,1.,1.,1.,1.,1.,1.))
REPRESENTATION_ITEM('')
);
#42=(
BOUNDED_CURVE()
B_SPLINE_CURVE(3,(#5841,#5842,#5843,#5844,#5845,#5846,#5847,#5848),
 .UNSPECIFIED.,.F.,.F.)
B_SPLINE_CURVE_WITH_KNOTS((4,1,1,1,1,4),(3.,3.27409078480324,3.42969795369641,
3.57517369149644,3.70268031260286,4.),.UNSPECIFIED.)
CURVE()
GEOMETRIC_REPRESENTATION_ITEM()
RATIONAL_B_SPLINE_CURVE((1.,1.,1.,1.,1.,1.,1.,1.))
REPRESENTATION_ITEM('')
);
#43=(
BOUNDED_CURVE()
B_SPLINE_CURVE(3,(#5887,#5888,#5889,#5890,#5891),.UNSPECIFIED.,.F.,.F.)
B_SPLINE_CURVE_WITH_KNOTS((4,1,4),(8.,8.50637871613778,9.),
 .UNSPECIFIED.)
CURVE()
GEOMETRIC_REPRESENTATION_ITEM()
RATIONAL_B_SPLINE_CURVE((1.,1.,1.,1.,1.))
REPRESENTATION_ITEM('')
);
#44=(
BOUNDED_CURVE()
B_SPLINE_CURVE(3,(#5893,#5894,#5895,#5896,#5897),.UNSPECIFIED.,.F.,.F.)
B_SPLINE_CURVE_WITH_KNOTS((4,1,4),(8.,8.50637871613778,9.),
 .UNSPECIFIED.)
CURVE()
GEOMETRIC_REPRESENTATION_ITEM()
RATIONAL_B_SPLINE_CURVE((1.,1.,1.,1.,1.))
REPRESENTATION_ITEM('')
);
#45=(
BOUNDED_CURVE()
B_SPLINE_CURVE(3,(#5926,#5927,#5928,#5929),.UNSPECIFIED.,.F.,.F.)
B_SPLINE_CURVE_WITH_KNOTS((4,4),(4.,5.),.UNSPECIFIED.)
CURVE()
GEOMETRIC_REPRESENTATION_ITEM()
RATIONAL_B_SPLINE_CURVE((1.,1.,1.,1.))
REPRESENTATION_ITEM('')
);
#46=(
BOUNDED_CURVE()
B_SPLINE_CURVE(3,(#5931,#5932,#5933,#5934),.UNSPECIFIED.,.F.,.F.)
B_SPLINE_CURVE_WITH_KNOTS((4,4),(4.,5.),.UNSPECIFIED.)
CURVE()
GEOMETRIC_REPRESENTATION_ITEM()
RATIONAL_B_SPLINE_CURVE((1.,1.,1.,1.))
REPRESENTATION_ITEM('')
);
#47=(
BOUNDED_CURVE()
B_SPLINE_CURVE(3,(#6011,#6012,#6013,#6014,#6015),.UNSPECIFIED.,.F.,.F.)
B_SPLINE_CURVE_WITH_KNOTS((4,1,4),(7.,7.50637871613778,8.),
 .UNSPECIFIED.)
CURVE()
GEOMETRIC_REPRESENTATION_ITEM()
RATIONAL_B_SPLINE_CURVE((1.,1.,1.,1.,1.))
REPRESENTATION_ITEM('')
);
#48=(
BOUNDED_CURVE()
B_SPLINE_CURVE(3,(#6017,#6018,#6019,#6020,#6021),.UNSPECIFIED.,.F.,.F.)
B_SPLINE_CURVE_WITH_KNOTS((4,1,4),(7.,7.50637871613778,8.),
 .UNSPECIFIED.)
CURVE()
GEOMETRIC_REPRESENTATION_ITEM()
RATIONAL_B_SPLINE_CURVE((1.,1.,1.,1.,1.))
REPRESENTATION_ITEM('')
);
#49=(
BOUNDED_CURVE()
B_SPLINE_CURVE(3,(#6050,#6051,#6052,#6053),.UNSPECIFIED.,.F.,.F.)
B_SPLINE_CURVE_WITH_KNOTS((4,4),(3.,4.),.UNSPECIFIED.)
CURVE()
GEOMETRIC_REPRESENTATION_ITEM()
RATIONAL_B_SPLINE_CURVE((1.,1.,1.,1.))
REPRESENTATION_ITEM('')
);
#50=(
BOUNDED_CURVE()
B_SPLINE_CURVE(3,(#6055,#6056,#6057,#6058),.UNSPECIFIED.,.F.,.F.)
B_SPLINE_CURVE_WITH_KNOTS((4,4),(3.,4.),.UNSPECIFIED.)
CURVE()
GEOMETRIC_REPRESENTATION_ITEM()
RATIONAL_B_SPLINE_CURVE((1.,1.,1.,1.))
REPRESENTATION_ITEM('')
);
#51=(
BOUNDED_CURVE()
B_SPLINE_CURVE(3,(#6143,#6144,#6145,#6146),.UNSPECIFIED.,.F.,.F.)
B_SPLINE_CURVE_WITH_KNOTS((4,4),(4.,5.),.UNSPECIFIED.)
CURVE()
GEOMETRIC_REPRESENTATION_ITEM()
RATIONAL_B_SPLINE_CURVE((1.,1.,1.,1.))
REPRESENTATION_ITEM('')
);
#52=(
BOUNDED_CURVE()
B_SPLINE_CURVE(3,(#6148,#6149,#6150,#6151),.UNSPECIFIED.,.F.,.F.)
B_SPLINE_CURVE_WITH_KNOTS((4,4),(4.,5.),.UNSPECIFIED.)
CURVE()
GEOMETRIC_REPRESENTATION_ITEM()
RATIONAL_B_SPLINE_CURVE((1.,1.,1.,1.))
REPRESENTATION_ITEM('')
);
#53=(
BOUNDED_CURVE()
B_SPLINE_CURVE(3,(#6168,#6169,#6170,#6171),.UNSPECIFIED.,.F.,.F.)
B_SPLINE_CURVE_WITH_KNOTS((4,4),(2.,3.),.UNSPECIFIED.)
CURVE()
GEOMETRIC_REPRESENTATION_ITEM()
RATIONAL_B_SPLINE_CURVE((1.,1.,1.,1.))
REPRESENTATION_ITEM('')
);
#54=(
BOUNDED_CURVE()
B_SPLINE_CURVE(3,(#6173,#6174,#6175,#6176),.UNSPECIFIED.,.F.,.F.)
B_SPLINE_CURVE_WITH_KNOTS((4,4),(2.,3.),.UNSPECIFIED.)
CURVE()
GEOMETRIC_REPRESENTATION_ITEM()
RATIONAL_B_SPLINE_CURVE((1.,1.,1.,1.))
REPRESENTATION_ITEM('')
);
#55=(
BOUNDED_CURVE()
B_SPLINE_CURVE(3,(#6262,#6263,#6264,#6265,#6266,#6267,#6268,#6269,#6270),
 .UNSPECIFIED.,.F.,.F.)
B_SPLINE_CURVE_WITH_KNOTS((4,1,1,1,1,1,4),(6.70171024832532,6.9037002754607,
7.08648660540822,7.17625478023085,7.29561075824919,7.47266555576722,7.70171024832532),
 .UNSPECIFIED.)
CURVE()
GEOMETRIC_REPRESENTATION_ITEM()
RATIONAL_B_SPLINE_CURVE((1.,1.,1.,1.,1.,1.,1.,1.,1.))
REPRESENTATION_ITEM('')
);
#56=(
BOUNDED_CURVE()
B_SPLINE_CURVE(3,(#6272,#6273,#6274,#6275,#6276,#6277,#6278,#6279,#6280),
 .UNSPECIFIED.,.F.,.F.)
B_SPLINE_CURVE_WITH_KNOTS((4,1,1,1,1,1,4),(6.70171024832532,6.9037002754607,
7.08648660540822,7.17625478023085,7.29561075824919,7.47266555576722,7.70171024832532),
 .UNSPECIFIED.)
CURVE()
GEOMETRIC_REPRESENTATION_ITEM()
RATIONAL_B_SPLINE_CURVE((1.,1.,1.,1.,1.,1.,1.,1.,1.))
REPRESENTATION_ITEM('')
);
#57=(
BOUNDED_CURVE()
B_SPLINE_CURVE(3,(#6303,#6304,#6305,#6306,#6307,#6308,#6309),
 .UNSPECIFIED.,.F.,.F.)
B_SPLINE_CURVE_WITH_KNOTS((4,1,1,1,4),(4.70171024832532,5.09203949464218,
5.25209458654889,5.4822692043774,5.70171024832532),.UNSPECIFIED.)
CURVE()
GEOMETRIC_REPRESENTATION_ITEM()
RATIONAL_B_SPLINE_CURVE((1.,1.,1.,1.,1.,1.,1.))
REPRESENTATION_ITEM('')
);
#58=(
BOUNDED_CURVE()
B_SPLINE_CURVE(3,(#6311,#6312,#6313,#6314,#6315,#6316,#6317),
 .UNSPECIFIED.,.F.,.F.)
B_SPLINE_CURVE_WITH_KNOTS((4,1,1,1,4),(4.70171024832532,5.09203949464218,
5.25209458654889,5.4822692043774,5.70171024832532),.UNSPECIFIED.)
CURVE()
GEOMETRIC_REPRESENTATION_ITEM()
RATIONAL_B_SPLINE_CURVE((1.,1.,1.,1.,1.,1.,1.))
REPRESENTATION_ITEM('')
);
#59=(
BOUNDED_SURFACE()
B_SPLINE_SURFACE(3,1,((#5458,#5459),(#5460,#5461),(#5462,#5463),(#5464,
#5465),(#5466,#5467),(#5468,#5469),(#5470,#5471)),.UNSPECIFIED.,.F.,.F.,
 .F.)
B_SPLINE_SURFACE_WITH_KNOTS((4,1,1,1,4),(2,2),(2.,2.4114422538586,2.58192882146562,
2.69777033847074,3.),(0.,0.001),.UNSPECIFIED.)
GEOMETRIC_REPRESENTATION_ITEM()
RATIONAL_B_SPLINE_SURFACE(((1.,1.),(1.,1.),(1.,1.),(1.,1.),(1.,1.),(1.,
1.),(1.,1.)))
REPRESENTATION_ITEM('')
SURFACE()
);
#60=(
BOUNDED_SURFACE()
B_SPLINE_SURFACE(3,1,((#5495,#5496),(#5497,#5498),(#5499,#5500),(#5501,
#5502),(#5503,#5504),(#5505,#5506)),.UNSPECIFIED.,.F.,.F.,.F.)
B_SPLINE_SURFACE_WITH_KNOTS((4,1,1,4),(2,2),(0.,0.417929766010006,0.606869793132249,
1.),(0.,0.001),.UNSPECIFIED.)
GEOMETRIC_REPRESENTATION_ITEM()
RATIONAL_B_SPLINE_SURFACE(((1.,1.),(1.,1.),(1.,1.),(1.,1.),(1.,1.),(1.,
1.)))
REPRESENTATION_ITEM('')
SURFACE()
);
#61=(
BOUNDED_SURFACE()
B_SPLINE_SURFACE(3,1,((#5528,#5529),(#5530,#5531),(#5532,#5533),(#5534,
#5535),(#5536,#5537),(#5538,#5539),(#5540,#5541)),.UNSPECIFIED.,.F.,.F.,
 .F.)
B_SPLINE_SURFACE_WITH_KNOTS((4,1,1,1,4),(2,2),(2.,2.32366156986811,2.44930228373454,
2.62896021057837,3.),(0.,0.001),.UNSPECIFIED.)
GEOMETRIC_REPRESENTATION_ITEM()
RATIONAL_B_SPLINE_SURFACE(((1.,1.),(1.,1.),(1.,1.),(1.,1.),(1.,1.),(1.,
1.),(1.,1.)))
REPRESENTATION_ITEM('')
SURFACE()
);
#62=(
BOUNDED_SURFACE()
B_SPLINE_SURFACE(3,1,((#5565,#5566),(#5567,#5568),(#5569,#5570),(#5571,
#5572),(#5573,#5574),(#5575,#5576),(#5577,#5578),(#5579,#5580)),
 .UNSPECIFIED.,.F.,.F.,.F.)
B_SPLINE_SURFACE_WITH_KNOTS((4,1,1,1,1,4),(2,2),(0.,0.238492064277943,0.368977397690374,
0.578374399431193,0.688779542936559,1.),(0.,0.001),.UNSPECIFIED.)
GEOMETRIC_REPRESENTATION_ITEM()
RATIONAL_B_SPLINE_SURFACE(((1.,1.),(1.,1.),(1.,1.),(1.,1.),(1.,1.),(1.,
1.),(1.,1.),(1.,1.)))
REPRESENTATION_ITEM('')
SURFACE()
);
#63=(
BOUNDED_SURFACE()
B_SPLINE_SURFACE(3,1,((#5614,#5615),(#5616,#5617),(#5618,#5619),(#5620,
#5621)),.UNSPECIFIED.,.F.,.F.,.F.)
B_SPLINE_SURFACE_WITH_KNOTS((4,4),(2,2),(7.,8.),(0.,0.001),
 .UNSPECIFIED.)
GEOMETRIC_REPRESENTATION_ITEM()
RATIONAL_B_SPLINE_SURFACE(((1.,1.),(1.,1.),(1.,1.),(1.,1.)))
REPRESENTATION_ITEM('')
SURFACE()
);
#64=(
BOUNDED_SURFACE()
B_SPLINE_SURFACE(3,1,((#5663,#5664),(#5665,#5666),(#5667,#5668),(#5669,
#5670),(#5671,#5672)),.UNSPECIFIED.,.F.,.F.,.F.)
B_SPLINE_SURFACE_WITH_KNOTS((4,1,4),(2,2),(1.,1.50637871613778,2.),(0.,
0.001),.UNSPECIFIED.)
GEOMETRIC_REPRESENTATION_ITEM()
RATIONAL_B_SPLINE_SURFACE(((1.,1.),(1.,1.),(1.,1.),(1.,1.),(1.,1.)))
REPRESENTATION_ITEM('')
SURFACE()
);
#65=(
BOUNDED_SURFACE()
B_SPLINE_SURFACE(3,1,((#5700,#5701),(#5702,#5703),(#5704,#5705),(#5706,
#5707),(#5708,#5709),(#5710,#5711)),.UNSPECIFIED.,.F.,.F.,.F.)
B_SPLINE_SURFACE_WITH_KNOTS((4,1,1,4),(2,2),(2.,2.32433962917797,2.57187435768593,
3.),(0.,0.001),.UNSPECIFIED.)
GEOMETRIC_REPRESENTATION_ITEM()
RATIONAL_B_SPLINE_SURFACE(((1.,1.),(1.,1.),(1.,1.),(1.,1.),(1.,1.),(1.,
1.)))
REPRESENTATION_ITEM('')
SURFACE()
);
#66=(
BOUNDED_SURFACE()
B_SPLINE_SURFACE(3,1,((#5736,#5737),(#5738,#5739),(#5740,#5741),(#5742,
#5743),(#5744,#5745),(#5746,#5747)),.UNSPECIFIED.,.F.,.F.,.F.)
B_SPLINE_SURFACE_WITH_KNOTS((4,1,1,4),(2,2),(8.,8.30644689092663,8.59799782865395,
9.),(0.,0.001),.UNSPECIFIED.)
GEOMETRIC_REPRESENTATION_ITEM()
RATIONAL_B_SPLINE_SURFACE(((1.,1.),(1.,1.),(1.,1.),(1.,1.),(1.,1.),(1.,
1.)))
REPRESENTATION_ITEM('')
SURFACE()
);
#67=(
BOUNDED_SURFACE()
B_SPLINE_SURFACE(3,1,((#5778,#5779),(#5780,#5781),(#5782,#5783),(#5784,
#5785),(#5786,#5787),(#5788,#5789),(#5790,#5791)),.UNSPECIFIED.,.F.,.F.,
 .F.)
B_SPLINE_SURFACE_WITH_KNOTS((4,1,1,1,4),(2,2),(5.,5.40425805790529,5.57116718233676,
5.71508347604857,6.),(0.,0.001),.UNSPECIFIED.)
GEOMETRIC_REPRESENTATION_ITEM()
RATIONAL_B_SPLINE_SURFACE(((1.,1.),(1.,1.),(1.,1.),(1.,1.),(1.,1.),(1.,
1.),(1.,1.)))
REPRESENTATION_ITEM('')
SURFACE()
);
#68=(
BOUNDED_SURFACE()
B_SPLINE_SURFACE(3,1,((#5815,#5816),(#5817,#5818),(#5819,#5820),(#5821,
#5822),(#5823,#5824),(#5825,#5826),(#5827,#5828),(#5829,#5830)),
 .UNSPECIFIED.,.F.,.F.,.F.)
B_SPLINE_SURFACE_WITH_KNOTS((4,1,1,1,1,4),(2,2),(3.,3.27409078480324,3.42969795369641,
3.57517369149644,3.70268031260286,4.),(0.,0.001),.UNSPECIFIED.)
GEOMETRIC_REPRESENTATION_ITEM()
RATIONAL_B_SPLINE_SURFACE(((1.,1.),(1.,1.),(1.,1.),(1.,1.),(1.,1.),(1.,
1.),(1.,1.),(1.,1.)))
REPRESENTATION_ITEM('')
SURFACE()
);
#69=(
BOUNDED_SURFACE()
B_SPLINE_SURFACE(3,1,((#5876,#5877),(#5878,#5879),(#5880,#5881),(#5882,
#5883),(#5884,#5885)),.UNSPECIFIED.,.F.,.F.,.F.)
B_SPLINE_SURFACE_WITH_KNOTS((4,1,4),(2,2),(8.,8.50637871613778,9.),(0.,
0.001),.UNSPECIFIED.)
GEOMETRIC_REPRESENTATION_ITEM()
RATIONAL_B_SPLINE_SURFACE(((1.,1.),(1.,1.),(1.,1.),(1.,1.),(1.,1.)))
REPRESENTATION_ITEM('')
SURFACE()
);
#70=(
BOUNDED_SURFACE()
B_SPLINE_SURFACE(3,1,((#5917,#5918),(#5919,#5920),(#5921,#5922),(#5923,
#5924)),.UNSPECIFIED.,.F.,.F.,.F.)
B_SPLINE_SURFACE_WITH_KNOTS((4,4),(2,2),(4.,5.),(0.,0.001),
 .UNSPECIFIED.)
GEOMETRIC_REPRESENTATION_ITEM()
RATIONAL_B_SPLINE_SURFACE(((1.,1.),(1.,1.),(1.,1.),(1.,1.)))
REPRESENTATION_ITEM('')
SURFACE()
);
#71=(
BOUNDED_SURFACE()
B_SPLINE_SURFACE(3,1,((#6000,#6001),(#6002,#6003),(#6004,#6005),(#6006,
#6007),(#6008,#6009)),.UNSPECIFIED.,.F.,.F.,.F.)
B_SPLINE_SURFACE_WITH_KNOTS((4,1,4),(2,2),(7.,7.50637871613778,8.),(0.,
0.001),.UNSPECIFIED.)
GEOMETRIC_REPRESENTATION_ITEM()
RATIONAL_B_SPLINE_SURFACE(((1.,1.),(1.,1.),(1.,1.),(1.,1.),(1.,1.)))
REPRESENTATION_ITEM('')
SURFACE()
);
#72=(
BOUNDED_SURFACE()
B_SPLINE_SURFACE(3,1,((#6041,#6042),(#6043,#6044),(#6045,#6046),(#6047,
#6048)),.UNSPECIFIED.,.F.,.F.,.F.)
B_SPLINE_SURFACE_WITH_KNOTS((4,4),(2,2),(3.,4.),(0.,0.001),
 .UNSPECIFIED.)
GEOMETRIC_REPRESENTATION_ITEM()
RATIONAL_B_SPLINE_SURFACE(((1.,1.),(1.,1.),(1.,1.),(1.,1.)))
REPRESENTATION_ITEM('')
SURFACE()
);
#73=(
BOUNDED_SURFACE()
B_SPLINE_SURFACE(3,1,((#6134,#6135),(#6136,#6137),(#6138,#6139),(#6140,
#6141)),.UNSPECIFIED.,.F.,.F.,.F.)
B_SPLINE_SURFACE_WITH_KNOTS((4,4),(2,2),(4.,5.),(0.,0.001),
 .UNSPECIFIED.)
GEOMETRIC_REPRESENTATION_ITEM()
RATIONAL_B_SPLINE_SURFACE(((1.,1.),(1.,1.),(1.,1.),(1.,1.)))
REPRESENTATION_ITEM('')
SURFACE()
);
#74=(
BOUNDED_SURFACE()
B_SPLINE_SURFACE(3,1,((#6159,#6160),(#6161,#6162),(#6163,#6164),(#6165,
#6166)),.UNSPECIFIED.,.F.,.F.,.F.)
B_SPLINE_SURFACE_WITH_KNOTS((4,4),(2,2),(2.,3.),(0.,0.001),
 .UNSPECIFIED.)
GEOMETRIC_REPRESENTATION_ITEM()
RATIONAL_B_SPLINE_SURFACE(((1.,1.),(1.,1.),(1.,1.),(1.,1.)))
REPRESENTATION_ITEM('')
SURFACE()
);
#75=(
BOUNDED_SURFACE()
B_SPLINE_SURFACE(3,1,((#6243,#6244),(#6245,#6246),(#6247,#6248),(#6249,
#6250),(#6251,#6252),(#6253,#6254),(#6255,#6256),(#6257,#6258),(#6259,#6260)),
 .UNSPECIFIED.,.F.,.F.,.F.)
B_SPLINE_SURFACE_WITH_KNOTS((4,1,1,1,1,1,4),(2,2),(6.70171024832532,6.9037002754607,
7.08648660540822,7.17625478023085,7.29561075824919,7.47266555576722,7.70171024832532),
(0.,0.001),.UNSPECIFIED.)
GEOMETRIC_REPRESENTATION_ITEM()
RATIONAL_B_SPLINE_SURFACE(((1.,1.),(1.,1.),(1.,1.),(1.,1.),(1.,1.),(1.,
1.),(1.,1.),(1.,1.),(1.,1.)))
REPRESENTATION_ITEM('')
SURFACE()
);
#76=(
BOUNDED_SURFACE()
B_SPLINE_SURFACE(3,1,((#6288,#6289),(#6290,#6291),(#6292,#6293),(#6294,
#6295),(#6296,#6297),(#6298,#6299),(#6300,#6301)),.UNSPECIFIED.,.F.,.F.,
 .F.)
B_SPLINE_SURFACE_WITH_KNOTS((4,1,1,1,4),(2,2),(4.70171024832532,5.09203949464218,
5.25209458654889,5.4822692043774,5.70171024832532),(0.,0.001),
 .UNSPECIFIED.)
GEOMETRIC_REPRESENTATION_ITEM()
RATIONAL_B_SPLINE_SURFACE(((1.,1.),(1.,1.),(1.,1.),(1.,1.),(1.,1.),(1.,
1.),(1.,1.)))
REPRESENTATION_ITEM('')
SURFACE()
);
#77=CYLINDRICAL_SURFACE('',#3910,0.0699999999999932);
#78=CYLINDRICAL_SURFACE('',#3913,0.0699999999998537);
#79=CYLINDRICAL_SURFACE('',#3915,0.069999999999911);
#80=CYLINDRICAL_SURFACE('',#4001,0.0532724496982118);
#81=CYLINDRICAL_SURFACE('',#4013,0.0457326854781763);
#82=CYLINDRICAL_SURFACE('',#4019,0.0146613092303524);
#83=CYLINDRICAL_SURFACE('',#4032,0.109602346389349);
#84=CIRCLE('',#3900,0.0699999999998537);
#85=CIRCLE('',#3901,0.0699999999999932);
#86=CIRCLE('',#3902,0.069999999999911);
#87=CIRCLE('',#3911,0.0699999999999932);
#88=CIRCLE('',#3914,0.0699999999998537);
#89=CIRCLE('',#3916,0.069999999999911);
#90=CIRCLE('',#4002,0.0532724496982118);
#91=CIRCLE('',#4003,0.0532724496982118);
#92=CIRCLE('',#4014,0.045732685490088);
#93=CIRCLE('',#4015,0.045732685490088);
#94=CIRCLE('',#4020,0.0146613092347026);
#95=CIRCLE('',#4021,0.0146613092347026);
#96=CIRCLE('',#4033,0.109602346389349);
#97=CIRCLE('',#4034,0.109602346389349);
#98=STYLED_ITEM('',(#6393),#115);
#99=STYLED_ITEM('',(#6395),#116);
#100=STYLED_ITEM('',(#6395),#117);
#101=STYLED_ITEM('',(#6395),#118);
#102=STYLED_ITEM('',(#6396),#119);
#103=STYLED_ITEM('',(#6397),#120);
#104=STYLED_ITEM('',(#6397),#121);
#105=STYLED_ITEM('',(#6397),#122);
#106=STYLED_ITEM('',(#6397),#123);
#107=STYLED_ITEM('',(#6397),#124);
#108=STYLED_ITEM('',(#6397),#125);
#109=STYLED_ITEM('',(#6397),#126);
#110=STYLED_ITEM('',(#6397),#127);
#111=STYLED_ITEM('',(#6397),#128);
#112=STYLED_ITEM('',(#6397),#129);
#113=STYLED_ITEM('',(#6397),#130);
#114=STYLED_ITEM('',(#6397),#131);
#115=MANIFOLD_SOLID_BREP('516D',#3814);
#116=MANIFOLD_SOLID_BREP('555C',#3815);
#117=MANIFOLD_SOLID_BREP('5560',#3816);
#118=MANIFOLD_SOLID_BREP('5564',#3817);
#119=MANIFOLD_SOLID_BREP('58F5',#3818);
#120=MANIFOLD_SOLID_BREP('5973',#3819);
#121=MANIFOLD_SOLID_BREP('5976',#3820);
#122=MANIFOLD_SOLID_BREP('597A',#3821);
#123=MANIFOLD_SOLID_BREP('597D',#3822);
#124=MANIFOLD_SOLID_BREP('5981',#3823);
#125=MANIFOLD_SOLID_BREP('5985',#3824);
#126=MANIFOLD_SOLID_BREP('5989',#3825);
#127=MANIFOLD_SOLID_BREP('598D',#3826);
#128=MANIFOLD_SOLID_BREP('5991',#3827);
#129=MANIFOLD_SOLID_BREP('5995',#3828);
#130=MANIFOLD_SOLID_BREP('5999',#3829);
#131=MANIFOLD_SOLID_BREP('599D',#3830);
#132=FACE_OUTER_BOUND('',#341,.T.);
#133=FACE_OUTER_BOUND('',#342,.T.);
#134=FACE_OUTER_BOUND('',#343,.T.);
#135=FACE_OUTER_BOUND('',#344,.T.);
#136=FACE_OUTER_BOUND('',#345,.T.);
#137=FACE_OUTER_BOUND('',#346,.T.);
#138=FACE_OUTER_BOUND('',#347,.T.);
#139=FACE_OUTER_BOUND('',#348,.T.);
#140=FACE_OUTER_BOUND('',#349,.T.);
#141=FACE_OUTER_BOUND('',#350,.T.);
#142=FACE_OUTER_BOUND('',#351,.T.);
#143=FACE_OUTER_BOUND('',#352,.T.);
#144=FACE_OUTER_BOUND('',#353,.T.);
#145=FACE_OUTER_BOUND('',#354,.T.);
#146=FACE_OUTER_BOUND('',#355,.T.);
#147=FACE_OUTER_BOUND('',#356,.T.);
#148=FACE_OUTER_BOUND('',#357,.T.);
#149=FACE_OUTER_BOUND('',#358,.T.);
#150=FACE_OUTER_BOUND('',#359,.T.);
#151=FACE_OUTER_BOUND('',#360,.T.);
#152=FACE_OUTER_BOUND('',#361,.T.);
#153=FACE_OUTER_BOUND('',#362,.T.);
#154=FACE_OUTER_BOUND('',#363,.T.);
#155=FACE_OUTER_BOUND('',#364,.T.);
#156=FACE_OUTER_BOUND('',#365,.T.);
#157=FACE_OUTER_BOUND('',#366,.T.);
#158=FACE_OUTER_BOUND('',#367,.T.);
#159=FACE_OUTER_BOUND('',#368,.T.);
#160=FACE_OUTER_BOUND('',#369,.T.);
#161=FACE_OUTER_BOUND('',#370,.T.);
#162=FACE_OUTER_BOUND('',#371,.T.);
#163=FACE_OUTER_BOUND('',#372,.T.);
#164=FACE_OUTER_BOUND('',#373,.T.);
#165=FACE_OUTER_BOUND('',#374,.T.);
#166=FACE_OUTER_BOUND('',#375,.T.);
#167=FACE_OUTER_BOUND('',#376,.T.);
#168=FACE_OUTER_BOUND('',#377,.T.);
#169=FACE_OUTER_BOUND('',#378,.T.);
#170=FACE_OUTER_BOUND('',#379,.T.);
#171=FACE_OUTER_BOUND('',#380,.T.);
#172=FACE_OUTER_BOUND('',#381,.T.);
#173=FACE_OUTER_BOUND('',#382,.T.);
#174=FACE_OUTER_BOUND('',#383,.T.);
#175=FACE_OUTER_BOUND('',#384,.T.);
#176=FACE_OUTER_BOUND('',#385,.T.);
#177=FACE_OUTER_BOUND('',#386,.T.);
#178=FACE_OUTER_BOUND('',#387,.T.);
#179=FACE_OUTER_BOUND('',#388,.T.);
#180=FACE_OUTER_BOUND('',#389,.T.);
#181=FACE_OUTER_BOUND('',#390,.T.);
#182=FACE_OUTER_BOUND('',#391,.T.);
#183=FACE_OUTER_BOUND('',#392,.T.);
#184=FACE_OUTER_BOUND('',#393,.T.);
#185=FACE_OUTER_BOUND('',#394,.T.);
#186=FACE_OUTER_BOUND('',#395,.T.);
#187=FACE_OUTER_BOUND('',#396,.T.);
#188=FACE_OUTER_BOUND('',#397,.T.);
#189=FACE_OUTER_BOUND('',#398,.T.);
#190=FACE_OUTER_BOUND('',#399,.T.);
#191=FACE_OUTER_BOUND('',#400,.T.);
#192=FACE_OUTER_BOUND('',#401,.T.);
#193=FACE_OUTER_BOUND('',#402,.T.);
#194=FACE_OUTER_BOUND('',#403,.T.);
#195=FACE_OUTER_BOUND('',#404,.T.);
#196=FACE_OUTER_BOUND('',#405,.T.);
#197=FACE_OUTER_BOUND('',#406,.T.);
#198=FACE_OUTER_BOUND('',#407,.T.);
#199=FACE_OUTER_BOUND('',#408,.T.);
#200=FACE_OUTER_BOUND('',#409,.T.);
#201=FACE_OUTER_BOUND('',#410,.T.);
#202=FACE_OUTER_BOUND('',#411,.T.);
#203=FACE_OUTER_BOUND('',#412,.T.);
#204=FACE_OUTER_BOUND('',#413,.T.);
#205=FACE_OUTER_BOUND('',#414,.T.);
#206=FACE_OUTER_BOUND('',#415,.T.);
#207=FACE_OUTER_BOUND('',#416,.T.);
#208=FACE_OUTER_BOUND('',#417,.T.);
#209=FACE_OUTER_BOUND('',#418,.T.);
#210=FACE_OUTER_BOUND('',#419,.T.);
#211=FACE_OUTER_BOUND('',#420,.T.);
#212=FACE_OUTER_BOUND('',#421,.T.);
#213=FACE_OUTER_BOUND('',#422,.T.);
#214=FACE_OUTER_BOUND('',#423,.T.);
#215=FACE_OUTER_BOUND('',#424,.T.);
#216=FACE_OUTER_BOUND('',#425,.T.);
#217=FACE_OUTER_BOUND('',#426,.T.);
#218=FACE_OUTER_BOUND('',#427,.T.);
#219=FACE_OUTER_BOUND('',#428,.T.);
#220=FACE_OUTER_BOUND('',#429,.T.);
#221=FACE_OUTER_BOUND('',#430,.T.);
#222=FACE_OUTER_BOUND('',#431,.T.);
#223=FACE_OUTER_BOUND('',#432,.T.);
#224=FACE_OUTER_BOUND('',#433,.T.);
#225=FACE_OUTER_BOUND('',#434,.T.);
#226=FACE_OUTER_BOUND('',#435,.T.);
#227=FACE_OUTER_BOUND('',#436,.T.);
#228=FACE_OUTER_BOUND('',#437,.T.);
#229=FACE_OUTER_BOUND('',#438,.T.);
#230=FACE_OUTER_BOUND('',#439,.T.);
#231=FACE_OUTER_BOUND('',#440,.T.);
#232=FACE_OUTER_BOUND('',#441,.T.);
#233=FACE_OUTER_BOUND('',#442,.T.);
#234=FACE_OUTER_BOUND('',#443,.T.);
#235=FACE_OUTER_BOUND('',#444,.T.);
#236=FACE_OUTER_BOUND('',#445,.T.);
#237=FACE_OUTER_BOUND('',#447,.T.);
#238=FACE_OUTER_BOUND('',#449,.T.);
#239=FACE_OUTER_BOUND('',#450,.T.);
#240=FACE_OUTER_BOUND('',#451,.T.);
#241=FACE_OUTER_BOUND('',#452,.T.);
#242=FACE_OUTER_BOUND('',#453,.T.);
#243=FACE_OUTER_BOUND('',#454,.T.);
#244=FACE_OUTER_BOUND('',#455,.T.);
#245=FACE_OUTER_BOUND('',#456,.T.);
#246=FACE_OUTER_BOUND('',#457,.T.);
#247=FACE_OUTER_BOUND('',#458,.T.);
#248=FACE_OUTER_BOUND('',#459,.T.);
#249=FACE_OUTER_BOUND('',#460,.T.);
#250=FACE_OUTER_BOUND('',#461,.T.);
#251=FACE_OUTER_BOUND('',#462,.T.);
#252=FACE_OUTER_BOUND('',#463,.T.);
#253=FACE_OUTER_BOUND('',#464,.T.);
#254=FACE_OUTER_BOUND('',#465,.T.);
#255=FACE_OUTER_BOUND('',#466,.T.);
#256=FACE_OUTER_BOUND('',#467,.T.);
#257=FACE_OUTER_BOUND('',#468,.T.);
#258=FACE_OUTER_BOUND('',#469,.T.);
#259=FACE_OUTER_BOUND('',#470,.T.);
#260=FACE_OUTER_BOUND('',#471,.T.);
#261=FACE_OUTER_BOUND('',#472,.T.);
#262=FACE_OUTER_BOUND('',#473,.T.);
#263=FACE_OUTER_BOUND('',#474,.T.);
#264=FACE_OUTER_BOUND('',#476,.T.);
#265=FACE_OUTER_BOUND('',#478,.T.);
#266=FACE_OUTER_BOUND('',#479,.T.);
#267=FACE_OUTER_BOUND('',#480,.T.);
#268=FACE_OUTER_BOUND('',#481,.T.);
#269=FACE_OUTER_BOUND('',#482,.T.);
#270=FACE_OUTER_BOUND('',#483,.T.);
#271=FACE_OUTER_BOUND('',#484,.T.);
#272=FACE_OUTER_BOUND('',#485,.T.);
#273=FACE_OUTER_BOUND('',#486,.T.);
#274=FACE_OUTER_BOUND('',#487,.T.);
#275=FACE_OUTER_BOUND('',#488,.T.);
#276=FACE_OUTER_BOUND('',#489,.T.);
#277=FACE_OUTER_BOUND('',#490,.T.);
#278=FACE_OUTER_BOUND('',#491,.T.);
#279=FACE_OUTER_BOUND('',#492,.T.);
#280=FACE_OUTER_BOUND('',#493,.T.);
#281=FACE_OUTER_BOUND('',#494,.T.);
#282=FACE_OUTER_BOUND('',#495,.T.);
#283=FACE_OUTER_BOUND('',#496,.T.);
#284=FACE_OUTER_BOUND('',#497,.T.);
#285=FACE_OUTER_BOUND('',#498,.T.);
#286=FACE_OUTER_BOUND('',#499,.T.);
#287=FACE_OUTER_BOUND('',#500,.T.);
#288=FACE_OUTER_BOUND('',#501,.T.);
#289=FACE_OUTER_BOUND('',#502,.T.);
#290=FACE_OUTER_BOUND('',#503,.T.);
#291=FACE_OUTER_BOUND('',#504,.T.);
#292=FACE_OUTER_BOUND('',#505,.T.);
#293=FACE_OUTER_BOUND('',#506,.T.);
#294=FACE_OUTER_BOUND('',#507,.T.);
#295=FACE_OUTER_BOUND('',#508,.T.);
#296=FACE_OUTER_BOUND('',#509,.T.);
#297=FACE_OUTER_BOUND('',#510,.T.);
#298=FACE_OUTER_BOUND('',#511,.T.);
#299=FACE_OUTER_BOUND('',#512,.T.);
#300=FACE_OUTER_BOUND('',#513,.T.);
#301=FACE_OUTER_BOUND('',#514,.T.);
#302=FACE_OUTER_BOUND('',#515,.T.);
#303=FACE_OUTER_BOUND('',#516,.T.);
#304=FACE_OUTER_BOUND('',#517,.T.);
#305=FACE_OUTER_BOUND('',#518,.T.);
#306=FACE_OUTER_BOUND('',#519,.T.);
#307=FACE_OUTER_BOUND('',#520,.T.);
#308=FACE_OUTER_BOUND('',#521,.T.);
#309=FACE_OUTER_BOUND('',#522,.T.);
#310=FACE_OUTER_BOUND('',#523,.T.);
#311=FACE_OUTER_BOUND('',#524,.T.);
#312=FACE_OUTER_BOUND('',#526,.T.);
#313=FACE_OUTER_BOUND('',#527,.T.);
#314=FACE_OUTER_BOUND('',#528,.T.);
#315=FACE_OUTER_BOUND('',#529,.T.);
#316=FACE_OUTER_BOUND('',#530,.T.);
#317=FACE_OUTER_BOUND('',#531,.T.);
#318=FACE_OUTER_BOUND('',#532,.T.);
#319=FACE_OUTER_BOUND('',#533,.T.);
#320=FACE_OUTER_BOUND('',#534,.T.);
#321=FACE_OUTER_BOUND('',#535,.T.);
#322=FACE_OUTER_BOUND('',#536,.T.);
#323=FACE_OUTER_BOUND('',#537,.T.);
#324=FACE_OUTER_BOUND('',#538,.T.);
#325=FACE_OUTER_BOUND('',#539,.T.);
#326=FACE_OUTER_BOUND('',#540,.T.);
#327=FACE_OUTER_BOUND('',#541,.T.);
#328=FACE_OUTER_BOUND('',#542,.T.);
#329=FACE_OUTER_BOUND('',#543,.T.);
#330=FACE_OUTER_BOUND('',#544,.T.);
#331=FACE_OUTER_BOUND('',#545,.T.);
#332=FACE_OUTER_BOUND('',#546,.T.);
#333=FACE_OUTER_BOUND('',#547,.T.);
#334=FACE_OUTER_BOUND('',#548,.T.);
#335=FACE_OUTER_BOUND('',#549,.T.);
#336=FACE_OUTER_BOUND('',#550,.T.);
#337=FACE_OUTER_BOUND('',#551,.T.);
#338=FACE_OUTER_BOUND('',#552,.T.);
#339=FACE_OUTER_BOUND('',#554,.T.);
#340=FACE_OUTER_BOUND('',#555,.T.);
#341=EDGE_LOOP('',(#2375,#2376,#2377,#2378));
#342=EDGE_LOOP('',(#2379,#2380,#2381,#2382));
#343=EDGE_LOOP('',(#2383,#2384,#2385,#2386));
#344=EDGE_LOOP('',(#2387,#2388,#2389,#2390));
#345=EDGE_LOOP('',(#2391,#2392,#2393,#2394));
#346=EDGE_LOOP('',(#2395,#2396,#2397,#2398));
#347=EDGE_LOOP('',(#2399,#2400,#2401,#2402));
#348=EDGE_LOOP('',(#2403,#2404,#2405,#2406));
#349=EDGE_LOOP('',(#2407,#2408,#2409,#2410));
#350=EDGE_LOOP('',(#2411,#2412,#2413,#2414));
#351=EDGE_LOOP('',(#2415,#2416,#2417,#2418));
#352=EDGE_LOOP('',(#2419,#2420,#2421,#2422));
#353=EDGE_LOOP('',(#2423,#2424,#2425,#2426));
#354=EDGE_LOOP('',(#2427,#2428,#2429,#2430));
#355=EDGE_LOOP('',(#2431,#2432,#2433,#2434));
#356=EDGE_LOOP('',(#2435,#2436,#2437,#2438));
#357=EDGE_LOOP('',(#2439,#2440,#2441,#2442));
#358=EDGE_LOOP('',(#2443,#2444,#2445,#2446));
#359=EDGE_LOOP('',(#2447,#2448,#2449,#2450));
#360=EDGE_LOOP('',(#2451,#2452,#2453,#2454));
#361=EDGE_LOOP('',(#2455,#2456,#2457,#2458));
#362=EDGE_LOOP('',(#2459,#2460,#2461,#2462));
#363=EDGE_LOOP('',(#2463,#2464,#2465,#2466));
#364=EDGE_LOOP('',(#2467,#2468,#2469,#2470));
#365=EDGE_LOOP('',(#2471,#2472,#2473,#2474));
#366=EDGE_LOOP('',(#2475,#2476,#2477,#2478));
#367=EDGE_LOOP('',(#2479,#2480,#2481,#2482));
#368=EDGE_LOOP('',(#2483,#2484,#2485,#2486));
#369=EDGE_LOOP('',(#2487,#2488,#2489,#2490));
#370=EDGE_LOOP('',(#2491,#2492,#2493,#2494));
#371=EDGE_LOOP('',(#2495,#2496,#2497,#2498));
#372=EDGE_LOOP('',(#2499,#2500,#2501,#2502));
#373=EDGE_LOOP('',(#2503,#2504,#2505,#2506));
#374=EDGE_LOOP('',(#2507,#2508,#2509,#2510));
#375=EDGE_LOOP('',(#2511,#2512,#2513,#2514));
#376=EDGE_LOOP('',(#2515,#2516,#2517,#2518));
#377=EDGE_LOOP('',(#2519,#2520,#2521,#2522,#2523,#2524,#2525,#2526,#2527,
#2528,#2529,#2530,#2531,#2532,#2533,#2534,#2535,#2536,#2537,#2538,#2539,
#2540,#2541,#2542,#2543,#2544,#2545,#2546,#2547,#2548));
#378=EDGE_LOOP('',(#2549,#2550,#2551,#2552,#2553,#2554,#2555,#2556,#2557,
#2558,#2559,#2560,#2561,#2562,#2563,#2564,#2565,#2566,#2567,#2568,#2569,
#2570,#2571,#2572,#2573,#2574,#2575,#2576,#2577,#2578));
#379=EDGE_LOOP('',(#2579,#2580,#2581,#2582));
#380=EDGE_LOOP('',(#2583,#2584,#2585,#2586));
#381=EDGE_LOOP('',(#2587,#2588,#2589,#2590));
#382=EDGE_LOOP('',(#2591,#2592,#2593,#2594));
#383=EDGE_LOOP('',(#2595,#2596,#2597,#2598));
#384=EDGE_LOOP('',(#2599,#2600,#2601,#2602));
#385=EDGE_LOOP('',(#2603,#2604,#2605,#2606));
#386=EDGE_LOOP('',(#2607,#2608,#2609,#2610));
#387=EDGE_LOOP('',(#2611,#2612,#2613,#2614,#2615,#2616,#2617,#2618));
#388=EDGE_LOOP('',(#2619,#2620,#2621,#2622,#2623,#2624,#2625,#2626));
#389=EDGE_LOOP('',(#2627,#2628,#2629,#2630));
#390=EDGE_LOOP('',(#2631,#2632,#2633,#2634));
#391=EDGE_LOOP('',(#2635,#2636,#2637,#2638));
#392=EDGE_LOOP('',(#2639,#2640,#2641,#2642));
#393=EDGE_LOOP('',(#2643,#2644,#2645,#2646));
#394=EDGE_LOOP('',(#2647,#2648,#2649,#2650));
#395=EDGE_LOOP('',(#2651,#2652,#2653,#2654));
#396=EDGE_LOOP('',(#2655,#2656,#2657,#2658));
#397=EDGE_LOOP('',(#2659,#2660,#2661,#2662));
#398=EDGE_LOOP('',(#2663,#2664,#2665,#2666));
#399=EDGE_LOOP('',(#2667,#2668,#2669,#2670));
#400=EDGE_LOOP('',(#2671,#2672,#2673,#2674));
#401=EDGE_LOOP('',(#2675,#2676,#2677,#2678));
#402=EDGE_LOOP('',(#2679,#2680,#2681,#2682));
#403=EDGE_LOOP('',(#2683,#2684,#2685,#2686));
#404=EDGE_LOOP('',(#2687,#2688,#2689,#2690));
#405=EDGE_LOOP('',(#2691,#2692,#2693,#2694,#2695,#2696,#2697,#2698,#2699,
#2700,#2701,#2702,#2703,#2704,#2705,#2706));
#406=EDGE_LOOP('',(#2707,#2708,#2709,#2710,#2711,#2712,#2713,#2714,#2715,
#2716,#2717,#2718,#2719,#2720,#2721,#2722));
#407=EDGE_LOOP('',(#2723,#2724,#2725,#2726));
#408=EDGE_LOOP('',(#2727,#2728,#2729,#2730,#2731,#2732,#2733,#2734,#2735,
#2736,#2737,#2738,#2739,#2740,#2741,#2742,#2743,#2744,#2745,#2746,#2747,
#2748,#2749,#2750,#2751,#2752,#2753,#2754));
#409=EDGE_LOOP('',(#2755,#2756,#2757,#2758));
#410=EDGE_LOOP('',(#2759,#2760,#2761,#2762));
#411=EDGE_LOOP('',(#2763,#2764,#2765,#2766));
#412=EDGE_LOOP('',(#2767,#2768,#2769,#2770));
#413=EDGE_LOOP('',(#2771,#2772,#2773,#2774));
#414=EDGE_LOOP('',(#2775,#2776,#2777,#2778));
#415=EDGE_LOOP('',(#2779,#2780,#2781,#2782));
#416=EDGE_LOOP('',(#2783,#2784,#2785,#2786));
#417=EDGE_LOOP('',(#2787,#2788,#2789,#2790));
#418=EDGE_LOOP('',(#2791,#2792,#2793,#2794));
#419=EDGE_LOOP('',(#2795,#2796,#2797,#2798));
#420=EDGE_LOOP('',(#2799,#2800,#2801,#2802));
#421=EDGE_LOOP('',(#2803,#2804,#2805,#2806));
#422=EDGE_LOOP('',(#2807,#2808,#2809,#2810));
#423=EDGE_LOOP('',(#2811,#2812,#2813,#2814));
#424=EDGE_LOOP('',(#2815,#2816,#2817,#2818));
#425=EDGE_LOOP('',(#2819,#2820,#2821,#2822));
#426=EDGE_LOOP('',(#2823,#2824,#2825,#2826));
#427=EDGE_LOOP('',(#2827,#2828,#2829,#2830));
#428=EDGE_LOOP('',(#2831,#2832,#2833,#2834));
#429=EDGE_LOOP('',(#2835,#2836,#2837,#2838));
#430=EDGE_LOOP('',(#2839,#2840,#2841,#2842));
#431=EDGE_LOOP('',(#2843,#2844,#2845,#2846));
#432=EDGE_LOOP('',(#2847,#2848,#2849,#2850));
#433=EDGE_LOOP('',(#2851,#2852,#2853,#2854));
#434=EDGE_LOOP('',(#2855,#2856,#2857,#2858));
#435=EDGE_LOOP('',(#2859,#2860,#2861,#2862));
#436=EDGE_LOOP('',(#2863,#2864,#2865,#2866,#2867,#2868,#2869,#2870,#2871,
#2872,#2873,#2874,#2875,#2876,#2877,#2878,#2879,#2880,#2881,#2882,#2883,
#2884,#2885,#2886,#2887,#2888,#2889,#2890));
#437=EDGE_LOOP('',(#2891,#2892,#2893,#2894));
#438=EDGE_LOOP('',(#2895,#2896,#2897,#2898));
#439=EDGE_LOOP('',(#2899,#2900,#2901,#2902));
#440=EDGE_LOOP('',(#2903,#2904,#2905,#2906));
#441=EDGE_LOOP('',(#2907,#2908,#2909,#2910));
#442=EDGE_LOOP('',(#2911,#2912,#2913,#2914));
#443=EDGE_LOOP('',(#2915,#2916,#2917,#2918));
#444=EDGE_LOOP('',(#2919,#2920,#2921,#2922));
#445=EDGE_LOOP('',(#2923,#2924,#2925,#2926));
#446=EDGE_LOOP('',(#2927,#2928,#2929,#2930));
#447=EDGE_LOOP('',(#2931,#2932,#2933,#2934));
#448=EDGE_LOOP('',(#2935,#2936,#2937,#2938));
#449=EDGE_LOOP('',(#2939,#2940,#2941,#2942));
#450=EDGE_LOOP('',(#2943,#2944,#2945,#2946));
#451=EDGE_LOOP('',(#2947,#2948,#2949,#2950));
#452=EDGE_LOOP('',(#2951,#2952,#2953,#2954));
#453=EDGE_LOOP('',(#2955,#2956,#2957,#2958));
#454=EDGE_LOOP('',(#2959,#2960,#2961,#2962));
#455=EDGE_LOOP('',(#2963,#2964,#2965,#2966));
#456=EDGE_LOOP('',(#2967,#2968,#2969,#2970));
#457=EDGE_LOOP('',(#2971,#2972,#2973,#2974));
#458=EDGE_LOOP('',(#2975,#2976,#2977,#2978));
#459=EDGE_LOOP('',(#2979,#2980,#2981,#2982,#2983,#2984,#2985,#2986,#2987,
#2988));
#460=EDGE_LOOP('',(#2989,#2990,#2991,#2992,#2993,#2994,#2995,#2996,#2997,
#2998));
#461=EDGE_LOOP('',(#2999,#3000,#3001,#3002));
#462=EDGE_LOOP('',(#3003,#3004,#3005,#3006));
#463=EDGE_LOOP('',(#3007,#3008,#3009,#3010));
#464=EDGE_LOOP('',(#3011,#3012,#3013,#3014));
#465=EDGE_LOOP('',(#3015,#3016,#3017,#3018));
#466=EDGE_LOOP('',(#3019,#3020,#3021,#3022));
#467=EDGE_LOOP('',(#3023,#3024,#3025,#3026));
#468=EDGE_LOOP('',(#3027,#3028,#3029,#3030));
#469=EDGE_LOOP('',(#3031,#3032,#3033,#3034));
#470=EDGE_LOOP('',(#3035,#3036,#3037,#3038));
#471=EDGE_LOOP('',(#3039,#3040,#3041,#3042));
#472=EDGE_LOOP('',(#3043,#3044,#3045,#3046));
#473=EDGE_LOOP('',(#3047,#3048,#3049,#3050));
#474=EDGE_LOOP('',(#3051,#3052,#3053,#3054,#3055,#3056,#3057,#3058,#3059));
#475=EDGE_LOOP('',(#3060,#3061,#3062,#3063));
#476=EDGE_LOOP('',(#3064,#3065,#3066,#3067,#3068,#3069,#3070,#3071,#3072));
#477=EDGE_LOOP('',(#3073,#3074,#3075,#3076));
#478=EDGE_LOOP('',(#3077,#3078,#3079,#3080));
#479=EDGE_LOOP('',(#3081,#3082,#3083,#3084));
#480=EDGE_LOOP('',(#3085,#3086,#3087,#3088));
#481=EDGE_LOOP('',(#3089,#3090,#3091,#3092));
#482=EDGE_LOOP('',(#3093,#3094,#3095,#3096));
#483=EDGE_LOOP('',(#3097,#3098,#3099,#3100));
#484=EDGE_LOOP('',(#3101,#3102,#3103,#3104));
#485=EDGE_LOOP('',(#3105,#3106,#3107,#3108));
#486=EDGE_LOOP('',(#3109,#3110,#3111,#3112));
#487=EDGE_LOOP('',(#3113,#3114,#3115,#3116));
#488=EDGE_LOOP('',(#3117,#3118,#3119,#3120,#3121,#3122,#3123,#3124,#3125,
#3126));
#489=EDGE_LOOP('',(#3127,#3128,#3129,#3130,#3131,#3132,#3133,#3134,#3135,
#3136));
#490=EDGE_LOOP('',(#3137,#3138,#3139,#3140));
#491=EDGE_LOOP('',(#3141,#3142,#3143,#3144));
#492=EDGE_LOOP('',(#3145,#3146,#3147,#3148));
#493=EDGE_LOOP('',(#3149,#3150,#3151,#3152));
#494=EDGE_LOOP('',(#3153,#3154,#3155,#3156));
#495=EDGE_LOOP('',(#3157,#3158,#3159,#3160));
#496=EDGE_LOOP('',(#3161,#3162,#3163,#3164));
#497=EDGE_LOOP('',(#3165,#3166,#3167,#3168));
#498=EDGE_LOOP('',(#3169,#3170,#3171,#3172));
#499=EDGE_LOOP('',(#3173,#3174,#3175,#3176));
#500=EDGE_LOOP('',(#3177,#3178,#3179,#3180));
#501=EDGE_LOOP('',(#3181,#3182,#3183,#3184));
#502=EDGE_LOOP('',(#3185,#3186,#3187,#3188));
#503=EDGE_LOOP('',(#3189,#3190,#3191,#3192));
#504=EDGE_LOOP('',(#3193,#3194,#3195,#3196));
#505=EDGE_LOOP('',(#3197,#3198,#3199,#3200));
#506=EDGE_LOOP('',(#3201,#3202,#3203,#3204,#3205,#3206,#3207,#3208,#3209,
#3210));
#507=EDGE_LOOP('',(#3211,#3212,#3213,#3214,#3215,#3216,#3217,#3218,#3219,
#3220));
#508=EDGE_LOOP('',(#3221,#3222,#3223,#3224));
#509=EDGE_LOOP('',(#3225,#3226,#3227,#3228));
#510=EDGE_LOOP('',(#3229,#3230,#3231,#3232));
#511=EDGE_LOOP('',(#3233,#3234,#3235,#3236));
#512=EDGE_LOOP('',(#3237,#3238,#3239,#3240));
#513=EDGE_LOOP('',(#3241,#3242,#3243,#3244));
#514=EDGE_LOOP('',(#3245,#3246,#3247,#3248));
#515=EDGE_LOOP('',(#3249,#3250,#3251,#3252));
#516=EDGE_LOOP('',(#3253,#3254,#3255,#3256));
#517=EDGE_LOOP('',(#3257,#3258,#3259,#3260));
#518=EDGE_LOOP('',(#3261,#3262,#3263,#3264));
#519=EDGE_LOOP('',(#3265,#3266,#3267,#3268));
#520=EDGE_LOOP('',(#3269,#3270,#3271,#3272));
#521=EDGE_LOOP('',(#3273,#3274,#3275,#3276));
#522=EDGE_LOOP('',(#3277,#3278,#3279,#3280,#3281,#3282,#3283,#3284,#3285,
#3286,#3287,#3288,#3289,#3290));
#523=EDGE_LOOP('',(#3291,#3292,#3293,#3294,#3295,#3296,#3297,#3298,#3299,
#3300,#3301,#3302,#3303,#3304));
#524=EDGE_LOOP('',(#3305));
#525=EDGE_LOOP('',(#3306));
#526=EDGE_LOOP('',(#3307));
#527=EDGE_LOOP('',(#3308));
#528=EDGE_LOOP('',(#3309,#3310,#3311,#3312));
#529=EDGE_LOOP('',(#3313,#3314,#3315,#3316));
#530=EDGE_LOOP('',(#3317,#3318,#3319,#3320));
#531=EDGE_LOOP('',(#3321,#3322,#3323,#3324));
#532=EDGE_LOOP('',(#3325,#3326,#3327,#3328));
#533=EDGE_LOOP('',(#3329,#3330,#3331,#3332));
#534=EDGE_LOOP('',(#3333,#3334,#3335,#3336));
#535=EDGE_LOOP('',(#3337,#3338,#3339,#3340));
#536=EDGE_LOOP('',(#3341,#3342,#3343,#3344));
#537=EDGE_LOOP('',(#3345,#3346,#3347,#3348));
#538=EDGE_LOOP('',(#3349,#3350,#3351,#3352));
#539=EDGE_LOOP('',(#3353,#3354,#3355,#3356));
#540=EDGE_LOOP('',(#3357,#3358,#3359,#3360));
#541=EDGE_LOOP('',(#3361,#3362,#3363,#3364));
#542=EDGE_LOOP('',(#3365,#3366,#3367,#3368));
#543=EDGE_LOOP('',(#3369,#3370,#3371,#3372));
#544=EDGE_LOOP('',(#3373,#3374,#3375,#3376,#3377,#3378,#3379,#3380,#3381,
#3382));
#545=EDGE_LOOP('',(#3383,#3384,#3385,#3386,#3387,#3388,#3389,#3390,#3391,
#3392));
#546=EDGE_LOOP('',(#3393,#3394,#3395,#3396));
#547=EDGE_LOOP('',(#3397,#3398,#3399,#3400));
#548=EDGE_LOOP('',(#3401,#3402,#3403,#3404));
#549=EDGE_LOOP('',(#3405,#3406,#3407,#3408));
#550=EDGE_LOOP('',(#3409,#3410,#3411,#3412));
#551=EDGE_LOOP('',(#3413,#3414,#3415,#3416));
#552=EDGE_LOOP('',(#3417));
#553=EDGE_LOOP('',(#3418));
#554=EDGE_LOOP('',(#3419));
#555=EDGE_LOOP('',(#3420));
#556=LINE('',#4926,#1029);
#557=LINE('',#4928,#1030);
#558=LINE('',#4930,#1031);
#559=LINE('',#4931,#1032);
#560=LINE('',#4935,#1033);
#561=LINE('',#4936,#1034);
#562=LINE('',#4937,#1035);
#563=LINE('',#4940,#1036);
#564=LINE('',#4941,#1037);
#565=LINE('',#4944,#1038);
#566=LINE('',#4945,#1039);
#567=LINE('',#4947,#1040);
#568=LINE('',#4952,#1041);
#569=LINE('',#4954,#1042);
#570=LINE('',#4956,#1043);
#571=LINE('',#4957,#1044);
#572=LINE('',#4960,#1045);
#573=LINE('',#4962,#1046);
#574=LINE('',#4963,#1047);
#575=LINE('',#4966,#1048);
#576=LINE('',#4968,#1049);
#577=LINE('',#4969,#1050);
#578=LINE('',#4972,#1051);
#579=LINE('',#4974,#1052);
#580=LINE('',#4975,#1053);
#581=LINE('',#4978,#1054);
#582=LINE('',#4980,#1055);
#583=LINE('',#4981,#1056);
#584=LINE('',#4984,#1057);
#585=LINE('',#4986,#1058);
#586=LINE('',#4987,#1059);
#587=LINE('',#4990,#1060);
#588=LINE('',#4992,#1061);
#589=LINE('',#4993,#1062);
#590=LINE('',#4996,#1063);
#591=LINE('',#4998,#1064);
#592=LINE('',#4999,#1065);
#593=LINE('',#5002,#1066);
#594=LINE('',#5004,#1067);
#595=LINE('',#5005,#1068);
#596=LINE('',#5008,#1069);
#597=LINE('',#5010,#1070);
#598=LINE('',#5011,#1071);
#599=LINE('',#5014,#1072);
#600=LINE('',#5016,#1073);
#601=LINE('',#5017,#1074);
#602=LINE('',#5020,#1075);
#603=LINE('',#5022,#1076);
#604=LINE('',#5023,#1077);
#605=LINE('',#5026,#1078);
#606=LINE('',#5028,#1079);
#607=LINE('',#5029,#1080);
#608=LINE('',#5032,#1081);
#609=LINE('',#5034,#1082);
#610=LINE('',#5035,#1083);
#611=LINE('',#5038,#1084);
#612=LINE('',#5040,#1085);
#613=LINE('',#5041,#1086);
#614=LINE('',#5044,#1087);
#615=LINE('',#5046,#1088);
#616=LINE('',#5047,#1089);
#617=LINE('',#5050,#1090);
#618=LINE('',#5052,#1091);
#619=LINE('',#5053,#1092);
#620=LINE('',#5056,#1093);
#621=LINE('',#5058,#1094);
#622=LINE('',#5059,#1095);
#623=LINE('',#5062,#1096);
#624=LINE('',#5064,#1097);
#625=LINE('',#5065,#1098);
#626=LINE('',#5068,#1099);
#627=LINE('',#5070,#1100);
#628=LINE('',#5071,#1101);
#629=LINE('',#5074,#1102);
#630=LINE('',#5076,#1103);
#631=LINE('',#5077,#1104);
#632=LINE('',#5080,#1105);
#633=LINE('',#5082,#1106);
#634=LINE('',#5083,#1107);
#635=LINE('',#5086,#1108);
#636=LINE('',#5088,#1109);
#637=LINE('',#5089,#1110);
#638=LINE('',#5092,#1111);
#639=LINE('',#5094,#1112);
#640=LINE('',#5095,#1113);
#641=LINE('',#5098,#1114);
#642=LINE('',#5100,#1115);
#643=LINE('',#5101,#1116);
#644=LINE('',#5104,#1117);
#645=LINE('',#5106,#1118);
#646=LINE('',#5107,#1119);
#647=LINE('',#5110,#1120);
#648=LINE('',#5112,#1121);
#649=LINE('',#5113,#1122);
#650=LINE('',#5116,#1123);
#651=LINE('',#5118,#1124);
#652=LINE('',#5119,#1125);
#653=LINE('',#5122,#1126);
#654=LINE('',#5124,#1127);
#655=LINE('',#5125,#1128);
#656=LINE('',#5127,#1129);
#657=LINE('',#5128,#1130);
#658=LINE('',#5134,#1131);
#659=LINE('',#5136,#1132);
#660=LINE('',#5138,#1133);
#661=LINE('',#5139,#1134);
#662=LINE('',#5142,#1135);
#663=LINE('',#5144,#1136);
#664=LINE('',#5145,#1137);
#665=LINE('',#5148,#1138);
#666=LINE('',#5150,#1139);
#667=LINE('',#5151,#1140);
#668=LINE('',#5154,#1141);
#669=LINE('',#5156,#1142);
#670=LINE('',#5157,#1143);
#671=LINE('',#5160,#1144);
#672=LINE('',#5162,#1145);
#673=LINE('',#5163,#1146);
#674=LINE('',#5166,#1147);
#675=LINE('',#5168,#1148);
#676=LINE('',#5169,#1149);
#677=LINE('',#5172,#1150);
#678=LINE('',#5174,#1151);
#679=LINE('',#5175,#1152);
#680=LINE('',#5177,#1153);
#681=LINE('',#5178,#1154);
#682=LINE('',#5184,#1155);
#683=LINE('',#5186,#1156);
#684=LINE('',#5188,#1157);
#685=LINE('',#5189,#1158);
#686=LINE('',#5192,#1159);
#687=LINE('',#5194,#1160);
#688=LINE('',#5195,#1161);
#689=LINE('',#5198,#1162);
#690=LINE('',#5200,#1163);
#691=LINE('',#5201,#1164);
#692=LINE('',#5204,#1165);
#693=LINE('',#5206,#1166);
#694=LINE('',#5207,#1167);
#695=LINE('',#5210,#1168);
#696=LINE('',#5212,#1169);
#697=LINE('',#5213,#1170);
#698=LINE('',#5216,#1171);
#699=LINE('',#5218,#1172);
#700=LINE('',#5219,#1173);
#701=LINE('',#5222,#1174);
#702=LINE('',#5224,#1175);
#703=LINE('',#5225,#1176);
#704=LINE('',#5228,#1177);
#705=LINE('',#5230,#1178);
#706=LINE('',#5231,#1179);
#707=LINE('',#5234,#1180);
#708=LINE('',#5236,#1181);
#709=LINE('',#5237,#1182);
#710=LINE('',#5240,#1183);
#711=LINE('',#5242,#1184);
#712=LINE('',#5243,#1185);
#713=LINE('',#5246,#1186);
#714=LINE('',#5248,#1187);
#715=LINE('',#5249,#1188);
#716=LINE('',#5252,#1189);
#717=LINE('',#5254,#1190);
#718=LINE('',#5255,#1191);
#719=LINE('',#5258,#1192);
#720=LINE('',#5260,#1193);
#721=LINE('',#5261,#1194);
#722=LINE('',#5264,#1195);
#723=LINE('',#5266,#1196);
#724=LINE('',#5267,#1197);
#725=LINE('',#5270,#1198);
#726=LINE('',#5272,#1199);
#727=LINE('',#5273,#1200);
#728=LINE('',#5275,#1201);
#729=LINE('',#5276,#1202);
#730=LINE('',#5282,#1203);
#731=LINE('',#5284,#1204);
#732=LINE('',#5286,#1205);
#733=LINE('',#5287,#1206);
#734=LINE('',#5290,#1207);
#735=LINE('',#5294,#1208);
#736=LINE('',#5298,#1209);
#737=LINE('',#5300,#1210);
#738=LINE('',#5302,#1211);
#739=LINE('',#5304,#1212);
#740=LINE('',#5306,#1213);
#741=LINE('',#5308,#1214);
#742=LINE('',#5310,#1215);
#743=LINE('',#5312,#1216);
#744=LINE('',#5314,#1217);
#745=LINE('',#5316,#1218);
#746=LINE('',#5318,#1219);
#747=LINE('',#5320,#1220);
#748=LINE('',#5322,#1221);
#749=LINE('',#5324,#1222);
#750=LINE('',#5326,#1223);
#751=LINE('',#5328,#1224);
#752=LINE('',#5330,#1225);
#753=LINE('',#5332,#1226);
#754=LINE('',#5334,#1227);
#755=LINE('',#5336,#1228);
#756=LINE('',#5338,#1229);
#757=LINE('',#5341,#1230);
#758=LINE('',#5344,#1231);
#759=LINE('',#5345,#1232);
#760=LINE('',#5349,#1233);
#761=LINE('',#5350,#1234);
#762=LINE('',#5351,#1235);
#763=LINE('',#5354,#1236);
#764=LINE('',#5355,#1237);
#765=LINE('',#5358,#1238);
#766=LINE('',#5359,#1239);
#767=LINE('',#5362,#1240);
#768=LINE('',#5363,#1241);
#769=LINE('',#5366,#1242);
#770=LINE('',#5367,#1243);
#771=LINE('',#5370,#1244);
#772=LINE('',#5371,#1245);
#773=LINE('',#5375,#1246);
#774=LINE('',#5378,#1247);
#775=LINE('',#5379,#1248);
#776=LINE('',#5386,#1249);
#777=LINE('',#5387,#1250);
#778=LINE('',#5390,#1251);
#779=LINE('',#5391,#1252);
#780=LINE('',#5394,#1253);
#781=LINE('',#5395,#1254);
#782=LINE('',#5398,#1255);
#783=LINE('',#5399,#1256);
#784=LINE('',#5402,#1257);
#785=LINE('',#5403,#1258);
#786=LINE('',#5406,#1259);
#787=LINE('',#5407,#1260);
#788=LINE('',#5410,#1261);
#789=LINE('',#5411,#1262);
#790=LINE('',#5414,#1263);
#791=LINE('',#5415,#1264);
#792=LINE('',#5418,#1265);
#793=LINE('',#5419,#1266);
#794=LINE('',#5422,#1267);
#795=LINE('',#5423,#1268);
#796=LINE('',#5426,#1269);
#797=LINE('',#5427,#1270);
#798=LINE('',#5430,#1271);
#799=LINE('',#5431,#1272);
#800=LINE('',#5434,#1273);
#801=LINE('',#5435,#1274);
#802=LINE('',#5438,#1275);
#803=LINE('',#5439,#1276);
#804=LINE('',#5442,#1277);
#805=LINE('',#5443,#1278);
#806=LINE('',#5445,#1279);
#807=LINE('',#5447,#1280);
#808=LINE('',#5452,#1281);
#809=LINE('',#5454,#1282);
#810=LINE('',#5456,#1283);
#811=LINE('',#5457,#1284);
#812=LINE('',#5481,#1285);
#813=LINE('',#5491,#1286);
#814=LINE('',#5493,#1287);
#815=LINE('',#5494,#1288);
#816=LINE('',#5522,#1289);
#817=LINE('',#5524,#1290);
#818=LINE('',#5526,#1291);
#819=LINE('',#5527,#1292);
#820=LINE('',#5558,#1293);
#821=LINE('',#5561,#1294);
#822=LINE('',#5563,#1295);
#823=LINE('',#5564,#1296);
#824=LINE('',#5602,#1297);
#825=LINE('',#5604,#1298);
#826=LINE('',#5606,#1299);
#827=LINE('',#5607,#1300);
#828=LINE('',#5610,#1301);
#829=LINE('',#5612,#1302);
#830=LINE('',#5613,#1303);
#831=LINE('',#5632,#1304);
#832=LINE('',#5635,#1305);
#833=LINE('',#5637,#1306);
#834=LINE('',#5638,#1307);
#835=LINE('',#5641,#1308);
#836=LINE('',#5643,#1309);
#837=LINE('',#5644,#1310);
#838=LINE('',#5647,#1311);
#839=LINE('',#5649,#1312);
#840=LINE('',#5650,#1313);
#841=LINE('',#5653,#1314);
#842=LINE('',#5655,#1315);
#843=LINE('',#5656,#1316);
#844=LINE('',#5659,#1317);
#845=LINE('',#5661,#1318);
#846=LINE('',#5662,#1319);
#847=LINE('',#5685,#1320);
#848=LINE('',#5687,#1321);
#849=LINE('',#5688,#1322);
#850=LINE('',#5694,#1323);
#851=LINE('',#5696,#1324);
#852=LINE('',#5698,#1325);
#853=LINE('',#5699,#1326);
#854=LINE('',#5720,#1327);
#855=LINE('',#5729,#1328);
#856=LINE('',#5731,#1329);
#857=LINE('',#5732,#1330);
#858=LINE('',#5734,#1331);
#859=LINE('',#5735,#1332);
#860=LINE('',#5757,#1333);
#861=LINE('',#5765,#1334);
#862=LINE('',#5768,#1335);
#863=LINE('',#5770,#1336);
#864=LINE('',#5771,#1337);
#865=LINE('',#5774,#1338);
#866=LINE('',#5776,#1339);
#867=LINE('',#5777,#1340);
#868=LINE('',#5808,#1341);
#869=LINE('',#5811,#1342);
#870=LINE('',#5813,#1343);
#871=LINE('',#5814,#1344);
#872=LINE('',#5849,#1345);
#873=LINE('',#5852,#1346);
#874=LINE('',#5854,#1347);
#875=LINE('',#5855,#1348);
#876=LINE('',#5858,#1349);
#877=LINE('',#5860,#1350);
#878=LINE('',#5861,#1351);
#879=LINE('',#5863,#1352);
#880=LINE('',#5864,#1353);
#881=LINE('',#5870,#1354);
#882=LINE('',#5872,#1355);
#883=LINE('',#5874,#1356);
#884=LINE('',#5875,#1357);
#885=LINE('',#5898,#1358);
#886=LINE('',#5901,#1359);
#887=LINE('',#5903,#1360);
#888=LINE('',#5904,#1361);
#889=LINE('',#5907,#1362);
#890=LINE('',#5909,#1363);
#891=LINE('',#5910,#1364);
#892=LINE('',#5913,#1365);
#893=LINE('',#5915,#1366);
#894=LINE('',#5916,#1367);
#895=LINE('',#5935,#1368);
#896=LINE('',#5938,#1369);
#897=LINE('',#5940,#1370);
#898=LINE('',#5941,#1371);
#899=LINE('',#5944,#1372);
#900=LINE('',#5946,#1373);
#901=LINE('',#5947,#1374);
#902=LINE('',#5950,#1375);
#903=LINE('',#5952,#1376);
#904=LINE('',#5953,#1377);
#905=LINE('',#5955,#1378);
#906=LINE('',#5956,#1379);
#907=LINE('',#5962,#1380);
#908=LINE('',#5964,#1381);
#909=LINE('',#5966,#1382);
#910=LINE('',#5967,#1383);
#911=LINE('',#5970,#1384);
#912=LINE('',#5972,#1385);
#913=LINE('',#5973,#1386);
#914=LINE('',#5976,#1387);
#915=LINE('',#5978,#1388);
#916=LINE('',#5979,#1389);
#917=LINE('',#5981,#1390);
#918=LINE('',#5982,#1391);
#919=LINE('',#5988,#1392);
#920=LINE('',#5990,#1393);
#921=LINE('',#5992,#1394);
#922=LINE('',#5993,#1395);
#923=LINE('',#5996,#1396);
#924=LINE('',#5998,#1397);
#925=LINE('',#5999,#1398);
#926=LINE('',#6022,#1399);
#927=LINE('',#6025,#1400);
#928=LINE('',#6027,#1401);
#929=LINE('',#6028,#1402);
#930=LINE('',#6031,#1403);
#931=LINE('',#6033,#1404);
#932=LINE('',#6034,#1405);
#933=LINE('',#6037,#1406);
#934=LINE('',#6039,#1407);
#935=LINE('',#6040,#1408);
#936=LINE('',#6059,#1409);
#937=LINE('',#6062,#1410);
#938=LINE('',#6064,#1411);
#939=LINE('',#6065,#1412);
#940=LINE('',#6068,#1413);
#941=LINE('',#6070,#1414);
#942=LINE('',#6071,#1415);
#943=LINE('',#6073,#1416);
#944=LINE('',#6074,#1417);
#945=LINE('',#6080,#1418);
#946=LINE('',#6082,#1419);
#947=LINE('',#6084,#1420);
#948=LINE('',#6085,#1421);
#949=LINE('',#6088,#1422);
#950=LINE('',#6090,#1423);
#951=LINE('',#6091,#1424);
#952=LINE('',#6094,#1425);
#953=LINE('',#6096,#1426);
#954=LINE('',#6097,#1427);
#955=LINE('',#6100,#1428);
#956=LINE('',#6102,#1429);
#957=LINE('',#6103,#1430);
#958=LINE('',#6106,#1431);
#959=LINE('',#6108,#1432);
#960=LINE('',#6109,#1433);
#961=LINE('',#6112,#1434);
#962=LINE('',#6114,#1435);
#963=LINE('',#6115,#1436);
#964=LINE('',#6118,#1437);
#965=LINE('',#6120,#1438);
#966=LINE('',#6121,#1439);
#967=LINE('',#6124,#1440);
#968=LINE('',#6126,#1441);
#969=LINE('',#6127,#1442);
#970=LINE('',#6130,#1443);
#971=LINE('',#6132,#1444);
#972=LINE('',#6133,#1445);
#973=LINE('',#6152,#1446);
#974=LINE('',#6155,#1447);
#975=LINE('',#6157,#1448);
#976=LINE('',#6158,#1449);
#977=LINE('',#6177,#1450);
#978=LINE('',#6180,#1451);
#979=LINE('',#6182,#1452);
#980=LINE('',#6183,#1453);
#981=LINE('',#6185,#1454);
#982=LINE('',#6186,#1455);
#983=LINE('',#6199,#1456);
#984=LINE('',#6201,#1457);
#985=LINE('',#6203,#1458);
#986=LINE('',#6204,#1459);
#987=LINE('',#6207,#1460);
#988=LINE('',#6209,#1461);
#989=LINE('',#6210,#1462);
#990=LINE('',#6213,#1463);
#991=LINE('',#6215,#1464);
#992=LINE('',#6216,#1465);
#993=LINE('',#6218,#1466);
#994=LINE('',#6219,#1467);
#995=LINE('',#6225,#1468);
#996=LINE('',#6227,#1469);
#997=LINE('',#6229,#1470);
#998=LINE('',#6230,#1471);
#999=LINE('',#6236,#1472);
#1000=LINE('',#6239,#1473);
#1001=LINE('',#6241,#1474);
#1002=LINE('',#6242,#1475);
#1003=LINE('',#6281,#1476);
#1004=LINE('',#6284,#1477);
#1005=LINE('',#6286,#1478);
#1006=LINE('',#6287,#1479);
#1007=LINE('',#6318,#1480);
#1008=LINE('',#6321,#1481);
#1009=LINE('',#6323,#1482);
#1010=LINE('',#6324,#1483);
#1011=LINE('',#6330,#1484);
#1012=LINE('',#6333,#1485);
#1013=LINE('',#6335,#1486);
#1014=LINE('',#6336,#1487);
#1015=LINE('',#6338,#1488);
#1016=LINE('',#6339,#1489);
#1017=LINE('',#6345,#1490);
#1018=LINE('',#6347,#1491);
#1019=LINE('',#6349,#1492);
#1020=LINE('',#6350,#1493);
#1021=LINE('',#6353,#1494);
#1022=LINE('',#6355,#1495);
#1023=LINE('',#6356,#1496);
#1024=LINE('',#6359,#1497);
#1025=LINE('',#6361,#1498);
#1026=LINE('',#6362,#1499);
#1027=LINE('',#6364,#1500);
#1028=LINE('',#6365,#1501);
#1029=VECTOR('',#4041,1.);
#1030=VECTOR('',#4042,1.);
#1031=VECTOR('',#4043,1.);
#1032=VECTOR('',#4044,1.);
#1033=VECTOR('',#4047,1.);
#1034=VECTOR('',#4048,1.);
#1035=VECTOR('',#4049,1.);
#1036=VECTOR('',#4052,1.);
#1037=VECTOR('',#4053,1.);
#1038=VECTOR('',#4056,1.);
#1039=VECTOR('',#4057,1.);
#1040=VECTOR('',#4060,1.);
#1041=VECTOR('',#4065,1.);
#1042=VECTOR('',#4066,1.);
#1043=VECTOR('',#4067,1.);
#1044=VECTOR('',#4068,1.);
#1045=VECTOR('',#4071,1.);
#1046=VECTOR('',#4072,1.);
#1047=VECTOR('',#4073,1.);
#1048=VECTOR('',#4076,1.);
#1049=VECTOR('',#4077,1.);
#1050=VECTOR('',#4078,1.);
#1051=VECTOR('',#4081,1.);
#1052=VECTOR('',#4082,1.);
#1053=VECTOR('',#4083,1.);
#1054=VECTOR('',#4086,1.);
#1055=VECTOR('',#4087,1.);
#1056=VECTOR('',#4088,1.);
#1057=VECTOR('',#4091,1.);
#1058=VECTOR('',#4092,1.);
#1059=VECTOR('',#4093,1.);
#1060=VECTOR('',#4096,1.);
#1061=VECTOR('',#4097,1.);
#1062=VECTOR('',#4098,1.);
#1063=VECTOR('',#4101,1.);
#1064=VECTOR('',#4102,1.);
#1065=VECTOR('',#4103,1.);
#1066=VECTOR('',#4106,1.);
#1067=VECTOR('',#4107,1.);
#1068=VECTOR('',#4108,1.);
#1069=VECTOR('',#4111,1.);
#1070=VECTOR('',#4112,1.);
#1071=VECTOR('',#4113,1.);
#1072=VECTOR('',#4116,1.);
#1073=VECTOR('',#4117,1.);
#1074=VECTOR('',#4118,1.);
#1075=VECTOR('',#4121,1.);
#1076=VECTOR('',#4122,1.);
#1077=VECTOR('',#4123,1.);
#1078=VECTOR('',#4126,1.);
#1079=VECTOR('',#4127,1.);
#1080=VECTOR('',#4128,1.);
#1081=VECTOR('',#4131,1.);
#1082=VECTOR('',#4132,1.);
#1083=VECTOR('',#4133,1.);
#1084=VECTOR('',#4136,1.);
#1085=VECTOR('',#4137,1.);
#1086=VECTOR('',#4138,1.);
#1087=VECTOR('',#4141,1.);
#1088=VECTOR('',#4142,1.);
#1089=VECTOR('',#4143,1.);
#1090=VECTOR('',#4146,1.);
#1091=VECTOR('',#4147,1.);
#1092=VECTOR('',#4148,1.);
#1093=VECTOR('',#4151,1.);
#1094=VECTOR('',#4152,1.);
#1095=VECTOR('',#4153,1.);
#1096=VECTOR('',#4156,1.);
#1097=VECTOR('',#4157,1.);
#1098=VECTOR('',#4158,1.);
#1099=VECTOR('',#4161,1.);
#1100=VECTOR('',#4162,1.);
#1101=VECTOR('',#4163,1.);
#1102=VECTOR('',#4166,1.);
#1103=VECTOR('',#4167,1.);
#1104=VECTOR('',#4168,1.);
#1105=VECTOR('',#4171,1.);
#1106=VECTOR('',#4172,1.);
#1107=VECTOR('',#4173,1.);
#1108=VECTOR('',#4176,1.);
#1109=VECTOR('',#4177,1.);
#1110=VECTOR('',#4178,1.);
#1111=VECTOR('',#4181,1.);
#1112=VECTOR('',#4182,1.);
#1113=VECTOR('',#4183,1.);
#1114=VECTOR('',#4186,1.);
#1115=VECTOR('',#4187,1.);
#1116=VECTOR('',#4188,1.);
#1117=VECTOR('',#4191,1.);
#1118=VECTOR('',#4192,1.);
#1119=VECTOR('',#4193,1.);
#1120=VECTOR('',#4196,1.);
#1121=VECTOR('',#4197,1.);
#1122=VECTOR('',#4198,1.);
#1123=VECTOR('',#4201,1.);
#1124=VECTOR('',#4202,1.);
#1125=VECTOR('',#4203,1.);
#1126=VECTOR('',#4206,1.);
#1127=VECTOR('',#4207,1.);
#1128=VECTOR('',#4208,1.);
#1129=VECTOR('',#4211,1.);
#1130=VECTOR('',#4212,1.);
#1131=VECTOR('',#4219,1.);
#1132=VECTOR('',#4220,1.);
#1133=VECTOR('',#4221,1.);
#1134=VECTOR('',#4222,1.);
#1135=VECTOR('',#4225,1.);
#1136=VECTOR('',#4226,1.);
#1137=VECTOR('',#4227,1.);
#1138=VECTOR('',#4230,1.);
#1139=VECTOR('',#4231,1.);
#1140=VECTOR('',#4232,1.);
#1141=VECTOR('',#4235,1.);
#1142=VECTOR('',#4236,1.);
#1143=VECTOR('',#4237,1.);
#1144=VECTOR('',#4240,1.);
#1145=VECTOR('',#4241,1.);
#1146=VECTOR('',#4242,1.);
#1147=VECTOR('',#4245,1.);
#1148=VECTOR('',#4246,1.);
#1149=VECTOR('',#4247,1.);
#1150=VECTOR('',#4250,1.);
#1151=VECTOR('',#4251,1.);
#1152=VECTOR('',#4252,1.);
#1153=VECTOR('',#4255,1.);
#1154=VECTOR('',#4256,1.);
#1155=VECTOR('',#4263,1.);
#1156=VECTOR('',#4264,1.);
#1157=VECTOR('',#4265,1.);
#1158=VECTOR('',#4266,1.);
#1159=VECTOR('',#4269,1.);
#1160=VECTOR('',#4270,1.);
#1161=VECTOR('',#4271,1.);
#1162=VECTOR('',#4274,1.);
#1163=VECTOR('',#4275,1.);
#1164=VECTOR('',#4276,1.);
#1165=VECTOR('',#4279,1.);
#1166=VECTOR('',#4280,1.);
#1167=VECTOR('',#4281,1.);
#1168=VECTOR('',#4284,1.);
#1169=VECTOR('',#4285,1.);
#1170=VECTOR('',#4286,1.);
#1171=VECTOR('',#4289,1.);
#1172=VECTOR('',#4290,1.);
#1173=VECTOR('',#4291,1.);
#1174=VECTOR('',#4294,1.);
#1175=VECTOR('',#4295,1.);
#1176=VECTOR('',#4296,1.);
#1177=VECTOR('',#4299,1.);
#1178=VECTOR('',#4300,1.);
#1179=VECTOR('',#4301,1.);
#1180=VECTOR('',#4304,1.);
#1181=VECTOR('',#4305,1.);
#1182=VECTOR('',#4306,1.);
#1183=VECTOR('',#4309,1.);
#1184=VECTOR('',#4310,1.);
#1185=VECTOR('',#4311,1.);
#1186=VECTOR('',#4314,1.);
#1187=VECTOR('',#4315,1.);
#1188=VECTOR('',#4316,1.);
#1189=VECTOR('',#4319,1.);
#1190=VECTOR('',#4320,1.);
#1191=VECTOR('',#4321,1.);
#1192=VECTOR('',#4324,1.);
#1193=VECTOR('',#4325,1.);
#1194=VECTOR('',#4326,1.);
#1195=VECTOR('',#4329,1.);
#1196=VECTOR('',#4330,1.);
#1197=VECTOR('',#4331,1.);
#1198=VECTOR('',#4334,1.);
#1199=VECTOR('',#4335,1.);
#1200=VECTOR('',#4336,1.);
#1201=VECTOR('',#4339,1.);
#1202=VECTOR('',#4340,1.);
#1203=VECTOR('',#4347,1.);
#1204=VECTOR('',#4348,1.);
#1205=VECTOR('',#4349,1.);
#1206=VECTOR('',#4350,1.);
#1207=VECTOR('',#4353,1.);
#1208=VECTOR('',#4356,1.);
#1209=VECTOR('',#4359,1.);
#1210=VECTOR('',#4360,1.);
#1211=VECTOR('',#4361,1.);
#1212=VECTOR('',#4362,1.);
#1213=VECTOR('',#4363,1.);
#1214=VECTOR('',#4364,1.);
#1215=VECTOR('',#4365,1.);
#1216=VECTOR('',#4366,1.);
#1217=VECTOR('',#4367,1.);
#1218=VECTOR('',#4368,1.);
#1219=VECTOR('',#4369,1.);
#1220=VECTOR('',#4370,1.);
#1221=VECTOR('',#4371,1.);
#1222=VECTOR('',#4372,1.);
#1223=VECTOR('',#4373,1.);
#1224=VECTOR('',#4374,1.);
#1225=VECTOR('',#4375,1.);
#1226=VECTOR('',#4376,1.);
#1227=VECTOR('',#4377,1.);
#1228=VECTOR('',#4378,1.);
#1229=VECTOR('',#4379,1.);
#1230=VECTOR('',#4382,1.);
#1231=VECTOR('',#4385,1.);
#1232=VECTOR('',#4386,1.);
#1233=VECTOR('',#4389,1.);
#1234=VECTOR('',#4390,1.);
#1235=VECTOR('',#4391,1.);
#1236=VECTOR('',#4394,1.);
#1237=VECTOR('',#4395,1.);
#1238=VECTOR('',#4398,1.);
#1239=VECTOR('',#4399,1.);
#1240=VECTOR('',#4402,1.);
#1241=VECTOR('',#4403,1.);
#1242=VECTOR('',#4406,1.);
#1243=VECTOR('',#4407,1.);
#1244=VECTOR('',#4410,1.);
#1245=VECTOR('',#4411,1.);
#1246=VECTOR('',#4416,1.);
#1247=VECTOR('',#4419,1.);
#1248=VECTOR('',#4420,1.);
#1249=VECTOR('',#4429,1.);
#1250=VECTOR('',#4430,1.);
#1251=VECTOR('',#4433,1.);
#1252=VECTOR('',#4434,1.);
#1253=VECTOR('',#4437,1.);
#1254=VECTOR('',#4438,1.);
#1255=VECTOR('',#4441,1.);
#1256=VECTOR('',#4442,1.);
#1257=VECTOR('',#4445,1.);
#1258=VECTOR('',#4446,1.);
#1259=VECTOR('',#4449,1.);
#1260=VECTOR('',#4450,1.);
#1261=VECTOR('',#4453,1.);
#1262=VECTOR('',#4454,1.);
#1263=VECTOR('',#4457,1.);
#1264=VECTOR('',#4458,1.);
#1265=VECTOR('',#4461,1.);
#1266=VECTOR('',#4462,1.);
#1267=VECTOR('',#4465,1.);
#1268=VECTOR('',#4466,1.);
#1269=VECTOR('',#4469,1.);
#1270=VECTOR('',#4470,1.);
#1271=VECTOR('',#4473,1.);
#1272=VECTOR('',#4474,1.);
#1273=VECTOR('',#4477,1.);
#1274=VECTOR('',#4478,1.);
#1275=VECTOR('',#4481,1.);
#1276=VECTOR('',#4482,1.);
#1277=VECTOR('',#4485,1.);
#1278=VECTOR('',#4486,1.);
#1279=VECTOR('',#4489,1.);
#1280=VECTOR('',#4492,1.);
#1281=VECTOR('',#4497,1.);
#1282=VECTOR('',#4498,1.);
#1283=VECTOR('',#4499,1.);
#1284=VECTOR('',#4500,1.);
#1285=VECTOR('',#4501,1.);
#1286=VECTOR('',#4504,1.);
#1287=VECTOR('',#4505,1.);
#1288=VECTOR('',#4506,1.);
#1289=VECTOR('',#4509,1.);
#1290=VECTOR('',#4510,1.);
#1291=VECTOR('',#4511,1.);
#1292=VECTOR('',#4512,1.);
#1293=VECTOR('',#4513,1.);
#1294=VECTOR('',#4516,1.);
#1295=VECTOR('',#4517,1.);
#1296=VECTOR('',#4518,1.);
#1297=VECTOR('',#4525,1.);
#1298=VECTOR('',#4526,1.);
#1299=VECTOR('',#4527,1.);
#1300=VECTOR('',#4528,1.);
#1301=VECTOR('',#4531,1.);
#1302=VECTOR('',#4532,1.);
#1303=VECTOR('',#4533,1.);
#1304=VECTOR('',#4534,1.);
#1305=VECTOR('',#4537,1.);
#1306=VECTOR('',#4538,1.);
#1307=VECTOR('',#4539,1.);
#1308=VECTOR('',#4542,1.);
#1309=VECTOR('',#4543,1.);
#1310=VECTOR('',#4544,1.);
#1311=VECTOR('',#4547,1.);
#1312=VECTOR('',#4548,1.);
#1313=VECTOR('',#4549,1.);
#1314=VECTOR('',#4552,1.);
#1315=VECTOR('',#4553,1.);
#1316=VECTOR('',#4554,1.);
#1317=VECTOR('',#4557,1.);
#1318=VECTOR('',#4558,1.);
#1319=VECTOR('',#4559,1.);
#1320=VECTOR('',#4560,1.);
#1321=VECTOR('',#4563,1.);
#1322=VECTOR('',#4564,1.);
#1323=VECTOR('',#4571,1.);
#1324=VECTOR('',#4572,1.);
#1325=VECTOR('',#4573,1.);
#1326=VECTOR('',#4574,1.);
#1327=VECTOR('',#4575,1.);
#1328=VECTOR('',#4578,1.);
#1329=VECTOR('',#4579,1.);
#1330=VECTOR('',#4580,1.);
#1331=VECTOR('',#4583,1.);
#1332=VECTOR('',#4584,1.);
#1333=VECTOR('',#4585,1.);
#1334=VECTOR('',#4586,1.);
#1335=VECTOR('',#4589,1.);
#1336=VECTOR('',#4590,1.);
#1337=VECTOR('',#4591,1.);
#1338=VECTOR('',#4594,1.);
#1339=VECTOR('',#4595,1.);
#1340=VECTOR('',#4596,1.);
#1341=VECTOR('',#4597,1.);
#1342=VECTOR('',#4600,1.);
#1343=VECTOR('',#4601,1.);
#1344=VECTOR('',#4602,1.);
#1345=VECTOR('',#4603,1.);
#1346=VECTOR('',#4606,1.);
#1347=VECTOR('',#4607,1.);
#1348=VECTOR('',#4608,1.);
#1349=VECTOR('',#4611,1.);
#1350=VECTOR('',#4612,1.);
#1351=VECTOR('',#4613,1.);
#1352=VECTOR('',#4616,1.);
#1353=VECTOR('',#4617,1.);
#1354=VECTOR('',#4624,1.);
#1355=VECTOR('',#4625,1.);
#1356=VECTOR('',#4626,1.);
#1357=VECTOR('',#4627,1.);
#1358=VECTOR('',#4628,1.);
#1359=VECTOR('',#4631,1.);
#1360=VECTOR('',#4632,1.);
#1361=VECTOR('',#4633,1.);
#1362=VECTOR('',#4636,1.);
#1363=VECTOR('',#4637,1.);
#1364=VECTOR('',#4638,1.);
#1365=VECTOR('',#4641,1.);
#1366=VECTOR('',#4642,1.);
#1367=VECTOR('',#4643,1.);
#1368=VECTOR('',#4644,1.);
#1369=VECTOR('',#4647,1.);
#1370=VECTOR('',#4648,1.);
#1371=VECTOR('',#4649,1.);
#1372=VECTOR('',#4652,1.);
#1373=VECTOR('',#4653,1.);
#1374=VECTOR('',#4654,1.);
#1375=VECTOR('',#4657,1.);
#1376=VECTOR('',#4658,1.);
#1377=VECTOR('',#4659,1.);
#1378=VECTOR('',#4662,1.);
#1379=VECTOR('',#4663,1.);
#1380=VECTOR('',#4670,1.);
#1381=VECTOR('',#4671,1.);
#1382=VECTOR('',#4672,1.);
#1383=VECTOR('',#4673,1.);
#1384=VECTOR('',#4676,1.);
#1385=VECTOR('',#4677,1.);
#1386=VECTOR('',#4678,1.);
#1387=VECTOR('',#4681,1.);
#1388=VECTOR('',#4682,1.);
#1389=VECTOR('',#4683,1.);
#1390=VECTOR('',#4686,1.);
#1391=VECTOR('',#4687,1.);
#1392=VECTOR('',#4694,1.);
#1393=VECTOR('',#4695,1.);
#1394=VECTOR('',#4696,1.);
#1395=VECTOR('',#4697,1.);
#1396=VECTOR('',#4700,1.);
#1397=VECTOR('',#4701,1.);
#1398=VECTOR('',#4702,1.);
#1399=VECTOR('',#4703,1.);
#1400=VECTOR('',#4706,1.);
#1401=VECTOR('',#4707,1.);
#1402=VECTOR('',#4708,1.);
#1403=VECTOR('',#4711,1.);
#1404=VECTOR('',#4712,1.);
#1405=VECTOR('',#4713,1.);
#1406=VECTOR('',#4716,1.);
#1407=VECTOR('',#4717,1.);
#1408=VECTOR('',#4718,1.);
#1409=VECTOR('',#4719,1.);
#1410=VECTOR('',#4722,1.);
#1411=VECTOR('',#4723,1.);
#1412=VECTOR('',#4724,1.);
#1413=VECTOR('',#4727,1.);
#1414=VECTOR('',#4728,1.);
#1415=VECTOR('',#4729,1.);
#1416=VECTOR('',#4732,1.);
#1417=VECTOR('',#4733,1.);
#1418=VECTOR('',#4740,1.);
#1419=VECTOR('',#4741,1.);
#1420=VECTOR('',#4742,1.);
#1421=VECTOR('',#4743,1.);
#1422=VECTOR('',#4746,1.);
#1423=VECTOR('',#4747,1.);
#1424=VECTOR('',#4748,1.);
#1425=VECTOR('',#4751,1.);
#1426=VECTOR('',#4752,1.);
#1427=VECTOR('',#4753,1.);
#1428=VECTOR('',#4756,1.);
#1429=VECTOR('',#4757,1.);
#1430=VECTOR('',#4758,1.);
#1431=VECTOR('',#4761,1.);
#1432=VECTOR('',#4762,1.);
#1433=VECTOR('',#4763,1.);
#1434=VECTOR('',#4766,1.);
#1435=VECTOR('',#4767,1.);
#1436=VECTOR('',#4768,1.);
#1437=VECTOR('',#4771,1.);
#1438=VECTOR('',#4772,1.);
#1439=VECTOR('',#4773,1.);
#1440=VECTOR('',#4776,1.);
#1441=VECTOR('',#4777,1.);
#1442=VECTOR('',#4778,1.);
#1443=VECTOR('',#4781,1.);
#1444=VECTOR('',#4782,1.);
#1445=VECTOR('',#4783,1.);
#1446=VECTOR('',#4784,1.);
#1447=VECTOR('',#4787,1.);
#1448=VECTOR('',#4788,1.);
#1449=VECTOR('',#4789,1.);
#1450=VECTOR('',#4790,1.);
#1451=VECTOR('',#4793,1.);
#1452=VECTOR('',#4794,1.);
#1453=VECTOR('',#4795,1.);
#1454=VECTOR('',#4798,1.);
#1455=VECTOR('',#4799,1.);
#1456=VECTOR('',#4816,1.);
#1457=VECTOR('',#4817,1.);
#1458=VECTOR('',#4818,1.);
#1459=VECTOR('',#4819,1.);
#1460=VECTOR('',#4822,1.);
#1461=VECTOR('',#4823,1.);
#1462=VECTOR('',#4824,1.);
#1463=VECTOR('',#4827,1.);
#1464=VECTOR('',#4828,1.);
#1465=VECTOR('',#4829,1.);
#1466=VECTOR('',#4832,1.);
#1467=VECTOR('',#4833,1.);
#1468=VECTOR('',#4840,1.);
#1469=VECTOR('',#4841,1.);
#1470=VECTOR('',#4842,1.);
#1471=VECTOR('',#4843,1.);
#1472=VECTOR('',#4850,1.);
#1473=VECTOR('',#4853,1.);
#1474=VECTOR('',#4854,1.);
#1475=VECTOR('',#4855,1.);
#1476=VECTOR('',#4856,1.);
#1477=VECTOR('',#4859,1.);
#1478=VECTOR('',#4860,1.);
#1479=VECTOR('',#4861,1.);
#1480=VECTOR('',#4862,1.);
#1481=VECTOR('',#4865,1.);
#1482=VECTOR('',#4866,1.);
#1483=VECTOR('',#4867,1.);
#1484=VECTOR('',#4874,1.);
#1485=VECTOR('',#4877,1.);
#1486=VECTOR('',#4878,1.);
#1487=VECTOR('',#4879,1.);
#1488=VECTOR('',#4882,1.);
#1489=VECTOR('',#4883,1.);
#1490=VECTOR('',#4890,1.);
#1491=VECTOR('',#4891,1.);
#1492=VECTOR('',#4892,1.);
#1493=VECTOR('',#4893,1.);
#1494=VECTOR('',#4896,1.);
#1495=VECTOR('',#4897,1.);
#1496=VECTOR('',#4898,1.);
#1497=VECTOR('',#4901,1.);
#1498=VECTOR('',#4902,1.);
#1499=VECTOR('',#4903,1.);
#1500=VECTOR('',#4906,1.);
#1501=VECTOR('',#4907,1.);
#1502=VERTEX_POINT('',#4924);
#1503=VERTEX_POINT('',#4925);
#1504=VERTEX_POINT('',#4927);
#1505=VERTEX_POINT('',#4929);
#1506=VERTEX_POINT('',#4933);
#1507=VERTEX_POINT('',#4934);
#1508=VERTEX_POINT('',#4939);
#1509=VERTEX_POINT('',#4943);
#1510=VERTEX_POINT('',#4950);
#1511=VERTEX_POINT('',#4951);
#1512=VERTEX_POINT('',#4953);
#1513=VERTEX_POINT('',#4955);
#1514=VERTEX_POINT('',#4959);
#1515=VERTEX_POINT('',#4961);
#1516=VERTEX_POINT('',#4965);
#1517=VERTEX_POINT('',#4967);
#1518=VERTEX_POINT('',#4971);
#1519=VERTEX_POINT('',#4973);
#1520=VERTEX_POINT('',#4977);
#1521=VERTEX_POINT('',#4979);
#1522=VERTEX_POINT('',#4983);
#1523=VERTEX_POINT('',#4985);
#1524=VERTEX_POINT('',#4989);
#1525=VERTEX_POINT('',#4991);
#1526=VERTEX_POINT('',#4995);
#1527=VERTEX_POINT('',#4997);
#1528=VERTEX_POINT('',#5001);
#1529=VERTEX_POINT('',#5003);
#1530=VERTEX_POINT('',#5007);
#1531=VERTEX_POINT('',#5009);
#1532=VERTEX_POINT('',#5013);
#1533=VERTEX_POINT('',#5015);
#1534=VERTEX_POINT('',#5019);
#1535=VERTEX_POINT('',#5021);
#1536=VERTEX_POINT('',#5025);
#1537=VERTEX_POINT('',#5027);
#1538=VERTEX_POINT('',#5031);
#1539=VERTEX_POINT('',#5033);
#1540=VERTEX_POINT('',#5037);
#1541=VERTEX_POINT('',#5039);
#1542=VERTEX_POINT('',#5043);
#1543=VERTEX_POINT('',#5045);
#1544=VERTEX_POINT('',#5049);
#1545=VERTEX_POINT('',#5051);
#1546=VERTEX_POINT('',#5055);
#1547=VERTEX_POINT('',#5057);
#1548=VERTEX_POINT('',#5061);
#1549=VERTEX_POINT('',#5063);
#1550=VERTEX_POINT('',#5067);
#1551=VERTEX_POINT('',#5069);
#1552=VERTEX_POINT('',#5073);
#1553=VERTEX_POINT('',#5075);
#1554=VERTEX_POINT('',#5079);
#1555=VERTEX_POINT('',#5081);
#1556=VERTEX_POINT('',#5085);
#1557=VERTEX_POINT('',#5087);
#1558=VERTEX_POINT('',#5091);
#1559=VERTEX_POINT('',#5093);
#1560=VERTEX_POINT('',#5097);
#1561=VERTEX_POINT('',#5099);
#1562=VERTEX_POINT('',#5103);
#1563=VERTEX_POINT('',#5105);
#1564=VERTEX_POINT('',#5109);
#1565=VERTEX_POINT('',#5111);
#1566=VERTEX_POINT('',#5115);
#1567=VERTEX_POINT('',#5117);
#1568=VERTEX_POINT('',#5121);
#1569=VERTEX_POINT('',#5123);
#1570=VERTEX_POINT('',#5132);
#1571=VERTEX_POINT('',#5133);
#1572=VERTEX_POINT('',#5135);
#1573=VERTEX_POINT('',#5137);
#1574=VERTEX_POINT('',#5141);
#1575=VERTEX_POINT('',#5143);
#1576=VERTEX_POINT('',#5147);
#1577=VERTEX_POINT('',#5149);
#1578=VERTEX_POINT('',#5153);
#1579=VERTEX_POINT('',#5155);
#1580=VERTEX_POINT('',#5159);
#1581=VERTEX_POINT('',#5161);
#1582=VERTEX_POINT('',#5165);
#1583=VERTEX_POINT('',#5167);
#1584=VERTEX_POINT('',#5171);
#1585=VERTEX_POINT('',#5173);
#1586=VERTEX_POINT('',#5182);
#1587=VERTEX_POINT('',#5183);
#1588=VERTEX_POINT('',#5185);
#1589=VERTEX_POINT('',#5187);
#1590=VERTEX_POINT('',#5191);
#1591=VERTEX_POINT('',#5193);
#1592=VERTEX_POINT('',#5197);
#1593=VERTEX_POINT('',#5199);
#1594=VERTEX_POINT('',#5203);
#1595=VERTEX_POINT('',#5205);
#1596=VERTEX_POINT('',#5209);
#1597=VERTEX_POINT('',#5211);
#1598=VERTEX_POINT('',#5215);
#1599=VERTEX_POINT('',#5217);
#1600=VERTEX_POINT('',#5221);
#1601=VERTEX_POINT('',#5223);
#1602=VERTEX_POINT('',#5227);
#1603=VERTEX_POINT('',#5229);
#1604=VERTEX_POINT('',#5233);
#1605=VERTEX_POINT('',#5235);
#1606=VERTEX_POINT('',#5239);
#1607=VERTEX_POINT('',#5241);
#1608=VERTEX_POINT('',#5245);
#1609=VERTEX_POINT('',#5247);
#1610=VERTEX_POINT('',#5251);
#1611=VERTEX_POINT('',#5253);
#1612=VERTEX_POINT('',#5257);
#1613=VERTEX_POINT('',#5259);
#1614=VERTEX_POINT('',#5263);
#1615=VERTEX_POINT('',#5265);
#1616=VERTEX_POINT('',#5269);
#1617=VERTEX_POINT('',#5271);
#1618=VERTEX_POINT('',#5280);
#1619=VERTEX_POINT('',#5281);
#1620=VERTEX_POINT('',#5283);
#1621=VERTEX_POINT('',#5285);
#1622=VERTEX_POINT('',#5289);
#1623=VERTEX_POINT('',#5291);
#1624=VERTEX_POINT('',#5293);
#1625=VERTEX_POINT('',#5295);
#1626=VERTEX_POINT('',#5297);
#1627=VERTEX_POINT('',#5299);
#1628=VERTEX_POINT('',#5301);
#1629=VERTEX_POINT('',#5303);
#1630=VERTEX_POINT('',#5305);
#1631=VERTEX_POINT('',#5307);
#1632=VERTEX_POINT('',#5309);
#1633=VERTEX_POINT('',#5311);
#1634=VERTEX_POINT('',#5313);
#1635=VERTEX_POINT('',#5315);
#1636=VERTEX_POINT('',#5317);
#1637=VERTEX_POINT('',#5319);
#1638=VERTEX_POINT('',#5321);
#1639=VERTEX_POINT('',#5323);
#1640=VERTEX_POINT('',#5325);
#1641=VERTEX_POINT('',#5327);
#1642=VERTEX_POINT('',#5329);
#1643=VERTEX_POINT('',#5331);
#1644=VERTEX_POINT('',#5333);
#1645=VERTEX_POINT('',#5335);
#1646=VERTEX_POINT('',#5337);
#1647=VERTEX_POINT('',#5339);
#1648=VERTEX_POINT('',#5343);
#1649=VERTEX_POINT('',#5347);
#1650=VERTEX_POINT('',#5348);
#1651=VERTEX_POINT('',#5353);
#1652=VERTEX_POINT('',#5357);
#1653=VERTEX_POINT('',#5361);
#1654=VERTEX_POINT('',#5365);
#1655=VERTEX_POINT('',#5369);
#1656=VERTEX_POINT('',#5373);
#1657=VERTEX_POINT('',#5377);
#1658=VERTEX_POINT('',#5383);
#1659=VERTEX_POINT('',#5384);
#1660=VERTEX_POINT('',#5389);
#1661=VERTEX_POINT('',#5393);
#1662=VERTEX_POINT('',#5397);
#1663=VERTEX_POINT('',#5401);
#1664=VERTEX_POINT('',#5405);
#1665=VERTEX_POINT('',#5409);
#1666=VERTEX_POINT('',#5413);
#1667=VERTEX_POINT('',#5417);
#1668=VERTEX_POINT('',#5421);
#1669=VERTEX_POINT('',#5425);
#1670=VERTEX_POINT('',#5429);
#1671=VERTEX_POINT('',#5433);
#1672=VERTEX_POINT('',#5437);
#1673=VERTEX_POINT('',#5441);
#1674=VERTEX_POINT('',#5450);
#1675=VERTEX_POINT('',#5451);
#1676=VERTEX_POINT('',#5453);
#1677=VERTEX_POINT('',#5455);
#1678=VERTEX_POINT('',#5472);
#1679=VERTEX_POINT('',#5480);
#1680=VERTEX_POINT('',#5490);
#1681=VERTEX_POINT('',#5492);
#1682=VERTEX_POINT('',#5520);
#1683=VERTEX_POINT('',#5521);
#1684=VERTEX_POINT('',#5523);
#1685=VERTEX_POINT('',#5525);
#1686=VERTEX_POINT('',#5542);
#1687=VERTEX_POINT('',#5550);
#1688=VERTEX_POINT('',#5560);
#1689=VERTEX_POINT('',#5562);
#1690=VERTEX_POINT('',#5600);
#1691=VERTEX_POINT('',#5601);
#1692=VERTEX_POINT('',#5603);
#1693=VERTEX_POINT('',#5605);
#1694=VERTEX_POINT('',#5609);
#1695=VERTEX_POINT('',#5611);
#1696=VERTEX_POINT('',#5622);
#1697=VERTEX_POINT('',#5627);
#1698=VERTEX_POINT('',#5634);
#1699=VERTEX_POINT('',#5636);
#1700=VERTEX_POINT('',#5640);
#1701=VERTEX_POINT('',#5642);
#1702=VERTEX_POINT('',#5646);
#1703=VERTEX_POINT('',#5648);
#1704=VERTEX_POINT('',#5652);
#1705=VERTEX_POINT('',#5654);
#1706=VERTEX_POINT('',#5658);
#1707=VERTEX_POINT('',#5660);
#1708=VERTEX_POINT('',#5673);
#1709=VERTEX_POINT('',#5679);
#1710=VERTEX_POINT('',#5692);
#1711=VERTEX_POINT('',#5693);
#1712=VERTEX_POINT('',#5695);
#1713=VERTEX_POINT('',#5697);
#1714=VERTEX_POINT('',#5712);
#1715=VERTEX_POINT('',#5719);
#1716=VERTEX_POINT('',#5728);
#1717=VERTEX_POINT('',#5730);
#1718=VERTEX_POINT('',#5748);
#1719=VERTEX_POINT('',#5749);
#1720=VERTEX_POINT('',#5756);
#1721=VERTEX_POINT('',#5758);
#1722=VERTEX_POINT('',#5767);
#1723=VERTEX_POINT('',#5769);
#1724=VERTEX_POINT('',#5773);
#1725=VERTEX_POINT('',#5775);
#1726=VERTEX_POINT('',#5792);
#1727=VERTEX_POINT('',#5800);
#1728=VERTEX_POINT('',#5810);
#1729=VERTEX_POINT('',#5812);
#1730=VERTEX_POINT('',#5831);
#1731=VERTEX_POINT('',#5840);
#1732=VERTEX_POINT('',#5851);
#1733=VERTEX_POINT('',#5853);
#1734=VERTEX_POINT('',#5857);
#1735=VERTEX_POINT('',#5859);
#1736=VERTEX_POINT('',#5868);
#1737=VERTEX_POINT('',#5869);
#1738=VERTEX_POINT('',#5871);
#1739=VERTEX_POINT('',#5873);
#1740=VERTEX_POINT('',#5886);
#1741=VERTEX_POINT('',#5892);
#1742=VERTEX_POINT('',#5900);
#1743=VERTEX_POINT('',#5902);
#1744=VERTEX_POINT('',#5906);
#1745=VERTEX_POINT('',#5908);
#1746=VERTEX_POINT('',#5912);
#1747=VERTEX_POINT('',#5914);
#1748=VERTEX_POINT('',#5925);
#1749=VERTEX_POINT('',#5930);
#1750=VERTEX_POINT('',#5937);
#1751=VERTEX_POINT('',#5939);
#1752=VERTEX_POINT('',#5943);
#1753=VERTEX_POINT('',#5945);
#1754=VERTEX_POINT('',#5949);
#1755=VERTEX_POINT('',#5951);
#1756=VERTEX_POINT('',#5960);
#1757=VERTEX_POINT('',#5961);
#1758=VERTEX_POINT('',#5963);
#1759=VERTEX_POINT('',#5965);
#1760=VERTEX_POINT('',#5969);
#1761=VERTEX_POINT('',#5971);
#1762=VERTEX_POINT('',#5975);
#1763=VERTEX_POINT('',#5977);
#1764=VERTEX_POINT('',#5986);
#1765=VERTEX_POINT('',#5987);
#1766=VERTEX_POINT('',#5989);
#1767=VERTEX_POINT('',#5991);
#1768=VERTEX_POINT('',#5995);
#1769=VERTEX_POINT('',#5997);
#1770=VERTEX_POINT('',#6010);
#1771=VERTEX_POINT('',#6016);
#1772=VERTEX_POINT('',#6024);
#1773=VERTEX_POINT('',#6026);
#1774=VERTEX_POINT('',#6030);
#1775=VERTEX_POINT('',#6032);
#1776=VERTEX_POINT('',#6036);
#1777=VERTEX_POINT('',#6038);
#1778=VERTEX_POINT('',#6049);
#1779=VERTEX_POINT('',#6054);
#1780=VERTEX_POINT('',#6061);
#1781=VERTEX_POINT('',#6063);
#1782=VERTEX_POINT('',#6067);
#1783=VERTEX_POINT('',#6069);
#1784=VERTEX_POINT('',#6078);
#1785=VERTEX_POINT('',#6079);
#1786=VERTEX_POINT('',#6081);
#1787=VERTEX_POINT('',#6083);
#1788=VERTEX_POINT('',#6087);
#1789=VERTEX_POINT('',#6089);
#1790=VERTEX_POINT('',#6093);
#1791=VERTEX_POINT('',#6095);
#1792=VERTEX_POINT('',#6099);
#1793=VERTEX_POINT('',#6101);
#1794=VERTEX_POINT('',#6105);
#1795=VERTEX_POINT('',#6107);
#1796=VERTEX_POINT('',#6111);
#1797=VERTEX_POINT('',#6113);
#1798=VERTEX_POINT('',#6117);
#1799=VERTEX_POINT('',#6119);
#1800=VERTEX_POINT('',#6123);
#1801=VERTEX_POINT('',#6125);
#1802=VERTEX_POINT('',#6129);
#1803=VERTEX_POINT('',#6131);
#1804=VERTEX_POINT('',#6142);
#1805=VERTEX_POINT('',#6147);
#1806=VERTEX_POINT('',#6154);
#1807=VERTEX_POINT('',#6156);
#1808=VERTEX_POINT('',#6167);
#1809=VERTEX_POINT('',#6172);
#1810=VERTEX_POINT('',#6179);
#1811=VERTEX_POINT('',#6181);
#1812=VERTEX_POINT('',#6190);
#1813=VERTEX_POINT('',#6192);
#1814=VERTEX_POINT('',#6197);
#1815=VERTEX_POINT('',#6198);
#1816=VERTEX_POINT('',#6200);
#1817=VERTEX_POINT('',#6202);
#1818=VERTEX_POINT('',#6206);
#1819=VERTEX_POINT('',#6208);
#1820=VERTEX_POINT('',#6212);
#1821=VERTEX_POINT('',#6214);
#1822=VERTEX_POINT('',#6223);
#1823=VERTEX_POINT('',#6224);
#1824=VERTEX_POINT('',#6226);
#1825=VERTEX_POINT('',#6228);
#1826=VERTEX_POINT('',#6232);
#1827=VERTEX_POINT('',#6234);
#1828=VERTEX_POINT('',#6238);
#1829=VERTEX_POINT('',#6240);
#1830=VERTEX_POINT('',#6261);
#1831=VERTEX_POINT('',#6271);
#1832=VERTEX_POINT('',#6283);
#1833=VERTEX_POINT('',#6285);
#1834=VERTEX_POINT('',#6302);
#1835=VERTEX_POINT('',#6310);
#1836=VERTEX_POINT('',#6320);
#1837=VERTEX_POINT('',#6322);
#1838=VERTEX_POINT('',#6326);
#1839=VERTEX_POINT('',#6328);
#1840=VERTEX_POINT('',#6332);
#1841=VERTEX_POINT('',#6334);
#1842=VERTEX_POINT('',#6343);
#1843=VERTEX_POINT('',#6344);
#1844=VERTEX_POINT('',#6346);
#1845=VERTEX_POINT('',#6348);
#1846=VERTEX_POINT('',#6352);
#1847=VERTEX_POINT('',#6354);
#1848=VERTEX_POINT('',#6358);
#1849=VERTEX_POINT('',#6360);
#1850=VERTEX_POINT('',#6369);
#1851=VERTEX_POINT('',#6371);
#1852=EDGE_CURVE('',#1502,#1503,#556,.T.);
#1853=EDGE_CURVE('',#1504,#1502,#557,.T.);
#1854=EDGE_CURVE('',#1505,#1504,#558,.T.);
#1855=EDGE_CURVE('',#1503,#1505,#559,.T.);
#1856=EDGE_CURVE('',#1506,#1507,#560,.T.);
#1857=EDGE_CURVE('',#1503,#1506,#561,.T.);
#1858=EDGE_CURVE('',#1505,#1507,#562,.T.);
#1859=EDGE_CURVE('',#1507,#1508,#563,.T.);
#1860=EDGE_CURVE('',#1504,#1508,#564,.T.);
#1861=EDGE_CURVE('',#1508,#1509,#565,.T.);
#1862=EDGE_CURVE('',#1502,#1509,#566,.T.);
#1863=EDGE_CURVE('',#1509,#1506,#567,.T.);
#1864=EDGE_CURVE('',#1510,#1511,#568,.T.);
#1865=EDGE_CURVE('',#1510,#1512,#569,.T.);
#1866=EDGE_CURVE('',#1512,#1513,#570,.T.);
#1867=EDGE_CURVE('',#1511,#1513,#571,.T.);
#1868=EDGE_CURVE('',#1514,#1510,#572,.T.);
#1869=EDGE_CURVE('',#1514,#1515,#573,.T.);
#1870=EDGE_CURVE('',#1515,#1512,#574,.T.);
#1871=EDGE_CURVE('',#1516,#1514,#575,.T.);
#1872=EDGE_CURVE('',#1516,#1517,#576,.T.);
#1873=EDGE_CURVE('',#1517,#1515,#577,.T.);
#1874=EDGE_CURVE('',#1518,#1516,#578,.T.);
#1875=EDGE_CURVE('',#1518,#1519,#579,.T.);
#1876=EDGE_CURVE('',#1519,#1517,#580,.T.);
#1877=EDGE_CURVE('',#1520,#1518,#581,.T.);
#1878=EDGE_CURVE('',#1520,#1521,#582,.T.);
#1879=EDGE_CURVE('',#1521,#1519,#583,.T.);
#1880=EDGE_CURVE('',#1522,#1520,#584,.T.);
#1881=EDGE_CURVE('',#1522,#1523,#585,.T.);
#1882=EDGE_CURVE('',#1523,#1521,#586,.T.);
#1883=EDGE_CURVE('',#1524,#1522,#587,.T.);
#1884=EDGE_CURVE('',#1524,#1525,#588,.T.);
#1885=EDGE_CURVE('',#1525,#1523,#589,.T.);
#1886=EDGE_CURVE('',#1526,#1524,#590,.T.);
#1887=EDGE_CURVE('',#1526,#1527,#591,.T.);
#1888=EDGE_CURVE('',#1527,#1525,#592,.T.);
#1889=EDGE_CURVE('',#1528,#1526,#593,.T.);
#1890=EDGE_CURVE('',#1528,#1529,#594,.T.);
#1891=EDGE_CURVE('',#1529,#1527,#595,.T.);
#1892=EDGE_CURVE('',#1530,#1528,#596,.T.);
#1893=EDGE_CURVE('',#1530,#1531,#597,.T.);
#1894=EDGE_CURVE('',#1531,#1529,#598,.T.);
#1895=EDGE_CURVE('',#1532,#1530,#599,.T.);
#1896=EDGE_CURVE('',#1532,#1533,#600,.T.);
#1897=EDGE_CURVE('',#1533,#1531,#601,.T.);
#1898=EDGE_CURVE('',#1534,#1532,#602,.T.);
#1899=EDGE_CURVE('',#1534,#1535,#603,.T.);
#1900=EDGE_CURVE('',#1535,#1533,#604,.T.);
#1901=EDGE_CURVE('',#1536,#1534,#605,.T.);
#1902=EDGE_CURVE('',#1536,#1537,#606,.T.);
#1903=EDGE_CURVE('',#1537,#1535,#607,.T.);
#1904=EDGE_CURVE('',#1538,#1536,#608,.T.);
#1905=EDGE_CURVE('',#1538,#1539,#609,.T.);
#1906=EDGE_CURVE('',#1539,#1537,#610,.T.);
#1907=EDGE_CURVE('',#1540,#1538,#611,.T.);
#1908=EDGE_CURVE('',#1540,#1541,#612,.T.);
#1909=EDGE_CURVE('',#1541,#1539,#613,.T.);
#1910=EDGE_CURVE('',#1542,#1540,#614,.T.);
#1911=EDGE_CURVE('',#1542,#1543,#615,.T.);
#1912=EDGE_CURVE('',#1543,#1541,#616,.T.);
#1913=EDGE_CURVE('',#1544,#1542,#617,.T.);
#1914=EDGE_CURVE('',#1544,#1545,#618,.T.);
#1915=EDGE_CURVE('',#1545,#1543,#619,.T.);
#1916=EDGE_CURVE('',#1546,#1544,#620,.T.);
#1917=EDGE_CURVE('',#1546,#1547,#621,.T.);
#1918=EDGE_CURVE('',#1547,#1545,#622,.T.);
#1919=EDGE_CURVE('',#1548,#1546,#623,.T.);
#1920=EDGE_CURVE('',#1548,#1549,#624,.T.);
#1921=EDGE_CURVE('',#1549,#1547,#625,.T.);
#1922=EDGE_CURVE('',#1550,#1548,#626,.T.);
#1923=EDGE_CURVE('',#1550,#1551,#627,.T.);
#1924=EDGE_CURVE('',#1551,#1549,#628,.T.);
#1925=EDGE_CURVE('',#1552,#1550,#629,.T.);
#1926=EDGE_CURVE('',#1552,#1553,#630,.T.);
#1927=EDGE_CURVE('',#1553,#1551,#631,.T.);
#1928=EDGE_CURVE('',#1554,#1552,#632,.T.);
#1929=EDGE_CURVE('',#1554,#1555,#633,.T.);
#1930=EDGE_CURVE('',#1555,#1553,#634,.T.);
#1931=EDGE_CURVE('',#1556,#1554,#635,.T.);
#1932=EDGE_CURVE('',#1556,#1557,#636,.T.);
#1933=EDGE_CURVE('',#1557,#1555,#637,.T.);
#1934=EDGE_CURVE('',#1558,#1556,#638,.T.);
#1935=EDGE_CURVE('',#1558,#1559,#639,.T.);
#1936=EDGE_CURVE('',#1559,#1557,#640,.T.);
#1937=EDGE_CURVE('',#1560,#1558,#641,.T.);
#1938=EDGE_CURVE('',#1560,#1561,#642,.T.);
#1939=EDGE_CURVE('',#1561,#1559,#643,.T.);
#1940=EDGE_CURVE('',#1562,#1560,#644,.T.);
#1941=EDGE_CURVE('',#1562,#1563,#645,.T.);
#1942=EDGE_CURVE('',#1563,#1561,#646,.T.);
#1943=EDGE_CURVE('',#1564,#1562,#647,.T.);
#1944=EDGE_CURVE('',#1564,#1565,#648,.T.);
#1945=EDGE_CURVE('',#1565,#1563,#649,.T.);
#1946=EDGE_CURVE('',#1566,#1564,#650,.T.);
#1947=EDGE_CURVE('',#1566,#1567,#651,.T.);
#1948=EDGE_CURVE('',#1567,#1565,#652,.T.);
#1949=EDGE_CURVE('',#1568,#1566,#653,.T.);
#1950=EDGE_CURVE('',#1568,#1569,#654,.T.);
#1951=EDGE_CURVE('',#1569,#1567,#655,.T.);
#1952=EDGE_CURVE('',#1511,#1568,#656,.T.);
#1953=EDGE_CURVE('',#1513,#1569,#657,.T.);
#1954=EDGE_CURVE('',#1570,#1571,#658,.T.);
#1955=EDGE_CURVE('',#1570,#1572,#659,.T.);
#1956=EDGE_CURVE('',#1572,#1573,#660,.T.);
#1957=EDGE_CURVE('',#1571,#1573,#661,.T.);
#1958=EDGE_CURVE('',#1574,#1570,#662,.T.);
#1959=EDGE_CURVE('',#1574,#1575,#663,.T.);
#1960=EDGE_CURVE('',#1575,#1572,#664,.T.);
#1961=EDGE_CURVE('',#1576,#1574,#665,.T.);
#1962=EDGE_CURVE('',#1576,#1577,#666,.T.);
#1963=EDGE_CURVE('',#1577,#1575,#667,.T.);
#1964=EDGE_CURVE('',#1578,#1576,#668,.T.);
#1965=EDGE_CURVE('',#1578,#1579,#669,.T.);
#1966=EDGE_CURVE('',#1579,#1577,#670,.T.);
#1967=EDGE_CURVE('',#1580,#1578,#671,.T.);
#1968=EDGE_CURVE('',#1580,#1581,#672,.T.);
#1969=EDGE_CURVE('',#1581,#1579,#673,.T.);
#1970=EDGE_CURVE('',#1582,#1580,#674,.T.);
#1971=EDGE_CURVE('',#1582,#1583,#675,.T.);
#1972=EDGE_CURVE('',#1583,#1581,#676,.T.);
#1973=EDGE_CURVE('',#1584,#1582,#677,.T.);
#1974=EDGE_CURVE('',#1584,#1585,#678,.T.);
#1975=EDGE_CURVE('',#1585,#1583,#679,.T.);
#1976=EDGE_CURVE('',#1571,#1584,#680,.T.);
#1977=EDGE_CURVE('',#1573,#1585,#681,.T.);
#1978=EDGE_CURVE('',#1586,#1587,#682,.T.);
#1979=EDGE_CURVE('',#1587,#1588,#683,.T.);
#1980=EDGE_CURVE('',#1589,#1588,#684,.T.);
#1981=EDGE_CURVE('',#1586,#1589,#685,.T.);
#1982=EDGE_CURVE('',#1590,#1586,#686,.T.);
#1983=EDGE_CURVE('',#1591,#1589,#687,.T.);
#1984=EDGE_CURVE('',#1590,#1591,#688,.T.);
#1985=EDGE_CURVE('',#1592,#1590,#689,.T.);
#1986=EDGE_CURVE('',#1593,#1591,#690,.T.);
#1987=EDGE_CURVE('',#1592,#1593,#691,.T.);
#1988=EDGE_CURVE('',#1594,#1592,#692,.T.);
#1989=EDGE_CURVE('',#1595,#1593,#693,.T.);
#1990=EDGE_CURVE('',#1594,#1595,#694,.T.);
#1991=EDGE_CURVE('',#1596,#1594,#695,.T.);
#1992=EDGE_CURVE('',#1597,#1595,#696,.T.);
#1993=EDGE_CURVE('',#1596,#1597,#697,.T.);
#1994=EDGE_CURVE('',#1598,#1596,#698,.T.);
#1995=EDGE_CURVE('',#1599,#1597,#699,.T.);
#1996=EDGE_CURVE('',#1598,#1599,#700,.T.);
#1997=EDGE_CURVE('',#1600,#1598,#701,.T.);
#1998=EDGE_CURVE('',#1601,#1599,#702,.T.);
#1999=EDGE_CURVE('',#1600,#1601,#703,.T.);
#2000=EDGE_CURVE('',#1602,#1600,#704,.T.);
#2001=EDGE_CURVE('',#1603,#1601,#705,.T.);
#2002=EDGE_CURVE('',#1602,#1603,#706,.T.);
#2003=EDGE_CURVE('',#1604,#1602,#707,.T.);
#2004=EDGE_CURVE('',#1605,#1603,#708,.T.);
#2005=EDGE_CURVE('',#1604,#1605,#709,.T.);
#2006=EDGE_CURVE('',#1606,#1604,#710,.T.);
#2007=EDGE_CURVE('',#1607,#1605,#711,.T.);
#2008=EDGE_CURVE('',#1606,#1607,#712,.T.);
#2009=EDGE_CURVE('',#1608,#1606,#713,.T.);
#2010=EDGE_CURVE('',#1609,#1607,#714,.T.);
#2011=EDGE_CURVE('',#1608,#1609,#715,.T.);
#2012=EDGE_CURVE('',#1610,#1608,#716,.T.);
#2013=EDGE_CURVE('',#1611,#1609,#717,.T.);
#2014=EDGE_CURVE('',#1610,#1611,#718,.T.);
#2015=EDGE_CURVE('',#1612,#1610,#719,.T.);
#2016=EDGE_CURVE('',#1613,#1611,#720,.T.);
#2017=EDGE_CURVE('',#1612,#1613,#721,.T.);
#2018=EDGE_CURVE('',#1614,#1612,#722,.T.);
#2019=EDGE_CURVE('',#1615,#1613,#723,.T.);
#2020=EDGE_CURVE('',#1614,#1615,#724,.T.);
#2021=EDGE_CURVE('',#1616,#1614,#725,.T.);
#2022=EDGE_CURVE('',#1617,#1615,#726,.T.);
#2023=EDGE_CURVE('',#1616,#1617,#727,.T.);
#2024=EDGE_CURVE('',#1587,#1616,#728,.T.);
#2025=EDGE_CURVE('',#1588,#1617,#729,.T.);
#2026=EDGE_CURVE('',#1618,#1619,#730,.T.);
#2027=EDGE_CURVE('',#1619,#1620,#731,.T.);
#2028=EDGE_CURVE('',#1620,#1621,#732,.T.);
#2029=EDGE_CURVE('',#1621,#1618,#733,.T.);
#2030=EDGE_CURVE('',#1618,#1622,#734,.T.);
#2031=EDGE_CURVE('',#1622,#1623,#84,.T.);
#2032=EDGE_CURVE('',#1623,#1624,#735,.T.);
#2033=EDGE_CURVE('',#1624,#1625,#85,.T.);
#2034=EDGE_CURVE('',#1625,#1626,#736,.T.);
#2035=EDGE_CURVE('',#1626,#1627,#737,.T.);
#2036=EDGE_CURVE('',#1627,#1628,#738,.T.);
#2037=EDGE_CURVE('',#1628,#1629,#739,.T.);
#2038=EDGE_CURVE('',#1629,#1630,#740,.T.);
#2039=EDGE_CURVE('',#1630,#1631,#741,.T.);
#2040=EDGE_CURVE('',#1631,#1632,#742,.T.);
#2041=EDGE_CURVE('',#1632,#1633,#743,.T.);
#2042=EDGE_CURVE('',#1633,#1634,#744,.T.);
#2043=EDGE_CURVE('',#1634,#1635,#745,.T.);
#2044=EDGE_CURVE('',#1635,#1636,#746,.T.);
#2045=EDGE_CURVE('',#1636,#1637,#747,.T.);
#2046=EDGE_CURVE('',#1637,#1638,#748,.T.);
#2047=EDGE_CURVE('',#1638,#1639,#749,.T.);
#2048=EDGE_CURVE('',#1639,#1640,#750,.T.);
#2049=EDGE_CURVE('',#1640,#1641,#751,.T.);
#2050=EDGE_CURVE('',#1641,#1642,#752,.T.);
#2051=EDGE_CURVE('',#1642,#1643,#753,.T.);
#2052=EDGE_CURVE('',#1643,#1644,#754,.T.);
#2053=EDGE_CURVE('',#1644,#1645,#755,.T.);
#2054=EDGE_CURVE('',#1645,#1646,#756,.T.);
#2055=EDGE_CURVE('',#1646,#1647,#86,.T.);
#2056=EDGE_CURVE('',#1647,#1619,#757,.T.);
#2057=EDGE_CURVE('',#1648,#1621,#758,.T.);
#2058=EDGE_CURVE('',#1648,#1622,#759,.T.);
#2059=EDGE_CURVE('',#1649,#1650,#760,.T.);
#2060=EDGE_CURVE('',#1650,#1631,#761,.T.);
#2061=EDGE_CURVE('',#1649,#1630,#762,.T.);
#2062=EDGE_CURVE('',#1651,#1649,#763,.T.);
#2063=EDGE_CURVE('',#1651,#1629,#764,.T.);
#2064=EDGE_CURVE('',#1652,#1651,#765,.T.);
#2065=EDGE_CURVE('',#1652,#1628,#766,.T.);
#2066=EDGE_CURVE('',#1653,#1652,#767,.T.);
#2067=EDGE_CURVE('',#1653,#1627,#768,.T.);
#2068=EDGE_CURVE('',#1654,#1653,#769,.T.);
#2069=EDGE_CURVE('',#1654,#1626,#770,.T.);
#2070=EDGE_CURVE('',#1655,#1654,#771,.T.);
#2071=EDGE_CURVE('',#1655,#1625,#772,.T.);
#2072=EDGE_CURVE('',#1656,#1655,#87,.T.);
#2073=EDGE_CURVE('',#1656,#1624,#773,.T.);
#2074=EDGE_CURVE('',#1657,#1656,#774,.T.);
#2075=EDGE_CURVE('',#1657,#1623,#775,.T.);
#2076=EDGE_CURVE('',#1648,#1657,#88,.T.);
#2077=EDGE_CURVE('',#1658,#1659,#89,.T.);
#2078=EDGE_CURVE('',#1659,#1647,#776,.T.);
#2079=EDGE_CURVE('',#1658,#1646,#777,.T.);
#2080=EDGE_CURVE('',#1660,#1658,#778,.T.);
#2081=EDGE_CURVE('',#1660,#1645,#779,.T.);
#2082=EDGE_CURVE('',#1661,#1660,#780,.T.);
#2083=EDGE_CURVE('',#1661,#1644,#781,.T.);
#2084=EDGE_CURVE('',#1662,#1661,#782,.T.);
#2085=EDGE_CURVE('',#1662,#1643,#783,.T.);
#2086=EDGE_CURVE('',#1663,#1662,#784,.T.);
#2087=EDGE_CURVE('',#1663,#1642,#785,.T.);
#2088=EDGE_CURVE('',#1664,#1663,#786,.T.);
#2089=EDGE_CURVE('',#1664,#1641,#787,.T.);
#2090=EDGE_CURVE('',#1665,#1664,#788,.T.);
#2091=EDGE_CURVE('',#1665,#1640,#789,.T.);
#2092=EDGE_CURVE('',#1666,#1665,#790,.T.);
#2093=EDGE_CURVE('',#1666,#1639,#791,.T.);
#2094=EDGE_CURVE('',#1667,#1666,#792,.T.);
#2095=EDGE_CURVE('',#1667,#1638,#793,.T.);
#2096=EDGE_CURVE('',#1668,#1667,#794,.T.);
#2097=EDGE_CURVE('',#1668,#1637,#795,.T.);
#2098=EDGE_CURVE('',#1669,#1668,#796,.T.);
#2099=EDGE_CURVE('',#1669,#1636,#797,.T.);
#2100=EDGE_CURVE('',#1670,#1669,#798,.T.);
#2101=EDGE_CURVE('',#1670,#1635,#799,.T.);
#2102=EDGE_CURVE('',#1671,#1670,#800,.T.);
#2103=EDGE_CURVE('',#1671,#1634,#801,.T.);
#2104=EDGE_CURVE('',#1672,#1671,#802,.T.);
#2105=EDGE_CURVE('',#1672,#1633,#803,.T.);
#2106=EDGE_CURVE('',#1673,#1672,#804,.T.);
#2107=EDGE_CURVE('',#1673,#1632,#805,.T.);
#2108=EDGE_CURVE('',#1650,#1673,#806,.T.);
#2109=EDGE_CURVE('',#1620,#1659,#807,.T.);
#2110=EDGE_CURVE('',#1674,#1675,#808,.T.);
#2111=EDGE_CURVE('',#1674,#1676,#809,.T.);
#2112=EDGE_CURVE('',#1677,#1676,#810,.T.);
#2113=EDGE_CURVE('',#1675,#1677,#811,.T.);
#2114=EDGE_CURVE('',#1678,#1674,#23,.T.);
#2115=EDGE_CURVE('',#1678,#1679,#812,.T.);
#2116=EDGE_CURVE('',#1676,#1679,#24,.T.);
#2117=EDGE_CURVE('',#1680,#1678,#813,.T.);
#2118=EDGE_CURVE('',#1680,#1681,#814,.T.);
#2119=EDGE_CURVE('',#1679,#1681,#815,.T.);
#2120=EDGE_CURVE('',#1675,#1680,#25,.T.);
#2121=EDGE_CURVE('',#1681,#1677,#26,.T.);
#2122=EDGE_CURVE('',#1682,#1683,#816,.T.);
#2123=EDGE_CURVE('',#1683,#1684,#817,.T.);
#2124=EDGE_CURVE('',#1685,#1684,#818,.T.);
#2125=EDGE_CURVE('',#1682,#1685,#819,.T.);
#2126=EDGE_CURVE('',#1686,#1682,#27,.T.);
#2127=EDGE_CURVE('',#1687,#1685,#28,.T.);
#2128=EDGE_CURVE('',#1686,#1687,#820,.T.);
#2129=EDGE_CURVE('',#1688,#1686,#821,.T.);
#2130=EDGE_CURVE('',#1689,#1687,#822,.T.);
#2131=EDGE_CURVE('',#1688,#1689,#823,.T.);
#2132=EDGE_CURVE('',#1683,#1688,#29,.T.);
#2133=EDGE_CURVE('',#1684,#1689,#30,.T.);
#2134=EDGE_CURVE('',#1690,#1691,#824,.T.);
#2135=EDGE_CURVE('',#1691,#1692,#825,.T.);
#2136=EDGE_CURVE('',#1693,#1692,#826,.T.);
#2137=EDGE_CURVE('',#1690,#1693,#827,.T.);
#2138=EDGE_CURVE('',#1694,#1690,#828,.T.);
#2139=EDGE_CURVE('',#1695,#1693,#829,.T.);
#2140=EDGE_CURVE('',#1694,#1695,#830,.T.);
#2141=EDGE_CURVE('',#1696,#1694,#31,.T.);
#2142=EDGE_CURVE('',#1697,#1695,#32,.T.);
#2143=EDGE_CURVE('',#1696,#1697,#831,.T.);
#2144=EDGE_CURVE('',#1698,#1696,#832,.T.);
#2145=EDGE_CURVE('',#1699,#1697,#833,.T.);
#2146=EDGE_CURVE('',#1698,#1699,#834,.T.);
#2147=EDGE_CURVE('',#1700,#1698,#835,.T.);
#2148=EDGE_CURVE('',#1701,#1699,#836,.T.);
#2149=EDGE_CURVE('',#1700,#1701,#837,.T.);
#2150=EDGE_CURVE('',#1702,#1700,#838,.T.);
#2151=EDGE_CURVE('',#1703,#1701,#839,.T.);
#2152=EDGE_CURVE('',#1702,#1703,#840,.T.);
#2153=EDGE_CURVE('',#1704,#1702,#841,.T.);
#2154=EDGE_CURVE('',#1705,#1703,#842,.T.);
#2155=EDGE_CURVE('',#1704,#1705,#843,.T.);
#2156=EDGE_CURVE('',#1706,#1704,#844,.T.);
#2157=EDGE_CURVE('',#1707,#1705,#845,.T.);
#2158=EDGE_CURVE('',#1706,#1707,#846,.T.);
#2159=EDGE_CURVE('',#1708,#1706,#33,.T.);
#2160=EDGE_CURVE('',#1709,#1707,#34,.T.);
#2161=EDGE_CURVE('',#1708,#1709,#847,.T.);
#2162=EDGE_CURVE('',#1691,#1708,#848,.T.);
#2163=EDGE_CURVE('',#1692,#1709,#849,.T.);
#2164=EDGE_CURVE('',#1710,#1711,#850,.T.);
#2165=EDGE_CURVE('',#1710,#1712,#851,.T.);
#2166=EDGE_CURVE('',#1713,#1712,#852,.T.);
#2167=EDGE_CURVE('',#1711,#1713,#853,.T.);
#2168=EDGE_CURVE('',#1714,#1710,#35,.T.);
#2169=EDGE_CURVE('',#1714,#1715,#854,.T.);
#2170=EDGE_CURVE('',#1712,#1715,#36,.T.);
#2171=EDGE_CURVE('',#1716,#1714,#855,.T.);
#2172=EDGE_CURVE('',#1716,#1717,#856,.T.);
#2173=EDGE_CURVE('',#1715,#1717,#857,.T.);
#2174=EDGE_CURVE('',#1711,#1716,#858,.T.);
#2175=EDGE_CURVE('',#1717,#1713,#859,.T.);
#2176=EDGE_CURVE('',#1718,#1719,#37,.T.);
#2177=EDGE_CURVE('',#1719,#1720,#860,.T.);
#2178=EDGE_CURVE('',#1721,#1720,#38,.T.);
#2179=EDGE_CURVE('',#1718,#1721,#861,.T.);
#2180=EDGE_CURVE('',#1722,#1718,#862,.T.);
#2181=EDGE_CURVE('',#1723,#1721,#863,.T.);
#2182=EDGE_CURVE('',#1722,#1723,#864,.T.);
#2183=EDGE_CURVE('',#1724,#1722,#865,.T.);
#2184=EDGE_CURVE('',#1725,#1723,#866,.T.);
#2185=EDGE_CURVE('',#1724,#1725,#867,.T.);
#2186=EDGE_CURVE('',#1726,#1724,#39,.T.);
#2187=EDGE_CURVE('',#1727,#1725,#40,.T.);
#2188=EDGE_CURVE('',#1726,#1727,#868,.T.);
#2189=EDGE_CURVE('',#1728,#1726,#869,.T.);
#2190=EDGE_CURVE('',#1729,#1727,#870,.T.);
#2191=EDGE_CURVE('',#1728,#1729,#871,.T.);
#2192=EDGE_CURVE('',#1730,#1728,#41,.T.);
#2193=EDGE_CURVE('',#1731,#1729,#42,.T.);
#2194=EDGE_CURVE('',#1730,#1731,#872,.T.);
#2195=EDGE_CURVE('',#1732,#1730,#873,.T.);
#2196=EDGE_CURVE('',#1733,#1731,#874,.T.);
#2197=EDGE_CURVE('',#1732,#1733,#875,.T.);
#2198=EDGE_CURVE('',#1734,#1732,#876,.T.);
#2199=EDGE_CURVE('',#1735,#1733,#877,.T.);
#2200=EDGE_CURVE('',#1734,#1735,#878,.T.);
#2201=EDGE_CURVE('',#1719,#1734,#879,.T.);
#2202=EDGE_CURVE('',#1720,#1735,#880,.T.);
#2203=EDGE_CURVE('',#1736,#1737,#881,.T.);
#2204=EDGE_CURVE('',#1737,#1738,#882,.T.);
#2205=EDGE_CURVE('',#1739,#1738,#883,.T.);
#2206=EDGE_CURVE('',#1736,#1739,#884,.T.);
#2207=EDGE_CURVE('',#1740,#1736,#43,.T.);
#2208=EDGE_CURVE('',#1741,#1739,#44,.T.);
#2209=EDGE_CURVE('',#1740,#1741,#885,.T.);
#2210=EDGE_CURVE('',#1742,#1740,#886,.T.);
#2211=EDGE_CURVE('',#1743,#1741,#887,.T.);
#2212=EDGE_CURVE('',#1742,#1743,#888,.T.);
#2213=EDGE_CURVE('',#1744,#1742,#889,.T.);
#2214=EDGE_CURVE('',#1745,#1743,#890,.T.);
#2215=EDGE_CURVE('',#1744,#1745,#891,.T.);
#2216=EDGE_CURVE('',#1746,#1744,#892,.T.);
#2217=EDGE_CURVE('',#1747,#1745,#893,.T.);
#2218=EDGE_CURVE('',#1746,#1747,#894,.T.);
#2219=EDGE_CURVE('',#1748,#1746,#45,.T.);
#2220=EDGE_CURVE('',#1749,#1747,#46,.T.);
#2221=EDGE_CURVE('',#1748,#1749,#895,.T.);
#2222=EDGE_CURVE('',#1750,#1748,#896,.T.);
#2223=EDGE_CURVE('',#1751,#1749,#897,.T.);
#2224=EDGE_CURVE('',#1750,#1751,#898,.T.);
#2225=EDGE_CURVE('',#1752,#1750,#899,.T.);
#2226=EDGE_CURVE('',#1753,#1751,#900,.T.);
#2227=EDGE_CURVE('',#1752,#1753,#901,.T.);
#2228=EDGE_CURVE('',#1754,#1752,#902,.T.);
#2229=EDGE_CURVE('',#1755,#1753,#903,.T.);
#2230=EDGE_CURVE('',#1754,#1755,#904,.T.);
#2231=EDGE_CURVE('',#1737,#1754,#905,.T.);
#2232=EDGE_CURVE('',#1738,#1755,#906,.T.);
#2233=EDGE_CURVE('',#1756,#1757,#907,.T.);
#2234=EDGE_CURVE('',#1757,#1758,#908,.T.);
#2235=EDGE_CURVE('',#1759,#1758,#909,.T.);
#2236=EDGE_CURVE('',#1756,#1759,#910,.T.);
#2237=EDGE_CURVE('',#1760,#1756,#911,.T.);
#2238=EDGE_CURVE('',#1761,#1759,#912,.T.);
#2239=EDGE_CURVE('',#1760,#1761,#913,.T.);
#2240=EDGE_CURVE('',#1762,#1760,#914,.T.);
#2241=EDGE_CURVE('',#1763,#1761,#915,.T.);
#2242=EDGE_CURVE('',#1762,#1763,#916,.T.);
#2243=EDGE_CURVE('',#1757,#1762,#917,.T.);
#2244=EDGE_CURVE('',#1758,#1763,#918,.T.);
#2245=EDGE_CURVE('',#1764,#1765,#919,.T.);
#2246=EDGE_CURVE('',#1765,#1766,#920,.T.);
#2247=EDGE_CURVE('',#1767,#1766,#921,.T.);
#2248=EDGE_CURVE('',#1764,#1767,#922,.T.);
#2249=EDGE_CURVE('',#1768,#1764,#923,.T.);
#2250=EDGE_CURVE('',#1769,#1767,#924,.T.);
#2251=EDGE_CURVE('',#1768,#1769,#925,.T.);
#2252=EDGE_CURVE('',#1770,#1768,#47,.T.);
#2253=EDGE_CURVE('',#1771,#1769,#48,.T.);
#2254=EDGE_CURVE('',#1770,#1771,#926,.T.);
#2255=EDGE_CURVE('',#1772,#1770,#927,.T.);
#2256=EDGE_CURVE('',#1773,#1771,#928,.T.);
#2257=EDGE_CURVE('',#1772,#1773,#929,.T.);
#2258=EDGE_CURVE('',#1774,#1772,#930,.T.);
#2259=EDGE_CURVE('',#1775,#1773,#931,.T.);
#2260=EDGE_CURVE('',#1774,#1775,#932,.T.);
#2261=EDGE_CURVE('',#1776,#1774,#933,.T.);
#2262=EDGE_CURVE('',#1777,#1775,#934,.T.);
#2263=EDGE_CURVE('',#1776,#1777,#935,.T.);
#2264=EDGE_CURVE('',#1778,#1776,#49,.T.);
#2265=EDGE_CURVE('',#1779,#1777,#50,.T.);
#2266=EDGE_CURVE('',#1778,#1779,#936,.T.);
#2267=EDGE_CURVE('',#1780,#1778,#937,.T.);
#2268=EDGE_CURVE('',#1781,#1779,#938,.T.);
#2269=EDGE_CURVE('',#1780,#1781,#939,.T.);
#2270=EDGE_CURVE('',#1782,#1780,#940,.T.);
#2271=EDGE_CURVE('',#1783,#1781,#941,.T.);
#2272=EDGE_CURVE('',#1782,#1783,#942,.T.);
#2273=EDGE_CURVE('',#1765,#1782,#943,.T.);
#2274=EDGE_CURVE('',#1766,#1783,#944,.T.);
#2275=EDGE_CURVE('',#1784,#1785,#945,.T.);
#2276=EDGE_CURVE('',#1785,#1786,#946,.T.);
#2277=EDGE_CURVE('',#1787,#1786,#947,.T.);
#2278=EDGE_CURVE('',#1784,#1787,#948,.T.);
#2279=EDGE_CURVE('',#1788,#1784,#949,.T.);
#2280=EDGE_CURVE('',#1789,#1787,#950,.T.);
#2281=EDGE_CURVE('',#1788,#1789,#951,.T.);
#2282=EDGE_CURVE('',#1790,#1788,#952,.T.);
#2283=EDGE_CURVE('',#1791,#1789,#953,.T.);
#2284=EDGE_CURVE('',#1790,#1791,#954,.T.);
#2285=EDGE_CURVE('',#1792,#1790,#955,.T.);
#2286=EDGE_CURVE('',#1793,#1791,#956,.T.);
#2287=EDGE_CURVE('',#1792,#1793,#957,.T.);
#2288=EDGE_CURVE('',#1794,#1792,#958,.T.);
#2289=EDGE_CURVE('',#1795,#1793,#959,.T.);
#2290=EDGE_CURVE('',#1794,#1795,#960,.T.);
#2291=EDGE_CURVE('',#1796,#1794,#961,.T.);
#2292=EDGE_CURVE('',#1797,#1795,#962,.T.);
#2293=EDGE_CURVE('',#1796,#1797,#963,.T.);
#2294=EDGE_CURVE('',#1798,#1796,#964,.T.);
#2295=EDGE_CURVE('',#1799,#1797,#965,.T.);
#2296=EDGE_CURVE('',#1798,#1799,#966,.T.);
#2297=EDGE_CURVE('',#1800,#1798,#967,.T.);
#2298=EDGE_CURVE('',#1801,#1799,#968,.T.);
#2299=EDGE_CURVE('',#1800,#1801,#969,.T.);
#2300=EDGE_CURVE('',#1802,#1800,#970,.T.);
#2301=EDGE_CURVE('',#1803,#1801,#971,.T.);
#2302=EDGE_CURVE('',#1802,#1803,#972,.T.);
#2303=EDGE_CURVE('',#1804,#1802,#51,.T.);
#2304=EDGE_CURVE('',#1805,#1803,#52,.T.);
#2305=EDGE_CURVE('',#1804,#1805,#973,.T.);
#2306=EDGE_CURVE('',#1806,#1804,#974,.T.);
#2307=EDGE_CURVE('',#1807,#1805,#975,.T.);
#2308=EDGE_CURVE('',#1806,#1807,#976,.T.);
#2309=EDGE_CURVE('',#1808,#1806,#53,.T.);
#2310=EDGE_CURVE('',#1809,#1807,#54,.T.);
#2311=EDGE_CURVE('',#1808,#1809,#977,.T.);
#2312=EDGE_CURVE('',#1810,#1808,#978,.T.);
#2313=EDGE_CURVE('',#1811,#1809,#979,.T.);
#2314=EDGE_CURVE('',#1810,#1811,#980,.T.);
#2315=EDGE_CURVE('',#1785,#1810,#981,.T.);
#2316=EDGE_CURVE('',#1786,#1811,#982,.T.);
#2317=EDGE_CURVE('',#1812,#1812,#90,.T.);
#2318=EDGE_CURVE('',#1813,#1813,#91,.T.);
#2319=EDGE_CURVE('',#1814,#1815,#983,.T.);
#2320=EDGE_CURVE('',#1815,#1816,#984,.T.);
#2321=EDGE_CURVE('',#1817,#1816,#985,.T.);
#2322=EDGE_CURVE('',#1814,#1817,#986,.T.);
#2323=EDGE_CURVE('',#1818,#1814,#987,.T.);
#2324=EDGE_CURVE('',#1819,#1817,#988,.T.);
#2325=EDGE_CURVE('',#1818,#1819,#989,.T.);
#2326=EDGE_CURVE('',#1820,#1818,#990,.T.);
#2327=EDGE_CURVE('',#1821,#1819,#991,.T.);
#2328=EDGE_CURVE('',#1820,#1821,#992,.T.);
#2329=EDGE_CURVE('',#1815,#1820,#993,.T.);
#2330=EDGE_CURVE('',#1816,#1821,#994,.T.);
#2331=EDGE_CURVE('',#1822,#1823,#995,.T.);
#2332=EDGE_CURVE('',#1823,#1824,#996,.T.);
#2333=EDGE_CURVE('',#1825,#1824,#997,.T.);
#2334=EDGE_CURVE('',#1822,#1825,#998,.T.);
#2335=EDGE_CURVE('',#1826,#1822,#92,.T.);
#2336=EDGE_CURVE('',#1827,#1825,#93,.T.);
#2337=EDGE_CURVE('',#1826,#1827,#999,.T.);
#2338=EDGE_CURVE('',#1828,#1826,#1000,.T.);
#2339=EDGE_CURVE('',#1829,#1827,#1001,.T.);
#2340=EDGE_CURVE('',#1828,#1829,#1002,.T.);
#2341=EDGE_CURVE('',#1830,#1828,#55,.T.);
#2342=EDGE_CURVE('',#1831,#1829,#56,.T.);
#2343=EDGE_CURVE('',#1830,#1831,#1003,.T.);
#2344=EDGE_CURVE('',#1832,#1830,#1004,.T.);
#2345=EDGE_CURVE('',#1833,#1831,#1005,.T.);
#2346=EDGE_CURVE('',#1832,#1833,#1006,.T.);
#2347=EDGE_CURVE('',#1834,#1832,#57,.T.);
#2348=EDGE_CURVE('',#1835,#1833,#58,.T.);
#2349=EDGE_CURVE('',#1834,#1835,#1007,.T.);
#2350=EDGE_CURVE('',#1836,#1834,#1008,.T.);
#2351=EDGE_CURVE('',#1837,#1835,#1009,.T.);
#2352=EDGE_CURVE('',#1836,#1837,#1010,.T.);
#2353=EDGE_CURVE('',#1838,#1836,#94,.T.);
#2354=EDGE_CURVE('',#1839,#1837,#95,.T.);
#2355=EDGE_CURVE('',#1838,#1839,#1011,.T.);
#2356=EDGE_CURVE('',#1840,#1838,#1012,.T.);
#2357=EDGE_CURVE('',#1841,#1839,#1013,.T.);
#2358=EDGE_CURVE('',#1840,#1841,#1014,.T.);
#2359=EDGE_CURVE('',#1823,#1840,#1015,.T.);
#2360=EDGE_CURVE('',#1824,#1841,#1016,.T.);
#2361=EDGE_CURVE('',#1842,#1843,#1017,.T.);
#2362=EDGE_CURVE('',#1843,#1844,#1018,.T.);
#2363=EDGE_CURVE('',#1845,#1844,#1019,.T.);
#2364=EDGE_CURVE('',#1842,#1845,#1020,.T.);
#2365=EDGE_CURVE('',#1846,#1842,#1021,.T.);
#2366=EDGE_CURVE('',#1847,#1845,#1022,.T.);
#2367=EDGE_CURVE('',#1846,#1847,#1023,.T.);
#2368=EDGE_CURVE('',#1848,#1846,#1024,.T.);
#2369=EDGE_CURVE('',#1849,#1847,#1025,.T.);
#2370=EDGE_CURVE('',#1848,#1849,#1026,.T.);
#2371=EDGE_CURVE('',#1843,#1848,#1027,.T.);
#2372=EDGE_CURVE('',#1844,#1849,#1028,.T.);
#2373=EDGE_CURVE('',#1850,#1850,#96,.T.);
#2374=EDGE_CURVE('',#1851,#1851,#97,.T.);
#2375=ORIENTED_EDGE('',*,*,#1852,.F.);
#2376=ORIENTED_EDGE('',*,*,#1853,.F.);
#2377=ORIENTED_EDGE('',*,*,#1854,.F.);
#2378=ORIENTED_EDGE('',*,*,#1855,.F.);
#2379=ORIENTED_EDGE('',*,*,#1856,.F.);
#2380=ORIENTED_EDGE('',*,*,#1857,.F.);
#2381=ORIENTED_EDGE('',*,*,#1855,.T.);
#2382=ORIENTED_EDGE('',*,*,#1858,.T.);
#2383=ORIENTED_EDGE('',*,*,#1859,.F.);
#2384=ORIENTED_EDGE('',*,*,#1858,.F.);
#2385=ORIENTED_EDGE('',*,*,#1854,.T.);
#2386=ORIENTED_EDGE('',*,*,#1860,.T.);
#2387=ORIENTED_EDGE('',*,*,#1861,.F.);
#2388=ORIENTED_EDGE('',*,*,#1860,.F.);
#2389=ORIENTED_EDGE('',*,*,#1853,.T.);
#2390=ORIENTED_EDGE('',*,*,#1862,.T.);
#2391=ORIENTED_EDGE('',*,*,#1863,.F.);
#2392=ORIENTED_EDGE('',*,*,#1862,.F.);
#2393=ORIENTED_EDGE('',*,*,#1852,.T.);
#2394=ORIENTED_EDGE('',*,*,#1857,.T.);
#2395=ORIENTED_EDGE('',*,*,#1861,.T.);
#2396=ORIENTED_EDGE('',*,*,#1863,.T.);
#2397=ORIENTED_EDGE('',*,*,#1856,.T.);
#2398=ORIENTED_EDGE('',*,*,#1859,.T.);
#2399=ORIENTED_EDGE('',*,*,#1864,.F.);
#2400=ORIENTED_EDGE('',*,*,#1865,.T.);
#2401=ORIENTED_EDGE('',*,*,#1866,.T.);
#2402=ORIENTED_EDGE('',*,*,#1867,.F.);
#2403=ORIENTED_EDGE('',*,*,#1868,.F.);
#2404=ORIENTED_EDGE('',*,*,#1869,.T.);
#2405=ORIENTED_EDGE('',*,*,#1870,.T.);
#2406=ORIENTED_EDGE('',*,*,#1865,.F.);
#2407=ORIENTED_EDGE('',*,*,#1871,.F.);
#2408=ORIENTED_EDGE('',*,*,#1872,.T.);
#2409=ORIENTED_EDGE('',*,*,#1873,.T.);
#2410=ORIENTED_EDGE('',*,*,#1869,.F.);
#2411=ORIENTED_EDGE('',*,*,#1874,.F.);
#2412=ORIENTED_EDGE('',*,*,#1875,.T.);
#2413=ORIENTED_EDGE('',*,*,#1876,.T.);
#2414=ORIENTED_EDGE('',*,*,#1872,.F.);
#2415=ORIENTED_EDGE('',*,*,#1877,.F.);
#2416=ORIENTED_EDGE('',*,*,#1878,.T.);
#2417=ORIENTED_EDGE('',*,*,#1879,.T.);
#2418=ORIENTED_EDGE('',*,*,#1875,.F.);
#2419=ORIENTED_EDGE('',*,*,#1880,.F.);
#2420=ORIENTED_EDGE('',*,*,#1881,.T.);
#2421=ORIENTED_EDGE('',*,*,#1882,.T.);
#2422=ORIENTED_EDGE('',*,*,#1878,.F.);
#2423=ORIENTED_EDGE('',*,*,#1883,.F.);
#2424=ORIENTED_EDGE('',*,*,#1884,.T.);
#2425=ORIENTED_EDGE('',*,*,#1885,.T.);
#2426=ORIENTED_EDGE('',*,*,#1881,.F.);
#2427=ORIENTED_EDGE('',*,*,#1886,.F.);
#2428=ORIENTED_EDGE('',*,*,#1887,.T.);
#2429=ORIENTED_EDGE('',*,*,#1888,.T.);
#2430=ORIENTED_EDGE('',*,*,#1884,.F.);
#2431=ORIENTED_EDGE('',*,*,#1889,.F.);
#2432=ORIENTED_EDGE('',*,*,#1890,.T.);
#2433=ORIENTED_EDGE('',*,*,#1891,.T.);
#2434=ORIENTED_EDGE('',*,*,#1887,.F.);
#2435=ORIENTED_EDGE('',*,*,#1892,.F.);
#2436=ORIENTED_EDGE('',*,*,#1893,.T.);
#2437=ORIENTED_EDGE('',*,*,#1894,.T.);
#2438=ORIENTED_EDGE('',*,*,#1890,.F.);
#2439=ORIENTED_EDGE('',*,*,#1895,.F.);
#2440=ORIENTED_EDGE('',*,*,#1896,.T.);
#2441=ORIENTED_EDGE('',*,*,#1897,.T.);
#2442=ORIENTED_EDGE('',*,*,#1893,.F.);
#2443=ORIENTED_EDGE('',*,*,#1898,.F.);
#2444=ORIENTED_EDGE('',*,*,#1899,.T.);
#2445=ORIENTED_EDGE('',*,*,#1900,.T.);
#2446=ORIENTED_EDGE('',*,*,#1896,.F.);
#2447=ORIENTED_EDGE('',*,*,#1901,.F.);
#2448=ORIENTED_EDGE('',*,*,#1902,.T.);
#2449=ORIENTED_EDGE('',*,*,#1903,.T.);
#2450=ORIENTED_EDGE('',*,*,#1899,.F.);
#2451=ORIENTED_EDGE('',*,*,#1904,.F.);
#2452=ORIENTED_EDGE('',*,*,#1905,.T.);
#2453=ORIENTED_EDGE('',*,*,#1906,.T.);
#2454=ORIENTED_EDGE('',*,*,#1902,.F.);
#2455=ORIENTED_EDGE('',*,*,#1907,.F.);
#2456=ORIENTED_EDGE('',*,*,#1908,.T.);
#2457=ORIENTED_EDGE('',*,*,#1909,.T.);
#2458=ORIENTED_EDGE('',*,*,#1905,.F.);
#2459=ORIENTED_EDGE('',*,*,#1910,.F.);
#2460=ORIENTED_EDGE('',*,*,#1911,.T.);
#2461=ORIENTED_EDGE('',*,*,#1912,.T.);
#2462=ORIENTED_EDGE('',*,*,#1908,.F.);
#2463=ORIENTED_EDGE('',*,*,#1913,.F.);
#2464=ORIENTED_EDGE('',*,*,#1914,.T.);
#2465=ORIENTED_EDGE('',*,*,#1915,.T.);
#2466=ORIENTED_EDGE('',*,*,#1911,.F.);
#2467=ORIENTED_EDGE('',*,*,#1916,.F.);
#2468=ORIENTED_EDGE('',*,*,#1917,.T.);
#2469=ORIENTED_EDGE('',*,*,#1918,.T.);
#2470=ORIENTED_EDGE('',*,*,#1914,.F.);
#2471=ORIENTED_EDGE('',*,*,#1919,.F.);
#2472=ORIENTED_EDGE('',*,*,#1920,.T.);
#2473=ORIENTED_EDGE('',*,*,#1921,.T.);
#2474=ORIENTED_EDGE('',*,*,#1917,.F.);
#2475=ORIENTED_EDGE('',*,*,#1922,.F.);
#2476=ORIENTED_EDGE('',*,*,#1923,.T.);
#2477=ORIENTED_EDGE('',*,*,#1924,.T.);
#2478=ORIENTED_EDGE('',*,*,#1920,.F.);
#2479=ORIENTED_EDGE('',*,*,#1925,.F.);
#2480=ORIENTED_EDGE('',*,*,#1926,.T.);
#2481=ORIENTED_EDGE('',*,*,#1927,.T.);
#2482=ORIENTED_EDGE('',*,*,#1923,.F.);
#2483=ORIENTED_EDGE('',*,*,#1928,.F.);
#2484=ORIENTED_EDGE('',*,*,#1929,.T.);
#2485=ORIENTED_EDGE('',*,*,#1930,.T.);
#2486=ORIENTED_EDGE('',*,*,#1926,.F.);
#2487=ORIENTED_EDGE('',*,*,#1931,.F.);
#2488=ORIENTED_EDGE('',*,*,#1932,.T.);
#2489=ORIENTED_EDGE('',*,*,#1933,.T.);
#2490=ORIENTED_EDGE('',*,*,#1929,.F.);
#2491=ORIENTED_EDGE('',*,*,#1934,.F.);
#2492=ORIENTED_EDGE('',*,*,#1935,.T.);
#2493=ORIENTED_EDGE('',*,*,#1936,.T.);
#2494=ORIENTED_EDGE('',*,*,#1932,.F.);
#2495=ORIENTED_EDGE('',*,*,#1937,.F.);
#2496=ORIENTED_EDGE('',*,*,#1938,.T.);
#2497=ORIENTED_EDGE('',*,*,#1939,.T.);
#2498=ORIENTED_EDGE('',*,*,#1935,.F.);
#2499=ORIENTED_EDGE('',*,*,#1940,.F.);
#2500=ORIENTED_EDGE('',*,*,#1941,.T.);
#2501=ORIENTED_EDGE('',*,*,#1942,.T.);
#2502=ORIENTED_EDGE('',*,*,#1938,.F.);
#2503=ORIENTED_EDGE('',*,*,#1943,.F.);
#2504=ORIENTED_EDGE('',*,*,#1944,.T.);
#2505=ORIENTED_EDGE('',*,*,#1945,.T.);
#2506=ORIENTED_EDGE('',*,*,#1941,.F.);
#2507=ORIENTED_EDGE('',*,*,#1946,.F.);
#2508=ORIENTED_EDGE('',*,*,#1947,.T.);
#2509=ORIENTED_EDGE('',*,*,#1948,.T.);
#2510=ORIENTED_EDGE('',*,*,#1944,.F.);
#2511=ORIENTED_EDGE('',*,*,#1949,.F.);
#2512=ORIENTED_EDGE('',*,*,#1950,.T.);
#2513=ORIENTED_EDGE('',*,*,#1951,.T.);
#2514=ORIENTED_EDGE('',*,*,#1947,.F.);
#2515=ORIENTED_EDGE('',*,*,#1952,.F.);
#2516=ORIENTED_EDGE('',*,*,#1867,.T.);
#2517=ORIENTED_EDGE('',*,*,#1953,.T.);
#2518=ORIENTED_EDGE('',*,*,#1950,.F.);
#2519=ORIENTED_EDGE('',*,*,#1953,.F.);
#2520=ORIENTED_EDGE('',*,*,#1866,.F.);
#2521=ORIENTED_EDGE('',*,*,#1870,.F.);
#2522=ORIENTED_EDGE('',*,*,#1873,.F.);
#2523=ORIENTED_EDGE('',*,*,#1876,.F.);
#2524=ORIENTED_EDGE('',*,*,#1879,.F.);
#2525=ORIENTED_EDGE('',*,*,#1882,.F.);
#2526=ORIENTED_EDGE('',*,*,#1885,.F.);
#2527=ORIENTED_EDGE('',*,*,#1888,.F.);
#2528=ORIENTED_EDGE('',*,*,#1891,.F.);
#2529=ORIENTED_EDGE('',*,*,#1894,.F.);
#2530=ORIENTED_EDGE('',*,*,#1897,.F.);
#2531=ORIENTED_EDGE('',*,*,#1900,.F.);
#2532=ORIENTED_EDGE('',*,*,#1903,.F.);
#2533=ORIENTED_EDGE('',*,*,#1906,.F.);
#2534=ORIENTED_EDGE('',*,*,#1909,.F.);
#2535=ORIENTED_EDGE('',*,*,#1912,.F.);
#2536=ORIENTED_EDGE('',*,*,#1915,.F.);
#2537=ORIENTED_EDGE('',*,*,#1918,.F.);
#2538=ORIENTED_EDGE('',*,*,#1921,.F.);
#2539=ORIENTED_EDGE('',*,*,#1924,.F.);
#2540=ORIENTED_EDGE('',*,*,#1927,.F.);
#2541=ORIENTED_EDGE('',*,*,#1930,.F.);
#2542=ORIENTED_EDGE('',*,*,#1933,.F.);
#2543=ORIENTED_EDGE('',*,*,#1936,.F.);
#2544=ORIENTED_EDGE('',*,*,#1939,.F.);
#2545=ORIENTED_EDGE('',*,*,#1942,.F.);
#2546=ORIENTED_EDGE('',*,*,#1945,.F.);
#2547=ORIENTED_EDGE('',*,*,#1948,.F.);
#2548=ORIENTED_EDGE('',*,*,#1951,.F.);
#2549=ORIENTED_EDGE('',*,*,#1952,.T.);
#2550=ORIENTED_EDGE('',*,*,#1949,.T.);
#2551=ORIENTED_EDGE('',*,*,#1946,.T.);
#2552=ORIENTED_EDGE('',*,*,#1943,.T.);
#2553=ORIENTED_EDGE('',*,*,#1940,.T.);
#2554=ORIENTED_EDGE('',*,*,#1937,.T.);
#2555=ORIENTED_EDGE('',*,*,#1934,.T.);
#2556=ORIENTED_EDGE('',*,*,#1931,.T.);
#2557=ORIENTED_EDGE('',*,*,#1928,.T.);
#2558=ORIENTED_EDGE('',*,*,#1925,.T.);
#2559=ORIENTED_EDGE('',*,*,#1922,.T.);
#2560=ORIENTED_EDGE('',*,*,#1919,.T.);
#2561=ORIENTED_EDGE('',*,*,#1916,.T.);
#2562=ORIENTED_EDGE('',*,*,#1913,.T.);
#2563=ORIENTED_EDGE('',*,*,#1910,.T.);
#2564=ORIENTED_EDGE('',*,*,#1907,.T.);
#2565=ORIENTED_EDGE('',*,*,#1904,.T.);
#2566=ORIENTED_EDGE('',*,*,#1901,.T.);
#2567=ORIENTED_EDGE('',*,*,#1898,.T.);
#2568=ORIENTED_EDGE('',*,*,#1895,.T.);
#2569=ORIENTED_EDGE('',*,*,#1892,.T.);
#2570=ORIENTED_EDGE('',*,*,#1889,.T.);
#2571=ORIENTED_EDGE('',*,*,#1886,.T.);
#2572=ORIENTED_EDGE('',*,*,#1883,.T.);
#2573=ORIENTED_EDGE('',*,*,#1880,.T.);
#2574=ORIENTED_EDGE('',*,*,#1877,.T.);
#2575=ORIENTED_EDGE('',*,*,#1874,.T.);
#2576=ORIENTED_EDGE('',*,*,#1871,.T.);
#2577=ORIENTED_EDGE('',*,*,#1868,.T.);
#2578=ORIENTED_EDGE('',*,*,#1864,.T.);
#2579=ORIENTED_EDGE('',*,*,#1954,.F.);
#2580=ORIENTED_EDGE('',*,*,#1955,.T.);
#2581=ORIENTED_EDGE('',*,*,#1956,.T.);
#2582=ORIENTED_EDGE('',*,*,#1957,.F.);
#2583=ORIENTED_EDGE('',*,*,#1958,.F.);
#2584=ORIENTED_EDGE('',*,*,#1959,.T.);
#2585=ORIENTED_EDGE('',*,*,#1960,.T.);
#2586=ORIENTED_EDGE('',*,*,#1955,.F.);
#2587=ORIENTED_EDGE('',*,*,#1961,.F.);
#2588=ORIENTED_EDGE('',*,*,#1962,.T.);
#2589=ORIENTED_EDGE('',*,*,#1963,.T.);
#2590=ORIENTED_EDGE('',*,*,#1959,.F.);
#2591=ORIENTED_EDGE('',*,*,#1964,.F.);
#2592=ORIENTED_EDGE('',*,*,#1965,.T.);
#2593=ORIENTED_EDGE('',*,*,#1966,.T.);
#2594=ORIENTED_EDGE('',*,*,#1962,.F.);
#2595=ORIENTED_EDGE('',*,*,#1967,.F.);
#2596=ORIENTED_EDGE('',*,*,#1968,.T.);
#2597=ORIENTED_EDGE('',*,*,#1969,.T.);
#2598=ORIENTED_EDGE('',*,*,#1965,.F.);
#2599=ORIENTED_EDGE('',*,*,#1970,.F.);
#2600=ORIENTED_EDGE('',*,*,#1971,.T.);
#2601=ORIENTED_EDGE('',*,*,#1972,.T.);
#2602=ORIENTED_EDGE('',*,*,#1968,.F.);
#2603=ORIENTED_EDGE('',*,*,#1973,.F.);
#2604=ORIENTED_EDGE('',*,*,#1974,.T.);
#2605=ORIENTED_EDGE('',*,*,#1975,.T.);
#2606=ORIENTED_EDGE('',*,*,#1971,.F.);
#2607=ORIENTED_EDGE('',*,*,#1976,.F.);
#2608=ORIENTED_EDGE('',*,*,#1957,.T.);
#2609=ORIENTED_EDGE('',*,*,#1977,.T.);
#2610=ORIENTED_EDGE('',*,*,#1974,.F.);
#2611=ORIENTED_EDGE('',*,*,#1977,.F.);
#2612=ORIENTED_EDGE('',*,*,#1956,.F.);
#2613=ORIENTED_EDGE('',*,*,#1960,.F.);
#2614=ORIENTED_EDGE('',*,*,#1963,.F.);
#2615=ORIENTED_EDGE('',*,*,#1966,.F.);
#2616=ORIENTED_EDGE('',*,*,#1969,.F.);
#2617=ORIENTED_EDGE('',*,*,#1972,.F.);
#2618=ORIENTED_EDGE('',*,*,#1975,.F.);
#2619=ORIENTED_EDGE('',*,*,#1976,.T.);
#2620=ORIENTED_EDGE('',*,*,#1973,.T.);
#2621=ORIENTED_EDGE('',*,*,#1970,.T.);
#2622=ORIENTED_EDGE('',*,*,#1967,.T.);
#2623=ORIENTED_EDGE('',*,*,#1964,.T.);
#2624=ORIENTED_EDGE('',*,*,#1961,.T.);
#2625=ORIENTED_EDGE('',*,*,#1958,.T.);
#2626=ORIENTED_EDGE('',*,*,#1954,.T.);
#2627=ORIENTED_EDGE('',*,*,#1978,.T.);
#2628=ORIENTED_EDGE('',*,*,#1979,.T.);
#2629=ORIENTED_EDGE('',*,*,#1980,.F.);
#2630=ORIENTED_EDGE('',*,*,#1981,.F.);
#2631=ORIENTED_EDGE('',*,*,#1982,.T.);
#2632=ORIENTED_EDGE('',*,*,#1981,.T.);
#2633=ORIENTED_EDGE('',*,*,#1983,.F.);
#2634=ORIENTED_EDGE('',*,*,#1984,.F.);
#2635=ORIENTED_EDGE('',*,*,#1985,.T.);
#2636=ORIENTED_EDGE('',*,*,#1984,.T.);
#2637=ORIENTED_EDGE('',*,*,#1986,.F.);
#2638=ORIENTED_EDGE('',*,*,#1987,.F.);
#2639=ORIENTED_EDGE('',*,*,#1988,.T.);
#2640=ORIENTED_EDGE('',*,*,#1987,.T.);
#2641=ORIENTED_EDGE('',*,*,#1989,.F.);
#2642=ORIENTED_EDGE('',*,*,#1990,.F.);
#2643=ORIENTED_EDGE('',*,*,#1991,.T.);
#2644=ORIENTED_EDGE('',*,*,#1990,.T.);
#2645=ORIENTED_EDGE('',*,*,#1992,.F.);
#2646=ORIENTED_EDGE('',*,*,#1993,.F.);
#2647=ORIENTED_EDGE('',*,*,#1994,.T.);
#2648=ORIENTED_EDGE('',*,*,#1993,.T.);
#2649=ORIENTED_EDGE('',*,*,#1995,.F.);
#2650=ORIENTED_EDGE('',*,*,#1996,.F.);
#2651=ORIENTED_EDGE('',*,*,#1997,.T.);
#2652=ORIENTED_EDGE('',*,*,#1996,.T.);
#2653=ORIENTED_EDGE('',*,*,#1998,.F.);
#2654=ORIENTED_EDGE('',*,*,#1999,.F.);
#2655=ORIENTED_EDGE('',*,*,#2000,.T.);
#2656=ORIENTED_EDGE('',*,*,#1999,.T.);
#2657=ORIENTED_EDGE('',*,*,#2001,.F.);
#2658=ORIENTED_EDGE('',*,*,#2002,.F.);
#2659=ORIENTED_EDGE('',*,*,#2003,.T.);
#2660=ORIENTED_EDGE('',*,*,#2002,.T.);
#2661=ORIENTED_EDGE('',*,*,#2004,.F.);
#2662=ORIENTED_EDGE('',*,*,#2005,.F.);
#2663=ORIENTED_EDGE('',*,*,#2006,.T.);
#2664=ORIENTED_EDGE('',*,*,#2005,.T.);
#2665=ORIENTED_EDGE('',*,*,#2007,.F.);
#2666=ORIENTED_EDGE('',*,*,#2008,.F.);
#2667=ORIENTED_EDGE('',*,*,#2009,.T.);
#2668=ORIENTED_EDGE('',*,*,#2008,.T.);
#2669=ORIENTED_EDGE('',*,*,#2010,.F.);
#2670=ORIENTED_EDGE('',*,*,#2011,.F.);
#2671=ORIENTED_EDGE('',*,*,#2012,.T.);
#2672=ORIENTED_EDGE('',*,*,#2011,.T.);
#2673=ORIENTED_EDGE('',*,*,#2013,.F.);
#2674=ORIENTED_EDGE('',*,*,#2014,.F.);
#2675=ORIENTED_EDGE('',*,*,#2015,.T.);
#2676=ORIENTED_EDGE('',*,*,#2014,.T.);
#2677=ORIENTED_EDGE('',*,*,#2016,.F.);
#2678=ORIENTED_EDGE('',*,*,#2017,.F.);
#2679=ORIENTED_EDGE('',*,*,#2018,.T.);
#2680=ORIENTED_EDGE('',*,*,#2017,.T.);
#2681=ORIENTED_EDGE('',*,*,#2019,.F.);
#2682=ORIENTED_EDGE('',*,*,#2020,.F.);
#2683=ORIENTED_EDGE('',*,*,#2021,.T.);
#2684=ORIENTED_EDGE('',*,*,#2020,.T.);
#2685=ORIENTED_EDGE('',*,*,#2022,.F.);
#2686=ORIENTED_EDGE('',*,*,#2023,.F.);
#2687=ORIENTED_EDGE('',*,*,#2024,.T.);
#2688=ORIENTED_EDGE('',*,*,#2023,.T.);
#2689=ORIENTED_EDGE('',*,*,#2025,.F.);
#2690=ORIENTED_EDGE('',*,*,#1979,.F.);
#2691=ORIENTED_EDGE('',*,*,#2025,.T.);
#2692=ORIENTED_EDGE('',*,*,#2022,.T.);
#2693=ORIENTED_EDGE('',*,*,#2019,.T.);
#2694=ORIENTED_EDGE('',*,*,#2016,.T.);
#2695=ORIENTED_EDGE('',*,*,#2013,.T.);
#2696=ORIENTED_EDGE('',*,*,#2010,.T.);
#2697=ORIENTED_EDGE('',*,*,#2007,.T.);
#2698=ORIENTED_EDGE('',*,*,#2004,.T.);
#2699=ORIENTED_EDGE('',*,*,#2001,.T.);
#2700=ORIENTED_EDGE('',*,*,#1998,.T.);
#2701=ORIENTED_EDGE('',*,*,#1995,.T.);
#2702=ORIENTED_EDGE('',*,*,#1992,.T.);
#2703=ORIENTED_EDGE('',*,*,#1989,.T.);
#2704=ORIENTED_EDGE('',*,*,#1986,.T.);
#2705=ORIENTED_EDGE('',*,*,#1983,.T.);
#2706=ORIENTED_EDGE('',*,*,#1980,.T.);
#2707=ORIENTED_EDGE('',*,*,#2024,.F.);
#2708=ORIENTED_EDGE('',*,*,#1978,.F.);
#2709=ORIENTED_EDGE('',*,*,#1982,.F.);
#2710=ORIENTED_EDGE('',*,*,#1985,.F.);
#2711=ORIENTED_EDGE('',*,*,#1988,.F.);
#2712=ORIENTED_EDGE('',*,*,#1991,.F.);
#2713=ORIENTED_EDGE('',*,*,#1994,.F.);
#2714=ORIENTED_EDGE('',*,*,#1997,.F.);
#2715=ORIENTED_EDGE('',*,*,#2000,.F.);
#2716=ORIENTED_EDGE('',*,*,#2003,.F.);
#2717=ORIENTED_EDGE('',*,*,#2006,.F.);
#2718=ORIENTED_EDGE('',*,*,#2009,.F.);
#2719=ORIENTED_EDGE('',*,*,#2012,.F.);
#2720=ORIENTED_EDGE('',*,*,#2015,.F.);
#2721=ORIENTED_EDGE('',*,*,#2018,.F.);
#2722=ORIENTED_EDGE('',*,*,#2021,.F.);
#2723=ORIENTED_EDGE('',*,*,#2026,.T.);
#2724=ORIENTED_EDGE('',*,*,#2027,.T.);
#2725=ORIENTED_EDGE('',*,*,#2028,.T.);
#2726=ORIENTED_EDGE('',*,*,#2029,.T.);
#2727=ORIENTED_EDGE('',*,*,#2026,.F.);
#2728=ORIENTED_EDGE('',*,*,#2030,.T.);
#2729=ORIENTED_EDGE('',*,*,#2031,.T.);
#2730=ORIENTED_EDGE('',*,*,#2032,.T.);
#2731=ORIENTED_EDGE('',*,*,#2033,.T.);
#2732=ORIENTED_EDGE('',*,*,#2034,.T.);
#2733=ORIENTED_EDGE('',*,*,#2035,.T.);
#2734=ORIENTED_EDGE('',*,*,#2036,.T.);
#2735=ORIENTED_EDGE('',*,*,#2037,.T.);
#2736=ORIENTED_EDGE('',*,*,#2038,.T.);
#2737=ORIENTED_EDGE('',*,*,#2039,.T.);
#2738=ORIENTED_EDGE('',*,*,#2040,.T.);
#2739=ORIENTED_EDGE('',*,*,#2041,.T.);
#2740=ORIENTED_EDGE('',*,*,#2042,.T.);
#2741=ORIENTED_EDGE('',*,*,#2043,.T.);
#2742=ORIENTED_EDGE('',*,*,#2044,.T.);
#2743=ORIENTED_EDGE('',*,*,#2045,.T.);
#2744=ORIENTED_EDGE('',*,*,#2046,.T.);
#2745=ORIENTED_EDGE('',*,*,#2047,.T.);
#2746=ORIENTED_EDGE('',*,*,#2048,.T.);
#2747=ORIENTED_EDGE('',*,*,#2049,.T.);
#2748=ORIENTED_EDGE('',*,*,#2050,.T.);
#2749=ORIENTED_EDGE('',*,*,#2051,.T.);
#2750=ORIENTED_EDGE('',*,*,#2052,.T.);
#2751=ORIENTED_EDGE('',*,*,#2053,.T.);
#2752=ORIENTED_EDGE('',*,*,#2054,.T.);
#2753=ORIENTED_EDGE('',*,*,#2055,.T.);
#2754=ORIENTED_EDGE('',*,*,#2056,.T.);
#2755=ORIENTED_EDGE('',*,*,#2029,.F.);
#2756=ORIENTED_EDGE('',*,*,#2057,.F.);
#2757=ORIENTED_EDGE('',*,*,#2058,.T.);
#2758=ORIENTED_EDGE('',*,*,#2030,.F.);
#2759=ORIENTED_EDGE('',*,*,#2059,.T.);
#2760=ORIENTED_EDGE('',*,*,#2060,.T.);
#2761=ORIENTED_EDGE('',*,*,#2039,.F.);
#2762=ORIENTED_EDGE('',*,*,#2061,.F.);
#2763=ORIENTED_EDGE('',*,*,#2062,.T.);
#2764=ORIENTED_EDGE('',*,*,#2061,.T.);
#2765=ORIENTED_EDGE('',*,*,#2038,.F.);
#2766=ORIENTED_EDGE('',*,*,#2063,.F.);
#2767=ORIENTED_EDGE('',*,*,#2064,.T.);
#2768=ORIENTED_EDGE('',*,*,#2063,.T.);
#2769=ORIENTED_EDGE('',*,*,#2037,.F.);
#2770=ORIENTED_EDGE('',*,*,#2065,.F.);
#2771=ORIENTED_EDGE('',*,*,#2066,.T.);
#2772=ORIENTED_EDGE('',*,*,#2065,.T.);
#2773=ORIENTED_EDGE('',*,*,#2036,.F.);
#2774=ORIENTED_EDGE('',*,*,#2067,.F.);
#2775=ORIENTED_EDGE('',*,*,#2068,.T.);
#2776=ORIENTED_EDGE('',*,*,#2067,.T.);
#2777=ORIENTED_EDGE('',*,*,#2035,.F.);
#2778=ORIENTED_EDGE('',*,*,#2069,.F.);
#2779=ORIENTED_EDGE('',*,*,#2070,.T.);
#2780=ORIENTED_EDGE('',*,*,#2069,.T.);
#2781=ORIENTED_EDGE('',*,*,#2034,.F.);
#2782=ORIENTED_EDGE('',*,*,#2071,.F.);
#2783=ORIENTED_EDGE('',*,*,#2072,.T.);
#2784=ORIENTED_EDGE('',*,*,#2071,.T.);
#2785=ORIENTED_EDGE('',*,*,#2033,.F.);
#2786=ORIENTED_EDGE('',*,*,#2073,.F.);
#2787=ORIENTED_EDGE('',*,*,#2074,.T.);
#2788=ORIENTED_EDGE('',*,*,#2073,.T.);
#2789=ORIENTED_EDGE('',*,*,#2032,.F.);
#2790=ORIENTED_EDGE('',*,*,#2075,.F.);
#2791=ORIENTED_EDGE('',*,*,#2076,.T.);
#2792=ORIENTED_EDGE('',*,*,#2075,.T.);
#2793=ORIENTED_EDGE('',*,*,#2031,.F.);
#2794=ORIENTED_EDGE('',*,*,#2058,.F.);
#2795=ORIENTED_EDGE('',*,*,#2077,.T.);
#2796=ORIENTED_EDGE('',*,*,#2078,.T.);
#2797=ORIENTED_EDGE('',*,*,#2055,.F.);
#2798=ORIENTED_EDGE('',*,*,#2079,.F.);
#2799=ORIENTED_EDGE('',*,*,#2080,.T.);
#2800=ORIENTED_EDGE('',*,*,#2079,.T.);
#2801=ORIENTED_EDGE('',*,*,#2054,.F.);
#2802=ORIENTED_EDGE('',*,*,#2081,.F.);
#2803=ORIENTED_EDGE('',*,*,#2082,.T.);
#2804=ORIENTED_EDGE('',*,*,#2081,.T.);
#2805=ORIENTED_EDGE('',*,*,#2053,.F.);
#2806=ORIENTED_EDGE('',*,*,#2083,.F.);
#2807=ORIENTED_EDGE('',*,*,#2084,.T.);
#2808=ORIENTED_EDGE('',*,*,#2083,.T.);
#2809=ORIENTED_EDGE('',*,*,#2052,.F.);
#2810=ORIENTED_EDGE('',*,*,#2085,.F.);
#2811=ORIENTED_EDGE('',*,*,#2086,.T.);
#2812=ORIENTED_EDGE('',*,*,#2085,.T.);
#2813=ORIENTED_EDGE('',*,*,#2051,.F.);
#2814=ORIENTED_EDGE('',*,*,#2087,.F.);
#2815=ORIENTED_EDGE('',*,*,#2088,.T.);
#2816=ORIENTED_EDGE('',*,*,#2087,.T.);
#2817=ORIENTED_EDGE('',*,*,#2050,.F.);
#2818=ORIENTED_EDGE('',*,*,#2089,.F.);
#2819=ORIENTED_EDGE('',*,*,#2090,.T.);
#2820=ORIENTED_EDGE('',*,*,#2089,.T.);
#2821=ORIENTED_EDGE('',*,*,#2049,.F.);
#2822=ORIENTED_EDGE('',*,*,#2091,.F.);
#2823=ORIENTED_EDGE('',*,*,#2092,.T.);
#2824=ORIENTED_EDGE('',*,*,#2091,.T.);
#2825=ORIENTED_EDGE('',*,*,#2048,.F.);
#2826=ORIENTED_EDGE('',*,*,#2093,.F.);
#2827=ORIENTED_EDGE('',*,*,#2094,.T.);
#2828=ORIENTED_EDGE('',*,*,#2093,.T.);
#2829=ORIENTED_EDGE('',*,*,#2047,.F.);
#2830=ORIENTED_EDGE('',*,*,#2095,.F.);
#2831=ORIENTED_EDGE('',*,*,#2096,.T.);
#2832=ORIENTED_EDGE('',*,*,#2095,.T.);
#2833=ORIENTED_EDGE('',*,*,#2046,.F.);
#2834=ORIENTED_EDGE('',*,*,#2097,.F.);
#2835=ORIENTED_EDGE('',*,*,#2098,.T.);
#2836=ORIENTED_EDGE('',*,*,#2097,.T.);
#2837=ORIENTED_EDGE('',*,*,#2045,.F.);
#2838=ORIENTED_EDGE('',*,*,#2099,.F.);
#2839=ORIENTED_EDGE('',*,*,#2100,.T.);
#2840=ORIENTED_EDGE('',*,*,#2099,.T.);
#2841=ORIENTED_EDGE('',*,*,#2044,.F.);
#2842=ORIENTED_EDGE('',*,*,#2101,.F.);
#2843=ORIENTED_EDGE('',*,*,#2102,.T.);
#2844=ORIENTED_EDGE('',*,*,#2101,.T.);
#2845=ORIENTED_EDGE('',*,*,#2043,.F.);
#2846=ORIENTED_EDGE('',*,*,#2103,.F.);
#2847=ORIENTED_EDGE('',*,*,#2104,.T.);
#2848=ORIENTED_EDGE('',*,*,#2103,.T.);
#2849=ORIENTED_EDGE('',*,*,#2042,.F.);
#2850=ORIENTED_EDGE('',*,*,#2105,.F.);
#2851=ORIENTED_EDGE('',*,*,#2106,.T.);
#2852=ORIENTED_EDGE('',*,*,#2105,.T.);
#2853=ORIENTED_EDGE('',*,*,#2041,.F.);
#2854=ORIENTED_EDGE('',*,*,#2107,.F.);
#2855=ORIENTED_EDGE('',*,*,#2108,.T.);
#2856=ORIENTED_EDGE('',*,*,#2107,.T.);
#2857=ORIENTED_EDGE('',*,*,#2040,.F.);
#2858=ORIENTED_EDGE('',*,*,#2060,.F.);
#2859=ORIENTED_EDGE('',*,*,#2027,.F.);
#2860=ORIENTED_EDGE('',*,*,#2056,.F.);
#2861=ORIENTED_EDGE('',*,*,#2078,.F.);
#2862=ORIENTED_EDGE('',*,*,#2109,.F.);
#2863=ORIENTED_EDGE('',*,*,#2028,.F.);
#2864=ORIENTED_EDGE('',*,*,#2109,.T.);
#2865=ORIENTED_EDGE('',*,*,#2077,.F.);
#2866=ORIENTED_EDGE('',*,*,#2080,.F.);
#2867=ORIENTED_EDGE('',*,*,#2082,.F.);
#2868=ORIENTED_EDGE('',*,*,#2084,.F.);
#2869=ORIENTED_EDGE('',*,*,#2086,.F.);
#2870=ORIENTED_EDGE('',*,*,#2088,.F.);
#2871=ORIENTED_EDGE('',*,*,#2090,.F.);
#2872=ORIENTED_EDGE('',*,*,#2092,.F.);
#2873=ORIENTED_EDGE('',*,*,#2094,.F.);
#2874=ORIENTED_EDGE('',*,*,#2096,.F.);
#2875=ORIENTED_EDGE('',*,*,#2098,.F.);
#2876=ORIENTED_EDGE('',*,*,#2100,.F.);
#2877=ORIENTED_EDGE('',*,*,#2102,.F.);
#2878=ORIENTED_EDGE('',*,*,#2104,.F.);
#2879=ORIENTED_EDGE('',*,*,#2106,.F.);
#2880=ORIENTED_EDGE('',*,*,#2108,.F.);
#2881=ORIENTED_EDGE('',*,*,#2059,.F.);
#2882=ORIENTED_EDGE('',*,*,#2062,.F.);
#2883=ORIENTED_EDGE('',*,*,#2064,.F.);
#2884=ORIENTED_EDGE('',*,*,#2066,.F.);
#2885=ORIENTED_EDGE('',*,*,#2068,.F.);
#2886=ORIENTED_EDGE('',*,*,#2070,.F.);
#2887=ORIENTED_EDGE('',*,*,#2072,.F.);
#2888=ORIENTED_EDGE('',*,*,#2074,.F.);
#2889=ORIENTED_EDGE('',*,*,#2076,.F.);
#2890=ORIENTED_EDGE('',*,*,#2057,.T.);
#2891=ORIENTED_EDGE('',*,*,#2110,.F.);
#2892=ORIENTED_EDGE('',*,*,#2111,.T.);
#2893=ORIENTED_EDGE('',*,*,#2112,.F.);
#2894=ORIENTED_EDGE('',*,*,#2113,.F.);
#2895=ORIENTED_EDGE('',*,*,#2114,.F.);
#2896=ORIENTED_EDGE('',*,*,#2115,.T.);
#2897=ORIENTED_EDGE('',*,*,#2116,.F.);
#2898=ORIENTED_EDGE('',*,*,#2111,.F.);
#2899=ORIENTED_EDGE('',*,*,#2117,.F.);
#2900=ORIENTED_EDGE('',*,*,#2118,.T.);
#2901=ORIENTED_EDGE('',*,*,#2119,.F.);
#2902=ORIENTED_EDGE('',*,*,#2115,.F.);
#2903=ORIENTED_EDGE('',*,*,#2120,.F.);
#2904=ORIENTED_EDGE('',*,*,#2113,.T.);
#2905=ORIENTED_EDGE('',*,*,#2121,.F.);
#2906=ORIENTED_EDGE('',*,*,#2118,.F.);
#2907=ORIENTED_EDGE('',*,*,#2122,.T.);
#2908=ORIENTED_EDGE('',*,*,#2123,.T.);
#2909=ORIENTED_EDGE('',*,*,#2124,.F.);
#2910=ORIENTED_EDGE('',*,*,#2125,.F.);
#2911=ORIENTED_EDGE('',*,*,#2126,.T.);
#2912=ORIENTED_EDGE('',*,*,#2125,.T.);
#2913=ORIENTED_EDGE('',*,*,#2127,.F.);
#2914=ORIENTED_EDGE('',*,*,#2128,.F.);
#2915=ORIENTED_EDGE('',*,*,#2129,.T.);
#2916=ORIENTED_EDGE('',*,*,#2128,.T.);
#2917=ORIENTED_EDGE('',*,*,#2130,.F.);
#2918=ORIENTED_EDGE('',*,*,#2131,.F.);
#2919=ORIENTED_EDGE('',*,*,#2132,.T.);
#2920=ORIENTED_EDGE('',*,*,#2131,.T.);
#2921=ORIENTED_EDGE('',*,*,#2133,.F.);
#2922=ORIENTED_EDGE('',*,*,#2123,.F.);
#2923=ORIENTED_EDGE('',*,*,#2133,.T.);
#2924=ORIENTED_EDGE('',*,*,#2130,.T.);
#2925=ORIENTED_EDGE('',*,*,#2127,.T.);
#2926=ORIENTED_EDGE('',*,*,#2124,.T.);
#2927=ORIENTED_EDGE('',*,*,#2112,.T.);
#2928=ORIENTED_EDGE('',*,*,#2116,.T.);
#2929=ORIENTED_EDGE('',*,*,#2119,.T.);
#2930=ORIENTED_EDGE('',*,*,#2121,.T.);
#2931=ORIENTED_EDGE('',*,*,#2132,.F.);
#2932=ORIENTED_EDGE('',*,*,#2122,.F.);
#2933=ORIENTED_EDGE('',*,*,#2126,.F.);
#2934=ORIENTED_EDGE('',*,*,#2129,.F.);
#2935=ORIENTED_EDGE('',*,*,#2110,.T.);
#2936=ORIENTED_EDGE('',*,*,#2120,.T.);
#2937=ORIENTED_EDGE('',*,*,#2117,.T.);
#2938=ORIENTED_EDGE('',*,*,#2114,.T.);
#2939=ORIENTED_EDGE('',*,*,#2134,.T.);
#2940=ORIENTED_EDGE('',*,*,#2135,.T.);
#2941=ORIENTED_EDGE('',*,*,#2136,.F.);
#2942=ORIENTED_EDGE('',*,*,#2137,.F.);
#2943=ORIENTED_EDGE('',*,*,#2138,.T.);
#2944=ORIENTED_EDGE('',*,*,#2137,.T.);
#2945=ORIENTED_EDGE('',*,*,#2139,.F.);
#2946=ORIENTED_EDGE('',*,*,#2140,.F.);
#2947=ORIENTED_EDGE('',*,*,#2141,.T.);
#2948=ORIENTED_EDGE('',*,*,#2140,.T.);
#2949=ORIENTED_EDGE('',*,*,#2142,.F.);
#2950=ORIENTED_EDGE('',*,*,#2143,.F.);
#2951=ORIENTED_EDGE('',*,*,#2144,.T.);
#2952=ORIENTED_EDGE('',*,*,#2143,.T.);
#2953=ORIENTED_EDGE('',*,*,#2145,.F.);
#2954=ORIENTED_EDGE('',*,*,#2146,.F.);
#2955=ORIENTED_EDGE('',*,*,#2147,.T.);
#2956=ORIENTED_EDGE('',*,*,#2146,.T.);
#2957=ORIENTED_EDGE('',*,*,#2148,.F.);
#2958=ORIENTED_EDGE('',*,*,#2149,.F.);
#2959=ORIENTED_EDGE('',*,*,#2150,.T.);
#2960=ORIENTED_EDGE('',*,*,#2149,.T.);
#2961=ORIENTED_EDGE('',*,*,#2151,.F.);
#2962=ORIENTED_EDGE('',*,*,#2152,.F.);
#2963=ORIENTED_EDGE('',*,*,#2153,.T.);
#2964=ORIENTED_EDGE('',*,*,#2152,.T.);
#2965=ORIENTED_EDGE('',*,*,#2154,.F.);
#2966=ORIENTED_EDGE('',*,*,#2155,.F.);
#2967=ORIENTED_EDGE('',*,*,#2156,.T.);
#2968=ORIENTED_EDGE('',*,*,#2155,.T.);
#2969=ORIENTED_EDGE('',*,*,#2157,.F.);
#2970=ORIENTED_EDGE('',*,*,#2158,.F.);
#2971=ORIENTED_EDGE('',*,*,#2159,.T.);
#2972=ORIENTED_EDGE('',*,*,#2158,.T.);
#2973=ORIENTED_EDGE('',*,*,#2160,.F.);
#2974=ORIENTED_EDGE('',*,*,#2161,.F.);
#2975=ORIENTED_EDGE('',*,*,#2162,.T.);
#2976=ORIENTED_EDGE('',*,*,#2161,.T.);
#2977=ORIENTED_EDGE('',*,*,#2163,.F.);
#2978=ORIENTED_EDGE('',*,*,#2135,.F.);
#2979=ORIENTED_EDGE('',*,*,#2163,.T.);
#2980=ORIENTED_EDGE('',*,*,#2160,.T.);
#2981=ORIENTED_EDGE('',*,*,#2157,.T.);
#2982=ORIENTED_EDGE('',*,*,#2154,.T.);
#2983=ORIENTED_EDGE('',*,*,#2151,.T.);
#2984=ORIENTED_EDGE('',*,*,#2148,.T.);
#2985=ORIENTED_EDGE('',*,*,#2145,.T.);
#2986=ORIENTED_EDGE('',*,*,#2142,.T.);
#2987=ORIENTED_EDGE('',*,*,#2139,.T.);
#2988=ORIENTED_EDGE('',*,*,#2136,.T.);
#2989=ORIENTED_EDGE('',*,*,#2162,.F.);
#2990=ORIENTED_EDGE('',*,*,#2134,.F.);
#2991=ORIENTED_EDGE('',*,*,#2138,.F.);
#2992=ORIENTED_EDGE('',*,*,#2141,.F.);
#2993=ORIENTED_EDGE('',*,*,#2144,.F.);
#2994=ORIENTED_EDGE('',*,*,#2147,.F.);
#2995=ORIENTED_EDGE('',*,*,#2150,.F.);
#2996=ORIENTED_EDGE('',*,*,#2153,.F.);
#2997=ORIENTED_EDGE('',*,*,#2156,.F.);
#2998=ORIENTED_EDGE('',*,*,#2159,.F.);
#2999=ORIENTED_EDGE('',*,*,#2164,.F.);
#3000=ORIENTED_EDGE('',*,*,#2165,.T.);
#3001=ORIENTED_EDGE('',*,*,#2166,.F.);
#3002=ORIENTED_EDGE('',*,*,#2167,.F.);
#3003=ORIENTED_EDGE('',*,*,#2168,.F.);
#3004=ORIENTED_EDGE('',*,*,#2169,.T.);
#3005=ORIENTED_EDGE('',*,*,#2170,.F.);
#3006=ORIENTED_EDGE('',*,*,#2165,.F.);
#3007=ORIENTED_EDGE('',*,*,#2171,.F.);
#3008=ORIENTED_EDGE('',*,*,#2172,.T.);
#3009=ORIENTED_EDGE('',*,*,#2173,.F.);
#3010=ORIENTED_EDGE('',*,*,#2169,.F.);
#3011=ORIENTED_EDGE('',*,*,#2174,.F.);
#3012=ORIENTED_EDGE('',*,*,#2167,.T.);
#3013=ORIENTED_EDGE('',*,*,#2175,.F.);
#3014=ORIENTED_EDGE('',*,*,#2172,.F.);
#3015=ORIENTED_EDGE('',*,*,#2176,.T.);
#3016=ORIENTED_EDGE('',*,*,#2177,.T.);
#3017=ORIENTED_EDGE('',*,*,#2178,.F.);
#3018=ORIENTED_EDGE('',*,*,#2179,.F.);
#3019=ORIENTED_EDGE('',*,*,#2180,.T.);
#3020=ORIENTED_EDGE('',*,*,#2179,.T.);
#3021=ORIENTED_EDGE('',*,*,#2181,.F.);
#3022=ORIENTED_EDGE('',*,*,#2182,.F.);
#3023=ORIENTED_EDGE('',*,*,#2183,.T.);
#3024=ORIENTED_EDGE('',*,*,#2182,.T.);
#3025=ORIENTED_EDGE('',*,*,#2184,.F.);
#3026=ORIENTED_EDGE('',*,*,#2185,.F.);
#3027=ORIENTED_EDGE('',*,*,#2186,.T.);
#3028=ORIENTED_EDGE('',*,*,#2185,.T.);
#3029=ORIENTED_EDGE('',*,*,#2187,.F.);
#3030=ORIENTED_EDGE('',*,*,#2188,.F.);
#3031=ORIENTED_EDGE('',*,*,#2189,.T.);
#3032=ORIENTED_EDGE('',*,*,#2188,.T.);
#3033=ORIENTED_EDGE('',*,*,#2190,.F.);
#3034=ORIENTED_EDGE('',*,*,#2191,.F.);
#3035=ORIENTED_EDGE('',*,*,#2192,.T.);
#3036=ORIENTED_EDGE('',*,*,#2191,.T.);
#3037=ORIENTED_EDGE('',*,*,#2193,.F.);
#3038=ORIENTED_EDGE('',*,*,#2194,.F.);
#3039=ORIENTED_EDGE('',*,*,#2195,.T.);
#3040=ORIENTED_EDGE('',*,*,#2194,.T.);
#3041=ORIENTED_EDGE('',*,*,#2196,.F.);
#3042=ORIENTED_EDGE('',*,*,#2197,.F.);
#3043=ORIENTED_EDGE('',*,*,#2198,.T.);
#3044=ORIENTED_EDGE('',*,*,#2197,.T.);
#3045=ORIENTED_EDGE('',*,*,#2199,.F.);
#3046=ORIENTED_EDGE('',*,*,#2200,.F.);
#3047=ORIENTED_EDGE('',*,*,#2201,.T.);
#3048=ORIENTED_EDGE('',*,*,#2200,.T.);
#3049=ORIENTED_EDGE('',*,*,#2202,.F.);
#3050=ORIENTED_EDGE('',*,*,#2177,.F.);
#3051=ORIENTED_EDGE('',*,*,#2202,.T.);
#3052=ORIENTED_EDGE('',*,*,#2199,.T.);
#3053=ORIENTED_EDGE('',*,*,#2196,.T.);
#3054=ORIENTED_EDGE('',*,*,#2193,.T.);
#3055=ORIENTED_EDGE('',*,*,#2190,.T.);
#3056=ORIENTED_EDGE('',*,*,#2187,.T.);
#3057=ORIENTED_EDGE('',*,*,#2184,.T.);
#3058=ORIENTED_EDGE('',*,*,#2181,.T.);
#3059=ORIENTED_EDGE('',*,*,#2178,.T.);
#3060=ORIENTED_EDGE('',*,*,#2166,.T.);
#3061=ORIENTED_EDGE('',*,*,#2170,.T.);
#3062=ORIENTED_EDGE('',*,*,#2173,.T.);
#3063=ORIENTED_EDGE('',*,*,#2175,.T.);
#3064=ORIENTED_EDGE('',*,*,#2201,.F.);
#3065=ORIENTED_EDGE('',*,*,#2176,.F.);
#3066=ORIENTED_EDGE('',*,*,#2180,.F.);
#3067=ORIENTED_EDGE('',*,*,#2183,.F.);
#3068=ORIENTED_EDGE('',*,*,#2186,.F.);
#3069=ORIENTED_EDGE('',*,*,#2189,.F.);
#3070=ORIENTED_EDGE('',*,*,#2192,.F.);
#3071=ORIENTED_EDGE('',*,*,#2195,.F.);
#3072=ORIENTED_EDGE('',*,*,#2198,.F.);
#3073=ORIENTED_EDGE('',*,*,#2164,.T.);
#3074=ORIENTED_EDGE('',*,*,#2174,.T.);
#3075=ORIENTED_EDGE('',*,*,#2171,.T.);
#3076=ORIENTED_EDGE('',*,*,#2168,.T.);
#3077=ORIENTED_EDGE('',*,*,#2203,.T.);
#3078=ORIENTED_EDGE('',*,*,#2204,.T.);
#3079=ORIENTED_EDGE('',*,*,#2205,.F.);
#3080=ORIENTED_EDGE('',*,*,#2206,.F.);
#3081=ORIENTED_EDGE('',*,*,#2207,.T.);
#3082=ORIENTED_EDGE('',*,*,#2206,.T.);
#3083=ORIENTED_EDGE('',*,*,#2208,.F.);
#3084=ORIENTED_EDGE('',*,*,#2209,.F.);
#3085=ORIENTED_EDGE('',*,*,#2210,.T.);
#3086=ORIENTED_EDGE('',*,*,#2209,.T.);
#3087=ORIENTED_EDGE('',*,*,#2211,.F.);
#3088=ORIENTED_EDGE('',*,*,#2212,.F.);
#3089=ORIENTED_EDGE('',*,*,#2213,.T.);
#3090=ORIENTED_EDGE('',*,*,#2212,.T.);
#3091=ORIENTED_EDGE('',*,*,#2214,.F.);
#3092=ORIENTED_EDGE('',*,*,#2215,.F.);
#3093=ORIENTED_EDGE('',*,*,#2216,.T.);
#3094=ORIENTED_EDGE('',*,*,#2215,.T.);
#3095=ORIENTED_EDGE('',*,*,#2217,.F.);
#3096=ORIENTED_EDGE('',*,*,#2218,.F.);
#3097=ORIENTED_EDGE('',*,*,#2219,.T.);
#3098=ORIENTED_EDGE('',*,*,#2218,.T.);
#3099=ORIENTED_EDGE('',*,*,#2220,.F.);
#3100=ORIENTED_EDGE('',*,*,#2221,.F.);
#3101=ORIENTED_EDGE('',*,*,#2222,.T.);
#3102=ORIENTED_EDGE('',*,*,#2221,.T.);
#3103=ORIENTED_EDGE('',*,*,#2223,.F.);
#3104=ORIENTED_EDGE('',*,*,#2224,.F.);
#3105=ORIENTED_EDGE('',*,*,#2225,.T.);
#3106=ORIENTED_EDGE('',*,*,#2224,.T.);
#3107=ORIENTED_EDGE('',*,*,#2226,.F.);
#3108=ORIENTED_EDGE('',*,*,#2227,.F.);
#3109=ORIENTED_EDGE('',*,*,#2228,.T.);
#3110=ORIENTED_EDGE('',*,*,#2227,.T.);
#3111=ORIENTED_EDGE('',*,*,#2229,.F.);
#3112=ORIENTED_EDGE('',*,*,#2230,.F.);
#3113=ORIENTED_EDGE('',*,*,#2231,.T.);
#3114=ORIENTED_EDGE('',*,*,#2230,.T.);
#3115=ORIENTED_EDGE('',*,*,#2232,.F.);
#3116=ORIENTED_EDGE('',*,*,#2204,.F.);
#3117=ORIENTED_EDGE('',*,*,#2232,.T.);
#3118=ORIENTED_EDGE('',*,*,#2229,.T.);
#3119=ORIENTED_EDGE('',*,*,#2226,.T.);
#3120=ORIENTED_EDGE('',*,*,#2223,.T.);
#3121=ORIENTED_EDGE('',*,*,#2220,.T.);
#3122=ORIENTED_EDGE('',*,*,#2217,.T.);
#3123=ORIENTED_EDGE('',*,*,#2214,.T.);
#3124=ORIENTED_EDGE('',*,*,#2211,.T.);
#3125=ORIENTED_EDGE('',*,*,#2208,.T.);
#3126=ORIENTED_EDGE('',*,*,#2205,.T.);
#3127=ORIENTED_EDGE('',*,*,#2231,.F.);
#3128=ORIENTED_EDGE('',*,*,#2203,.F.);
#3129=ORIENTED_EDGE('',*,*,#2207,.F.);
#3130=ORIENTED_EDGE('',*,*,#2210,.F.);
#3131=ORIENTED_EDGE('',*,*,#2213,.F.);
#3132=ORIENTED_EDGE('',*,*,#2216,.F.);
#3133=ORIENTED_EDGE('',*,*,#2219,.F.);
#3134=ORIENTED_EDGE('',*,*,#2222,.F.);
#3135=ORIENTED_EDGE('',*,*,#2225,.F.);
#3136=ORIENTED_EDGE('',*,*,#2228,.F.);
#3137=ORIENTED_EDGE('',*,*,#2233,.T.);
#3138=ORIENTED_EDGE('',*,*,#2234,.T.);
#3139=ORIENTED_EDGE('',*,*,#2235,.F.);
#3140=ORIENTED_EDGE('',*,*,#2236,.F.);
#3141=ORIENTED_EDGE('',*,*,#2237,.T.);
#3142=ORIENTED_EDGE('',*,*,#2236,.T.);
#3143=ORIENTED_EDGE('',*,*,#2238,.F.);
#3144=ORIENTED_EDGE('',*,*,#2239,.F.);
#3145=ORIENTED_EDGE('',*,*,#2240,.T.);
#3146=ORIENTED_EDGE('',*,*,#2239,.T.);
#3147=ORIENTED_EDGE('',*,*,#2241,.F.);
#3148=ORIENTED_EDGE('',*,*,#2242,.F.);
#3149=ORIENTED_EDGE('',*,*,#2243,.T.);
#3150=ORIENTED_EDGE('',*,*,#2242,.T.);
#3151=ORIENTED_EDGE('',*,*,#2244,.F.);
#3152=ORIENTED_EDGE('',*,*,#2234,.F.);
#3153=ORIENTED_EDGE('',*,*,#2244,.T.);
#3154=ORIENTED_EDGE('',*,*,#2241,.T.);
#3155=ORIENTED_EDGE('',*,*,#2238,.T.);
#3156=ORIENTED_EDGE('',*,*,#2235,.T.);
#3157=ORIENTED_EDGE('',*,*,#2243,.F.);
#3158=ORIENTED_EDGE('',*,*,#2233,.F.);
#3159=ORIENTED_EDGE('',*,*,#2237,.F.);
#3160=ORIENTED_EDGE('',*,*,#2240,.F.);
#3161=ORIENTED_EDGE('',*,*,#2245,.T.);
#3162=ORIENTED_EDGE('',*,*,#2246,.T.);
#3163=ORIENTED_EDGE('',*,*,#2247,.F.);
#3164=ORIENTED_EDGE('',*,*,#2248,.F.);
#3165=ORIENTED_EDGE('',*,*,#2249,.T.);
#3166=ORIENTED_EDGE('',*,*,#2248,.T.);
#3167=ORIENTED_EDGE('',*,*,#2250,.F.);
#3168=ORIENTED_EDGE('',*,*,#2251,.F.);
#3169=ORIENTED_EDGE('',*,*,#2252,.T.);
#3170=ORIENTED_EDGE('',*,*,#2251,.T.);
#3171=ORIENTED_EDGE('',*,*,#2253,.F.);
#3172=ORIENTED_EDGE('',*,*,#2254,.F.);
#3173=ORIENTED_EDGE('',*,*,#2255,.T.);
#3174=ORIENTED_EDGE('',*,*,#2254,.T.);
#3175=ORIENTED_EDGE('',*,*,#2256,.F.);
#3176=ORIENTED_EDGE('',*,*,#2257,.F.);
#3177=ORIENTED_EDGE('',*,*,#2258,.T.);
#3178=ORIENTED_EDGE('',*,*,#2257,.T.);
#3179=ORIENTED_EDGE('',*,*,#2259,.F.);
#3180=ORIENTED_EDGE('',*,*,#2260,.F.);
#3181=ORIENTED_EDGE('',*,*,#2261,.T.);
#3182=ORIENTED_EDGE('',*,*,#2260,.T.);
#3183=ORIENTED_EDGE('',*,*,#2262,.F.);
#3184=ORIENTED_EDGE('',*,*,#2263,.F.);
#3185=ORIENTED_EDGE('',*,*,#2264,.T.);
#3186=ORIENTED_EDGE('',*,*,#2263,.T.);
#3187=ORIENTED_EDGE('',*,*,#2265,.F.);
#3188=ORIENTED_EDGE('',*,*,#2266,.F.);
#3189=ORIENTED_EDGE('',*,*,#2267,.T.);
#3190=ORIENTED_EDGE('',*,*,#2266,.T.);
#3191=ORIENTED_EDGE('',*,*,#2268,.F.);
#3192=ORIENTED_EDGE('',*,*,#2269,.F.);
#3193=ORIENTED_EDGE('',*,*,#2270,.T.);
#3194=ORIENTED_EDGE('',*,*,#2269,.T.);
#3195=ORIENTED_EDGE('',*,*,#2271,.F.);
#3196=ORIENTED_EDGE('',*,*,#2272,.F.);
#3197=ORIENTED_EDGE('',*,*,#2273,.T.);
#3198=ORIENTED_EDGE('',*,*,#2272,.T.);
#3199=ORIENTED_EDGE('',*,*,#2274,.F.);
#3200=ORIENTED_EDGE('',*,*,#2246,.F.);
#3201=ORIENTED_EDGE('',*,*,#2274,.T.);
#3202=ORIENTED_EDGE('',*,*,#2271,.T.);
#3203=ORIENTED_EDGE('',*,*,#2268,.T.);
#3204=ORIENTED_EDGE('',*,*,#2265,.T.);
#3205=ORIENTED_EDGE('',*,*,#2262,.T.);
#3206=ORIENTED_EDGE('',*,*,#2259,.T.);
#3207=ORIENTED_EDGE('',*,*,#2256,.T.);
#3208=ORIENTED_EDGE('',*,*,#2253,.T.);
#3209=ORIENTED_EDGE('',*,*,#2250,.T.);
#3210=ORIENTED_EDGE('',*,*,#2247,.T.);
#3211=ORIENTED_EDGE('',*,*,#2273,.F.);
#3212=ORIENTED_EDGE('',*,*,#2245,.F.);
#3213=ORIENTED_EDGE('',*,*,#2249,.F.);
#3214=ORIENTED_EDGE('',*,*,#2252,.F.);
#3215=ORIENTED_EDGE('',*,*,#2255,.F.);
#3216=ORIENTED_EDGE('',*,*,#2258,.F.);
#3217=ORIENTED_EDGE('',*,*,#2261,.F.);
#3218=ORIENTED_EDGE('',*,*,#2264,.F.);
#3219=ORIENTED_EDGE('',*,*,#2267,.F.);
#3220=ORIENTED_EDGE('',*,*,#2270,.F.);
#3221=ORIENTED_EDGE('',*,*,#2275,.T.);
#3222=ORIENTED_EDGE('',*,*,#2276,.T.);
#3223=ORIENTED_EDGE('',*,*,#2277,.F.);
#3224=ORIENTED_EDGE('',*,*,#2278,.F.);
#3225=ORIENTED_EDGE('',*,*,#2279,.T.);
#3226=ORIENTED_EDGE('',*,*,#2278,.T.);
#3227=ORIENTED_EDGE('',*,*,#2280,.F.);
#3228=ORIENTED_EDGE('',*,*,#2281,.F.);
#3229=ORIENTED_EDGE('',*,*,#2282,.T.);
#3230=ORIENTED_EDGE('',*,*,#2281,.T.);
#3231=ORIENTED_EDGE('',*,*,#2283,.F.);
#3232=ORIENTED_EDGE('',*,*,#2284,.F.);
#3233=ORIENTED_EDGE('',*,*,#2285,.T.);
#3234=ORIENTED_EDGE('',*,*,#2284,.T.);
#3235=ORIENTED_EDGE('',*,*,#2286,.F.);
#3236=ORIENTED_EDGE('',*,*,#2287,.F.);
#3237=ORIENTED_EDGE('',*,*,#2288,.T.);
#3238=ORIENTED_EDGE('',*,*,#2287,.T.);
#3239=ORIENTED_EDGE('',*,*,#2289,.F.);
#3240=ORIENTED_EDGE('',*,*,#2290,.F.);
#3241=ORIENTED_EDGE('',*,*,#2291,.T.);
#3242=ORIENTED_EDGE('',*,*,#2290,.T.);
#3243=ORIENTED_EDGE('',*,*,#2292,.F.);
#3244=ORIENTED_EDGE('',*,*,#2293,.F.);
#3245=ORIENTED_EDGE('',*,*,#2294,.T.);
#3246=ORIENTED_EDGE('',*,*,#2293,.T.);
#3247=ORIENTED_EDGE('',*,*,#2295,.F.);
#3248=ORIENTED_EDGE('',*,*,#2296,.F.);
#3249=ORIENTED_EDGE('',*,*,#2297,.T.);
#3250=ORIENTED_EDGE('',*,*,#2296,.T.);
#3251=ORIENTED_EDGE('',*,*,#2298,.F.);
#3252=ORIENTED_EDGE('',*,*,#2299,.F.);
#3253=ORIENTED_EDGE('',*,*,#2300,.T.);
#3254=ORIENTED_EDGE('',*,*,#2299,.T.);
#3255=ORIENTED_EDGE('',*,*,#2301,.F.);
#3256=ORIENTED_EDGE('',*,*,#2302,.F.);
#3257=ORIENTED_EDGE('',*,*,#2303,.T.);
#3258=ORIENTED_EDGE('',*,*,#2302,.T.);
#3259=ORIENTED_EDGE('',*,*,#2304,.F.);
#3260=ORIENTED_EDGE('',*,*,#2305,.F.);
#3261=ORIENTED_EDGE('',*,*,#2306,.T.);
#3262=ORIENTED_EDGE('',*,*,#2305,.T.);
#3263=ORIENTED_EDGE('',*,*,#2307,.F.);
#3264=ORIENTED_EDGE('',*,*,#2308,.F.);
#3265=ORIENTED_EDGE('',*,*,#2309,.T.);
#3266=ORIENTED_EDGE('',*,*,#2308,.T.);
#3267=ORIENTED_EDGE('',*,*,#2310,.F.);
#3268=ORIENTED_EDGE('',*,*,#2311,.F.);
#3269=ORIENTED_EDGE('',*,*,#2312,.T.);
#3270=ORIENTED_EDGE('',*,*,#2311,.T.);
#3271=ORIENTED_EDGE('',*,*,#2313,.F.);
#3272=ORIENTED_EDGE('',*,*,#2314,.F.);
#3273=ORIENTED_EDGE('',*,*,#2315,.T.);
#3274=ORIENTED_EDGE('',*,*,#2314,.T.);
#3275=ORIENTED_EDGE('',*,*,#2316,.F.);
#3276=ORIENTED_EDGE('',*,*,#2276,.F.);
#3277=ORIENTED_EDGE('',*,*,#2316,.T.);
#3278=ORIENTED_EDGE('',*,*,#2313,.T.);
#3279=ORIENTED_EDGE('',*,*,#2310,.T.);
#3280=ORIENTED_EDGE('',*,*,#2307,.T.);
#3281=ORIENTED_EDGE('',*,*,#2304,.T.);
#3282=ORIENTED_EDGE('',*,*,#2301,.T.);
#3283=ORIENTED_EDGE('',*,*,#2298,.T.);
#3284=ORIENTED_EDGE('',*,*,#2295,.T.);
#3285=ORIENTED_EDGE('',*,*,#2292,.T.);
#3286=ORIENTED_EDGE('',*,*,#2289,.T.);
#3287=ORIENTED_EDGE('',*,*,#2286,.T.);
#3288=ORIENTED_EDGE('',*,*,#2283,.T.);
#3289=ORIENTED_EDGE('',*,*,#2280,.T.);
#3290=ORIENTED_EDGE('',*,*,#2277,.T.);
#3291=ORIENTED_EDGE('',*,*,#2315,.F.);
#3292=ORIENTED_EDGE('',*,*,#2275,.F.);
#3293=ORIENTED_EDGE('',*,*,#2279,.F.);
#3294=ORIENTED_EDGE('',*,*,#2282,.F.);
#3295=ORIENTED_EDGE('',*,*,#2285,.F.);
#3296=ORIENTED_EDGE('',*,*,#2288,.F.);
#3297=ORIENTED_EDGE('',*,*,#2291,.F.);
#3298=ORIENTED_EDGE('',*,*,#2294,.F.);
#3299=ORIENTED_EDGE('',*,*,#2297,.F.);
#3300=ORIENTED_EDGE('',*,*,#2300,.F.);
#3301=ORIENTED_EDGE('',*,*,#2303,.F.);
#3302=ORIENTED_EDGE('',*,*,#2306,.F.);
#3303=ORIENTED_EDGE('',*,*,#2309,.F.);
#3304=ORIENTED_EDGE('',*,*,#2312,.F.);
#3305=ORIENTED_EDGE('',*,*,#2317,.F.);
#3306=ORIENTED_EDGE('',*,*,#2318,.T.);
#3307=ORIENTED_EDGE('',*,*,#2317,.T.);
#3308=ORIENTED_EDGE('',*,*,#2318,.F.);
#3309=ORIENTED_EDGE('',*,*,#2319,.T.);
#3310=ORIENTED_EDGE('',*,*,#2320,.T.);
#3311=ORIENTED_EDGE('',*,*,#2321,.F.);
#3312=ORIENTED_EDGE('',*,*,#2322,.F.);
#3313=ORIENTED_EDGE('',*,*,#2323,.T.);
#3314=ORIENTED_EDGE('',*,*,#2322,.T.);
#3315=ORIENTED_EDGE('',*,*,#2324,.F.);
#3316=ORIENTED_EDGE('',*,*,#2325,.F.);
#3317=ORIENTED_EDGE('',*,*,#2326,.T.);
#3318=ORIENTED_EDGE('',*,*,#2325,.T.);
#3319=ORIENTED_EDGE('',*,*,#2327,.F.);
#3320=ORIENTED_EDGE('',*,*,#2328,.F.);
#3321=ORIENTED_EDGE('',*,*,#2329,.T.);
#3322=ORIENTED_EDGE('',*,*,#2328,.T.);
#3323=ORIENTED_EDGE('',*,*,#2330,.F.);
#3324=ORIENTED_EDGE('',*,*,#2320,.F.);
#3325=ORIENTED_EDGE('',*,*,#2330,.T.);
#3326=ORIENTED_EDGE('',*,*,#2327,.T.);
#3327=ORIENTED_EDGE('',*,*,#2324,.T.);
#3328=ORIENTED_EDGE('',*,*,#2321,.T.);
#3329=ORIENTED_EDGE('',*,*,#2329,.F.);
#3330=ORIENTED_EDGE('',*,*,#2319,.F.);
#3331=ORIENTED_EDGE('',*,*,#2323,.F.);
#3332=ORIENTED_EDGE('',*,*,#2326,.F.);
#3333=ORIENTED_EDGE('',*,*,#2331,.T.);
#3334=ORIENTED_EDGE('',*,*,#2332,.T.);
#3335=ORIENTED_EDGE('',*,*,#2333,.F.);
#3336=ORIENTED_EDGE('',*,*,#2334,.F.);
#3337=ORIENTED_EDGE('',*,*,#2335,.T.);
#3338=ORIENTED_EDGE('',*,*,#2334,.T.);
#3339=ORIENTED_EDGE('',*,*,#2336,.F.);
#3340=ORIENTED_EDGE('',*,*,#2337,.F.);
#3341=ORIENTED_EDGE('',*,*,#2338,.T.);
#3342=ORIENTED_EDGE('',*,*,#2337,.T.);
#3343=ORIENTED_EDGE('',*,*,#2339,.F.);
#3344=ORIENTED_EDGE('',*,*,#2340,.F.);
#3345=ORIENTED_EDGE('',*,*,#2341,.T.);
#3346=ORIENTED_EDGE('',*,*,#2340,.T.);
#3347=ORIENTED_EDGE('',*,*,#2342,.F.);
#3348=ORIENTED_EDGE('',*,*,#2343,.F.);
#3349=ORIENTED_EDGE('',*,*,#2344,.T.);
#3350=ORIENTED_EDGE('',*,*,#2343,.T.);
#3351=ORIENTED_EDGE('',*,*,#2345,.F.);
#3352=ORIENTED_EDGE('',*,*,#2346,.F.);
#3353=ORIENTED_EDGE('',*,*,#2347,.T.);
#3354=ORIENTED_EDGE('',*,*,#2346,.T.);
#3355=ORIENTED_EDGE('',*,*,#2348,.F.);
#3356=ORIENTED_EDGE('',*,*,#2349,.F.);
#3357=ORIENTED_EDGE('',*,*,#2350,.T.);
#3358=ORIENTED_EDGE('',*,*,#2349,.T.);
#3359=ORIENTED_EDGE('',*,*,#2351,.F.);
#3360=ORIENTED_EDGE('',*,*,#2352,.F.);
#3361=ORIENTED_EDGE('',*,*,#2353,.T.);
#3362=ORIENTED_EDGE('',*,*,#2352,.T.);
#3363=ORIENTED_EDGE('',*,*,#2354,.F.);
#3364=ORIENTED_EDGE('',*,*,#2355,.F.);
#3365=ORIENTED_EDGE('',*,*,#2356,.T.);
#3366=ORIENTED_EDGE('',*,*,#2355,.T.);
#3367=ORIENTED_EDGE('',*,*,#2357,.F.);
#3368=ORIENTED_EDGE('',*,*,#2358,.F.);
#3369=ORIENTED_EDGE('',*,*,#2359,.T.);
#3370=ORIENTED_EDGE('',*,*,#2358,.T.);
#3371=ORIENTED_EDGE('',*,*,#2360,.F.);
#3372=ORIENTED_EDGE('',*,*,#2332,.F.);
#3373=ORIENTED_EDGE('',*,*,#2360,.T.);
#3374=ORIENTED_EDGE('',*,*,#2357,.T.);
#3375=ORIENTED_EDGE('',*,*,#2354,.T.);
#3376=ORIENTED_EDGE('',*,*,#2351,.T.);
#3377=ORIENTED_EDGE('',*,*,#2348,.T.);
#3378=ORIENTED_EDGE('',*,*,#2345,.T.);
#3379=ORIENTED_EDGE('',*,*,#2342,.T.);
#3380=ORIENTED_EDGE('',*,*,#2339,.T.);
#3381=ORIENTED_EDGE('',*,*,#2336,.T.);
#3382=ORIENTED_EDGE('',*,*,#2333,.T.);
#3383=ORIENTED_EDGE('',*,*,#2359,.F.);
#3384=ORIENTED_EDGE('',*,*,#2331,.F.);
#3385=ORIENTED_EDGE('',*,*,#2335,.F.);
#3386=ORIENTED_EDGE('',*,*,#2338,.F.);
#3387=ORIENTED_EDGE('',*,*,#2341,.F.);
#3388=ORIENTED_EDGE('',*,*,#2344,.F.);
#3389=ORIENTED_EDGE('',*,*,#2347,.F.);
#3390=ORIENTED_EDGE('',*,*,#2350,.F.);
#3391=ORIENTED_EDGE('',*,*,#2353,.F.);
#3392=ORIENTED_EDGE('',*,*,#2356,.F.);
#3393=ORIENTED_EDGE('',*,*,#2361,.T.);
#3394=ORIENTED_EDGE('',*,*,#2362,.T.);
#3395=ORIENTED_EDGE('',*,*,#2363,.F.);
#3396=ORIENTED_EDGE('',*,*,#2364,.F.);
#3397=ORIENTED_EDGE('',*,*,#2365,.T.);
#3398=ORIENTED_EDGE('',*,*,#2364,.T.);
#3399=ORIENTED_EDGE('',*,*,#2366,.F.);
#3400=ORIENTED_EDGE('',*,*,#2367,.F.);
#3401=ORIENTED_EDGE('',*,*,#2368,.T.);
#3402=ORIENTED_EDGE('',*,*,#2367,.T.);
#3403=ORIENTED_EDGE('',*,*,#2369,.F.);
#3404=ORIENTED_EDGE('',*,*,#2370,.F.);
#3405=ORIENTED_EDGE('',*,*,#2371,.T.);
#3406=ORIENTED_EDGE('',*,*,#2370,.T.);
#3407=ORIENTED_EDGE('',*,*,#2372,.F.);
#3408=ORIENTED_EDGE('',*,*,#2362,.F.);
#3409=ORIENTED_EDGE('',*,*,#2372,.T.);
#3410=ORIENTED_EDGE('',*,*,#2369,.T.);
#3411=ORIENTED_EDGE('',*,*,#2366,.T.);
#3412=ORIENTED_EDGE('',*,*,#2363,.T.);
#3413=ORIENTED_EDGE('',*,*,#2371,.F.);
#3414=ORIENTED_EDGE('',*,*,#2361,.F.);
#3415=ORIENTED_EDGE('',*,*,#2365,.F.);
#3416=ORIENTED_EDGE('',*,*,#2368,.F.);
#3417=ORIENTED_EDGE('',*,*,#2373,.F.);
#3418=ORIENTED_EDGE('',*,*,#2374,.T.);
#3419=ORIENTED_EDGE('',*,*,#2373,.T.);
#3420=ORIENTED_EDGE('',*,*,#2374,.F.);
#3421=PLANE('',#3832);
#3422=PLANE('',#3833);
#3423=PLANE('',#3834);
#3424=PLANE('',#3835);
#3425=PLANE('',#3836);
#3426=PLANE('',#3837);
#3427=PLANE('',#3838);
#3428=PLANE('',#3839);
#3429=PLANE('',#3840);
#3430=PLANE('',#3841);
#3431=PLANE('',#3842);
#3432=PLANE('',#3843);
#3433=PLANE('',#3844);
#3434=PLANE('',#3845);
#3435=PLANE('',#3846);
#3436=PLANE('',#3847);
#3437=PLANE('',#3848);
#3438=PLANE('',#3849);
#3439=PLANE('',#3850);
#3440=PLANE('',#3851);
#3441=PLANE('',#3852);
#3442=PLANE('',#3853);
#3443=PLANE('',#3854);
#3444=PLANE('',#3855);
#3445=PLANE('',#3856);
#3446=PLANE('',#3857);
#3447=PLANE('',#3858);
#3448=PLANE('',#3859);
#3449=PLANE('',#3860);
#3450=PLANE('',#3861);
#3451=PLANE('',#3862);
#3452=PLANE('',#3863);
#3453=PLANE('',#3864);
#3454=PLANE('',#3865);
#3455=PLANE('',#3866);
#3456=PLANE('',#3867);
#3457=PLANE('',#3868);
#3458=PLANE('',#3869);
#3459=PLANE('',#3870);
#3460=PLANE('',#3871);
#3461=PLANE('',#3872);
#3462=PLANE('',#3873);
#3463=PLANE('',#3874);
#3464=PLANE('',#3875);
#3465=PLANE('',#3876);
#3466=PLANE('',#3877);
#3467=PLANE('',#3878);
#3468=PLANE('',#3879);
#3469=PLANE('',#3880);
#3470=PLANE('',#3881);
#3471=PLANE('',#3882);
#3472=PLANE('',#3883);
#3473=PLANE('',#3884);
#3474=PLANE('',#3885);
#3475=PLANE('',#3886);
#3476=PLANE('',#3887);
#3477=PLANE('',#3888);
#3478=PLANE('',#3889);
#3479=PLANE('',#3890);
#3480=PLANE('',#3891);
#3481=PLANE('',#3892);
#3482=PLANE('',#3893);
#3483=PLANE('',#3894);
#3484=PLANE('',#3895);
#3485=PLANE('',#3896);
#3486=PLANE('',#3897);
#3487=PLANE('',#3898);
#3488=PLANE('',#3899);
#3489=PLANE('',#3903);
#3490=PLANE('',#3904);
#3491=PLANE('',#3905);
#3492=PLANE('',#3906);
#3493=PLANE('',#3907);
#3494=PLANE('',#3908);
#3495=PLANE('',#3909);
#3496=PLANE('',#3912);
#3497=PLANE('',#3917);
#3498=PLANE('',#3918);
#3499=PLANE('',#3919);
#3500=PLANE('',#3920);
#3501=PLANE('',#3921);
#3502=PLANE('',#3922);
#3503=PLANE('',#3923);
#3504=PLANE('',#3924);
#3505=PLANE('',#3925);
#3506=PLANE('',#3926);
#3507=PLANE('',#3927);
#3508=PLANE('',#3928);
#3509=PLANE('',#3929);
#3510=PLANE('',#3930);
#3511=PLANE('',#3931);
#3512=PLANE('',#3932);
#3513=PLANE('',#3933);
#3514=PLANE('',#3934);
#3515=PLANE('',#3935);
#3516=PLANE('',#3936);
#3517=PLANE('',#3937);
#3518=PLANE('',#3938);
#3519=PLANE('',#3939);
#3520=PLANE('',#3940);
#3521=PLANE('',#3941);
#3522=PLANE('',#3942);
#3523=PLANE('',#3943);
#3524=PLANE('',#3944);
#3525=PLANE('',#3945);
#3526=PLANE('',#3946);
#3527=PLANE('',#3947);
#3528=PLANE('',#3948);
#3529=PLANE('',#3949);
#3530=PLANE('',#3950);
#3531=PLANE('',#3951);
#3532=PLANE('',#3952);
#3533=PLANE('',#3953);
#3534=PLANE('',#3954);
#3535=PLANE('',#3955);
#3536=PLANE('',#3956);
#3537=PLANE('',#3957);
#3538=PLANE('',#3958);
#3539=PLANE('',#3959);
#3540=PLANE('',#3960);
#3541=PLANE('',#3961);
#3542=PLANE('',#3962);
#3543=PLANE('',#3963);
#3544=PLANE('',#3964);
#3545=PLANE('',#3965);
#3546=PLANE('',#3966);
#3547=PLANE('',#3967);
#3548=PLANE('',#3968);
#3549=PLANE('',#3969);
#3550=PLANE('',#3970);
#3551=PLANE('',#3971);
#3552=PLANE('',#3972);
#3553=PLANE('',#3973);
#3554=PLANE('',#3974);
#3555=PLANE('',#3975);
#3556=PLANE('',#3976);
#3557=PLANE('',#3977);
#3558=PLANE('',#3978);
#3559=PLANE('',#3979);
#3560=PLANE('',#3980);
#3561=PLANE('',#3981);
#3562=PLANE('',#3982);
#3563=PLANE('',#3983);
#3564=PLANE('',#3984);
#3565=PLANE('',#3985);
#3566=PLANE('',#3986);
#3567=PLANE('',#3987);
#3568=PLANE('',#3988);
#3569=PLANE('',#3989);
#3570=PLANE('',#3990);
#3571=PLANE('',#3991);
#3572=PLANE('',#3992);
#3573=PLANE('',#3993);
#3574=PLANE('',#3994);
#3575=PLANE('',#3995);
#3576=PLANE('',#3996);
#3577=PLANE('',#3997);
#3578=PLANE('',#3998);
#3579=PLANE('',#3999);
#3580=PLANE('',#4000);
#3581=PLANE('',#4004);
#3582=PLANE('',#4005);
#3583=PLANE('',#4006);
#3584=PLANE('',#4007);
#3585=PLANE('',#4008);
#3586=PLANE('',#4009);
#3587=PLANE('',#4010);
#3588=PLANE('',#4011);
#3589=PLANE('',#4012);
#3590=PLANE('',#4016);
#3591=PLANE('',#4017);
#3592=PLANE('',#4018);
#3593=PLANE('',#4022);
#3594=PLANE('',#4023);
#3595=PLANE('',#4024);
#3596=PLANE('',#4025);
#3597=PLANE('',#4026);
#3598=PLANE('',#4027);
#3599=PLANE('',#4028);
#3600=PLANE('',#4029);
#3601=PLANE('',#4030);
#3602=PLANE('',#4031);
#3603=PLANE('',#4035);
#3604=PLANE('',#4036);
#3605=ADVANCED_FACE('',(#132),#3421,.F.);
#3606=ADVANCED_FACE('',(#133),#3422,.T.);
#3607=ADVANCED_FACE('',(#134),#3423,.T.);
#3608=ADVANCED_FACE('',(#135),#3424,.T.);
#3609=ADVANCED_FACE('',(#136),#3425,.T.);
#3610=ADVANCED_FACE('',(#137),#3426,.F.);
#3611=ADVANCED_FACE('',(#138),#3427,.F.);
#3612=ADVANCED_FACE('',(#139),#3428,.F.);
#3613=ADVANCED_FACE('',(#140),#3429,.F.);
#3614=ADVANCED_FACE('',(#141),#3430,.F.);
#3615=ADVANCED_FACE('',(#142),#3431,.F.);
#3616=ADVANCED_FACE('',(#143),#3432,.F.);
#3617=ADVANCED_FACE('',(#144),#3433,.F.);
#3618=ADVANCED_FACE('',(#145),#3434,.F.);
#3619=ADVANCED_FACE('',(#146),#3435,.F.);
#3620=ADVANCED_FACE('',(#147),#3436,.F.);
#3621=ADVANCED_FACE('',(#148),#3437,.F.);
#3622=ADVANCED_FACE('',(#149),#3438,.F.);
#3623=ADVANCED_FACE('',(#150),#3439,.F.);
#3624=ADVANCED_FACE('',(#151),#3440,.F.);
#3625=ADVANCED_FACE('',(#152),#3441,.F.);
#3626=ADVANCED_FACE('',(#153),#3442,.F.);
#3627=ADVANCED_FACE('',(#154),#3443,.F.);
#3628=ADVANCED_FACE('',(#155),#3444,.F.);
#3629=ADVANCED_FACE('',(#156),#3445,.F.);
#3630=ADVANCED_FACE('',(#157),#3446,.F.);
#3631=ADVANCED_FACE('',(#158),#3447,.F.);
#3632=ADVANCED_FACE('',(#159),#3448,.F.);
#3633=ADVANCED_FACE('',(#160),#3449,.F.);
#3634=ADVANCED_FACE('',(#161),#3450,.F.);
#3635=ADVANCED_FACE('',(#162),#3451,.F.);
#3636=ADVANCED_FACE('',(#163),#3452,.F.);
#3637=ADVANCED_FACE('',(#164),#3453,.F.);
#3638=ADVANCED_FACE('',(#165),#3454,.F.);
#3639=ADVANCED_FACE('',(#166),#3455,.F.);
#3640=ADVANCED_FACE('',(#167),#3456,.F.);
#3641=ADVANCED_FACE('',(#168),#3457,.F.);
#3642=ADVANCED_FACE('',(#169),#3458,.T.);
#3643=ADVANCED_FACE('',(#170),#3459,.F.);
#3644=ADVANCED_FACE('',(#171),#3460,.F.);
#3645=ADVANCED_FACE('',(#172),#3461,.F.);
#3646=ADVANCED_FACE('',(#173),#3462,.F.);
#3647=ADVANCED_FACE('',(#174),#3463,.F.);
#3648=ADVANCED_FACE('',(#175),#3464,.F.);
#3649=ADVANCED_FACE('',(#176),#3465,.F.);
#3650=ADVANCED_FACE('',(#177),#3466,.F.);
#3651=ADVANCED_FACE('',(#178),#3467,.F.);
#3652=ADVANCED_FACE('',(#179),#3468,.T.);
#3653=ADVANCED_FACE('',(#180),#3469,.T.);
#3654=ADVANCED_FACE('',(#181),#3470,.T.);
#3655=ADVANCED_FACE('',(#182),#3471,.T.);
#3656=ADVANCED_FACE('',(#183),#3472,.T.);
#3657=ADVANCED_FACE('',(#184),#3473,.T.);
#3658=ADVANCED_FACE('',(#185),#3474,.T.);
#3659=ADVANCED_FACE('',(#186),#3475,.T.);
#3660=ADVANCED_FACE('',(#187),#3476,.T.);
#3661=ADVANCED_FACE('',(#188),#3477,.T.);
#3662=ADVANCED_FACE('',(#189),#3478,.T.);
#3663=ADVANCED_FACE('',(#190),#3479,.T.);
#3664=ADVANCED_FACE('',(#191),#3480,.T.);
#3665=ADVANCED_FACE('',(#192),#3481,.T.);
#3666=ADVANCED_FACE('',(#193),#3482,.T.);
#3667=ADVANCED_FACE('',(#194),#3483,.T.);
#3668=ADVANCED_FACE('',(#195),#3484,.T.);
#3669=ADVANCED_FACE('',(#196),#3485,.T.);
#3670=ADVANCED_FACE('',(#197),#3486,.F.);
#3671=ADVANCED_FACE('',(#198),#3487,.T.);
#3672=ADVANCED_FACE('',(#199),#3488,.T.);
#3673=ADVANCED_FACE('',(#200),#3489,.T.);
#3674=ADVANCED_FACE('',(#201),#3490,.T.);
#3675=ADVANCED_FACE('',(#202),#3491,.T.);
#3676=ADVANCED_FACE('',(#203),#3492,.T.);
#3677=ADVANCED_FACE('',(#204),#3493,.T.);
#3678=ADVANCED_FACE('',(#205),#3494,.T.);
#3679=ADVANCED_FACE('',(#206),#3495,.T.);
#3680=ADVANCED_FACE('',(#207),#77,.F.);
#3681=ADVANCED_FACE('',(#208),#3496,.T.);
#3682=ADVANCED_FACE('',(#209),#78,.T.);
#3683=ADVANCED_FACE('',(#210),#79,.F.);
#3684=ADVANCED_FACE('',(#211),#3497,.T.);
#3685=ADVANCED_FACE('',(#212),#3498,.T.);
#3686=ADVANCED_FACE('',(#213),#3499,.T.);
#3687=ADVANCED_FACE('',(#214),#3500,.T.);
#3688=ADVANCED_FACE('',(#215),#3501,.T.);
#3689=ADVANCED_FACE('',(#216),#3502,.T.);
#3690=ADVANCED_FACE('',(#217),#3503,.T.);
#3691=ADVANCED_FACE('',(#218),#3504,.T.);
#3692=ADVANCED_FACE('',(#219),#3505,.T.);
#3693=ADVANCED_FACE('',(#220),#3506,.T.);
#3694=ADVANCED_FACE('',(#221),#3507,.T.);
#3695=ADVANCED_FACE('',(#222),#3508,.T.);
#3696=ADVANCED_FACE('',(#223),#3509,.T.);
#3697=ADVANCED_FACE('',(#224),#3510,.T.);
#3698=ADVANCED_FACE('',(#225),#3511,.T.);
#3699=ADVANCED_FACE('',(#226),#3512,.T.);
#3700=ADVANCED_FACE('',(#227),#3513,.F.);
#3701=ADVANCED_FACE('',(#228),#3514,.F.);
#3702=ADVANCED_FACE('',(#229),#59,.F.);
#3703=ADVANCED_FACE('',(#230),#3515,.F.);
#3704=ADVANCED_FACE('',(#231),#60,.F.);
#3705=ADVANCED_FACE('',(#232),#3516,.T.);
#3706=ADVANCED_FACE('',(#233),#61,.T.);
#3707=ADVANCED_FACE('',(#234),#3517,.T.);
#3708=ADVANCED_FACE('',(#235),#62,.T.);
#3709=ADVANCED_FACE('',(#236,#17),#3518,.T.);
#3710=ADVANCED_FACE('',(#237,#18),#3519,.F.);
#3711=ADVANCED_FACE('',(#238),#3520,.T.);
#3712=ADVANCED_FACE('',(#239),#3521,.T.);
#3713=ADVANCED_FACE('',(#240),#63,.T.);
#3714=ADVANCED_FACE('',(#241),#3522,.T.);
#3715=ADVANCED_FACE('',(#242),#3523,.T.);
#3716=ADVANCED_FACE('',(#243),#3524,.T.);
#3717=ADVANCED_FACE('',(#244),#3525,.T.);
#3718=ADVANCED_FACE('',(#245),#3526,.T.);
#3719=ADVANCED_FACE('',(#246),#64,.T.);
#3720=ADVANCED_FACE('',(#247),#3527,.T.);
#3721=ADVANCED_FACE('',(#248),#3528,.T.);
#3722=ADVANCED_FACE('',(#249),#3529,.F.);
#3723=ADVANCED_FACE('',(#250),#3530,.F.);
#3724=ADVANCED_FACE('',(#251),#65,.F.);
#3725=ADVANCED_FACE('',(#252),#3531,.F.);
#3726=ADVANCED_FACE('',(#253),#3532,.F.);
#3727=ADVANCED_FACE('',(#254),#66,.T.);
#3728=ADVANCED_FACE('',(#255),#3533,.T.);
#3729=ADVANCED_FACE('',(#256),#3534,.T.);
#3730=ADVANCED_FACE('',(#257),#67,.T.);
#3731=ADVANCED_FACE('',(#258),#3535,.T.);
#3732=ADVANCED_FACE('',(#259),#68,.T.);
#3733=ADVANCED_FACE('',(#260),#3536,.T.);
#3734=ADVANCED_FACE('',(#261),#3537,.T.);
#3735=ADVANCED_FACE('',(#262),#3538,.T.);
#3736=ADVANCED_FACE('',(#263,#19),#3539,.T.);
#3737=ADVANCED_FACE('',(#264,#20),#3540,.F.);
#3738=ADVANCED_FACE('',(#265),#3541,.T.);
#3739=ADVANCED_FACE('',(#266),#69,.T.);
#3740=ADVANCED_FACE('',(#267),#3542,.T.);
#3741=ADVANCED_FACE('',(#268),#3543,.T.);
#3742=ADVANCED_FACE('',(#269),#3544,.T.);
#3743=ADVANCED_FACE('',(#270),#70,.T.);
#3744=ADVANCED_FACE('',(#271),#3545,.T.);
#3745=ADVANCED_FACE('',(#272),#3546,.T.);
#3746=ADVANCED_FACE('',(#273),#3547,.T.);
#3747=ADVANCED_FACE('',(#274),#3548,.T.);
#3748=ADVANCED_FACE('',(#275),#3549,.T.);
#3749=ADVANCED_FACE('',(#276),#3550,.F.);
#3750=ADVANCED_FACE('',(#277),#3551,.T.);
#3751=ADVANCED_FACE('',(#278),#3552,.T.);
#3752=ADVANCED_FACE('',(#279),#3553,.T.);
#3753=ADVANCED_FACE('',(#280),#3554,.T.);
#3754=ADVANCED_FACE('',(#281),#3555,.T.);
#3755=ADVANCED_FACE('',(#282),#3556,.F.);
#3756=ADVANCED_FACE('',(#283),#3557,.T.);
#3757=ADVANCED_FACE('',(#284),#3558,.T.);
#3758=ADVANCED_FACE('',(#285),#71,.T.);
#3759=ADVANCED_FACE('',(#286),#3559,.T.);
#3760=ADVANCED_FACE('',(#287),#3560,.T.);
#3761=ADVANCED_FACE('',(#288),#3561,.T.);
#3762=ADVANCED_FACE('',(#289),#72,.T.);
#3763=ADVANCED_FACE('',(#290),#3562,.T.);
#3764=ADVANCED_FACE('',(#291),#3563,.T.);
#3765=ADVANCED_FACE('',(#292),#3564,.T.);
#3766=ADVANCED_FACE('',(#293),#3565,.T.);
#3767=ADVANCED_FACE('',(#294),#3566,.F.);
#3768=ADVANCED_FACE('',(#295),#3567,.T.);
#3769=ADVANCED_FACE('',(#296),#3568,.T.);
#3770=ADVANCED_FACE('',(#297),#3569,.T.);
#3771=ADVANCED_FACE('',(#298),#3570,.T.);
#3772=ADVANCED_FACE('',(#299),#3571,.T.);
#3773=ADVANCED_FACE('',(#300),#3572,.T.);
#3774=ADVANCED_FACE('',(#301),#3573,.T.);
#3775=ADVANCED_FACE('',(#302),#3574,.T.);
#3776=ADVANCED_FACE('',(#303),#3575,.T.);
#3777=ADVANCED_FACE('',(#304),#73,.T.);
#3778=ADVANCED_FACE('',(#305),#3576,.T.);
#3779=ADVANCED_FACE('',(#306),#74,.T.);
#3780=ADVANCED_FACE('',(#307),#3577,.T.);
#3781=ADVANCED_FACE('',(#308),#3578,.T.);
#3782=ADVANCED_FACE('',(#309),#3579,.T.);
#3783=ADVANCED_FACE('',(#310),#3580,.F.);
#3784=ADVANCED_FACE('',(#311,#21),#80,.T.);
#3785=ADVANCED_FACE('',(#312),#3581,.T.);
#3786=ADVANCED_FACE('',(#313),#3582,.F.);
#3787=ADVANCED_FACE('',(#314),#3583,.T.);
#3788=ADVANCED_FACE('',(#315),#3584,.T.);
#3789=ADVANCED_FACE('',(#316),#3585,.T.);
#3790=ADVANCED_FACE('',(#317),#3586,.T.);
#3791=ADVANCED_FACE('',(#318),#3587,.T.);
#3792=ADVANCED_FACE('',(#319),#3588,.F.);
#3793=ADVANCED_FACE('',(#320),#3589,.T.);
#3794=ADVANCED_FACE('',(#321),#81,.T.);
#3795=ADVANCED_FACE('',(#322),#3590,.T.);
#3796=ADVANCED_FACE('',(#323),#75,.T.);
#3797=ADVANCED_FACE('',(#324),#3591,.T.);
#3798=ADVANCED_FACE('',(#325),#76,.T.);
#3799=ADVANCED_FACE('',(#326),#3592,.T.);
#3800=ADVANCED_FACE('',(#327),#82,.F.);
#3801=ADVANCED_FACE('',(#328),#3593,.T.);
#3802=ADVANCED_FACE('',(#329),#3594,.T.);
#3803=ADVANCED_FACE('',(#330),#3595,.T.);
#3804=ADVANCED_FACE('',(#331),#3596,.F.);
#3805=ADVANCED_FACE('',(#332),#3597,.T.);
#3806=ADVANCED_FACE('',(#333),#3598,.T.);
#3807=ADVANCED_FACE('',(#334),#3599,.T.);
#3808=ADVANCED_FACE('',(#335),#3600,.T.);
#3809=ADVANCED_FACE('',(#336),#3601,.T.);
#3810=ADVANCED_FACE('',(#337),#3602,.F.);
#3811=ADVANCED_FACE('',(#338,#22),#83,.T.);
#3812=ADVANCED_FACE('',(#339),#3603,.T.);
#3813=ADVANCED_FACE('',(#340),#3604,.F.);
#3814=CLOSED_SHELL('',(#3605,#3606,#3607,#3608,#3609,#3610));
#3815=CLOSED_SHELL('',(#3611,#3612,#3613,#3614,#3615,#3616,#3617,#3618,
#3619,#3620,#3621,#3622,#3623,#3624,#3625,#3626,#3627,#3628,#3629,#3630,
#3631,#3632,#3633,#3634,#3635,#3636,#3637,#3638,#3639,#3640,#3641,#3642));
#3816=CLOSED_SHELL('',(#3643,#3644,#3645,#3646,#3647,#3648,#3649,#3650,
#3651,#3652));
#3817=CLOSED_SHELL('',(#3653,#3654,#3655,#3656,#3657,#3658,#3659,#3660,
#3661,#3662,#3663,#3664,#3665,#3666,#3667,#3668,#3669,#3670));
#3818=CLOSED_SHELL('',(#3671,#3672,#3673,#3674,#3675,#3676,#3677,#3678,
#3679,#3680,#3681,#3682,#3683,#3684,#3685,#3686,#3687,#3688,#3689,#3690,
#3691,#3692,#3693,#3694,#3695,#3696,#3697,#3698,#3699,#3700));
#3819=CLOSED_SHELL('',(#3701,#3702,#3703,#3704,#3705,#3706,#3707,#3708,
#3709,#3710));
#3820=CLOSED_SHELL('',(#3711,#3712,#3713,#3714,#3715,#3716,#3717,#3718,
#3719,#3720,#3721,#3722));
#3821=CLOSED_SHELL('',(#3723,#3724,#3725,#3726,#3727,#3728,#3729,#3730,
#3731,#3732,#3733,#3734,#3735,#3736,#3737));
#3822=CLOSED_SHELL('',(#3738,#3739,#3740,#3741,#3742,#3743,#3744,#3745,
#3746,#3747,#3748,#3749));
#3823=CLOSED_SHELL('',(#3750,#3751,#3752,#3753,#3754,#3755));
#3824=CLOSED_SHELL('',(#3756,#3757,#3758,#3759,#3760,#3761,#3762,#3763,
#3764,#3765,#3766,#3767));
#3825=CLOSED_SHELL('',(#3768,#3769,#3770,#3771,#3772,#3773,#3774,#3775,
#3776,#3777,#3778,#3779,#3780,#3781,#3782,#3783));
#3826=CLOSED_SHELL('',(#3784,#3785,#3786));
#3827=CLOSED_SHELL('',(#3787,#3788,#3789,#3790,#3791,#3792));
#3828=CLOSED_SHELL('',(#3793,#3794,#3795,#3796,#3797,#3798,#3799,#3800,
#3801,#3802,#3803,#3804));
#3829=CLOSED_SHELL('',(#3805,#3806,#3807,#3808,#3809,#3810));
#3830=CLOSED_SHELL('',(#3811,#3812,#3813));
#3831=AXIS2_PLACEMENT_3D('placement',#4922,#4037,#4038);
#3832=AXIS2_PLACEMENT_3D('',#4923,#4039,#4040);
#3833=AXIS2_PLACEMENT_3D('',#4932,#4045,#4046);
#3834=AXIS2_PLACEMENT_3D('',#4938,#4050,#4051);
#3835=AXIS2_PLACEMENT_3D('',#4942,#4054,#4055);
#3836=AXIS2_PLACEMENT_3D('',#4946,#4058,#4059);
#3837=AXIS2_PLACEMENT_3D('',#4948,#4061,#4062);
#3838=AXIS2_PLACEMENT_3D('',#4949,#4063,#4064);
#3839=AXIS2_PLACEMENT_3D('',#4958,#4069,#4070);
#3840=AXIS2_PLACEMENT_3D('',#4964,#4074,#4075);
#3841=AXIS2_PLACEMENT_3D('',#4970,#4079,#4080);
#3842=AXIS2_PLACEMENT_3D('',#4976,#4084,#4085);
#3843=AXIS2_PLACEMENT_3D('',#4982,#4089,#4090);
#3844=AXIS2_PLACEMENT_3D('',#4988,#4094,#4095);
#3845=AXIS2_PLACEMENT_3D('',#4994,#4099,#4100);
#3846=AXIS2_PLACEMENT_3D('',#5000,#4104,#4105);
#3847=AXIS2_PLACEMENT_3D('',#5006,#4109,#4110);
#3848=AXIS2_PLACEMENT_3D('',#5012,#4114,#4115);
#3849=AXIS2_PLACEMENT_3D('',#5018,#4119,#4120);
#3850=AXIS2_PLACEMENT_3D('',#5024,#4124,#4125);
#3851=AXIS2_PLACEMENT_3D('',#5030,#4129,#4130);
#3852=AXIS2_PLACEMENT_3D('',#5036,#4134,#4135);
#3853=AXIS2_PLACEMENT_3D('',#5042,#4139,#4140);
#3854=AXIS2_PLACEMENT_3D('',#5048,#4144,#4145);
#3855=AXIS2_PLACEMENT_3D('',#5054,#4149,#4150);
#3856=AXIS2_PLACEMENT_3D('',#5060,#4154,#4155);
#3857=AXIS2_PLACEMENT_3D('',#5066,#4159,#4160);
#3858=AXIS2_PLACEMENT_3D('',#5072,#4164,#4165);
#3859=AXIS2_PLACEMENT_3D('',#5078,#4169,#4170);
#3860=AXIS2_PLACEMENT_3D('',#5084,#4174,#4175);
#3861=AXIS2_PLACEMENT_3D('',#5090,#4179,#4180);
#3862=AXIS2_PLACEMENT_3D('',#5096,#4184,#4185);
#3863=AXIS2_PLACEMENT_3D('',#5102,#4189,#4190);
#3864=AXIS2_PLACEMENT_3D('',#5108,#4194,#4195);
#3865=AXIS2_PLACEMENT_3D('',#5114,#4199,#4200);
#3866=AXIS2_PLACEMENT_3D('',#5120,#4204,#4205);
#3867=AXIS2_PLACEMENT_3D('',#5126,#4209,#4210);
#3868=AXIS2_PLACEMENT_3D('',#5129,#4213,#4214);
#3869=AXIS2_PLACEMENT_3D('',#5130,#4215,#4216);
#3870=AXIS2_PLACEMENT_3D('',#5131,#4217,#4218);
#3871=AXIS2_PLACEMENT_3D('',#5140,#4223,#4224);
#3872=AXIS2_PLACEMENT_3D('',#5146,#4228,#4229);
#3873=AXIS2_PLACEMENT_3D('',#5152,#4233,#4234);
#3874=AXIS2_PLACEMENT_3D('',#5158,#4238,#4239);
#3875=AXIS2_PLACEMENT_3D('',#5164,#4243,#4244);
#3876=AXIS2_PLACEMENT_3D('',#5170,#4248,#4249);
#3877=AXIS2_PLACEMENT_3D('',#5176,#4253,#4254);
#3878=AXIS2_PLACEMENT_3D('',#5179,#4257,#4258);
#3879=AXIS2_PLACEMENT_3D('',#5180,#4259,#4260);
#3880=AXIS2_PLACEMENT_3D('',#5181,#4261,#4262);
#3881=AXIS2_PLACEMENT_3D('',#5190,#4267,#4268);
#3882=AXIS2_PLACEMENT_3D('',#5196,#4272,#4273);
#3883=AXIS2_PLACEMENT_3D('',#5202,#4277,#4278);
#3884=AXIS2_PLACEMENT_3D('',#5208,#4282,#4283);
#3885=AXIS2_PLACEMENT_3D('',#5214,#4287,#4288);
#3886=AXIS2_PLACEMENT_3D('',#5220,#4292,#4293);
#3887=AXIS2_PLACEMENT_3D('',#5226,#4297,#4298);
#3888=AXIS2_PLACEMENT_3D('',#5232,#4302,#4303);
#3889=AXIS2_PLACEMENT_3D('',#5238,#4307,#4308);
#3890=AXIS2_PLACEMENT_3D('',#5244,#4312,#4313);
#3891=AXIS2_PLACEMENT_3D('',#5250,#4317,#4318);
#3892=AXIS2_PLACEMENT_3D('',#5256,#4322,#4323);
#3893=AXIS2_PLACEMENT_3D('',#5262,#4327,#4328);
#3894=AXIS2_PLACEMENT_3D('',#5268,#4332,#4333);
#3895=AXIS2_PLACEMENT_3D('',#5274,#4337,#4338);
#3896=AXIS2_PLACEMENT_3D('',#5277,#4341,#4342);
#3897=AXIS2_PLACEMENT_3D('',#5278,#4343,#4344);
#3898=AXIS2_PLACEMENT_3D('',#5279,#4345,#4346);
#3899=AXIS2_PLACEMENT_3D('',#5288,#4351,#4352);
#3900=AXIS2_PLACEMENT_3D('',#5292,#4354,#4355);
#3901=AXIS2_PLACEMENT_3D('',#5296,#4357,#4358);
#3902=AXIS2_PLACEMENT_3D('',#5340,#4380,#4381);
#3903=AXIS2_PLACEMENT_3D('',#5342,#4383,#4384);
#3904=AXIS2_PLACEMENT_3D('',#5346,#4387,#4388);
#3905=AXIS2_PLACEMENT_3D('',#5352,#4392,#4393);
#3906=AXIS2_PLACEMENT_3D('',#5356,#4396,#4397);
#3907=AXIS2_PLACEMENT_3D('',#5360,#4400,#4401);
#3908=AXIS2_PLACEMENT_3D('',#5364,#4404,#4405);
#3909=AXIS2_PLACEMENT_3D('',#5368,#4408,#4409);
#3910=AXIS2_PLACEMENT_3D('',#5372,#4412,#4413);
#3911=AXIS2_PLACEMENT_3D('',#5374,#4414,#4415);
#3912=AXIS2_PLACEMENT_3D('',#5376,#4417,#4418);
#3913=AXIS2_PLACEMENT_3D('',#5380,#4421,#4422);
#3914=AXIS2_PLACEMENT_3D('',#5381,#4423,#4424);
#3915=AXIS2_PLACEMENT_3D('',#5382,#4425,#4426);
#3916=AXIS2_PLACEMENT_3D('',#5385,#4427,#4428);
#3917=AXIS2_PLACEMENT_3D('',#5388,#4431,#4432);
#3918=AXIS2_PLACEMENT_3D('',#5392,#4435,#4436);
#3919=AXIS2_PLACEMENT_3D('',#5396,#4439,#4440);
#3920=AXIS2_PLACEMENT_3D('',#5400,#4443,#4444);
#3921=AXIS2_PLACEMENT_3D('',#5404,#4447,#4448);
#3922=AXIS2_PLACEMENT_3D('',#5408,#4451,#4452);
#3923=AXIS2_PLACEMENT_3D('',#5412,#4455,#4456);
#3924=AXIS2_PLACEMENT_3D('',#5416,#4459,#4460);
#3925=AXIS2_PLACEMENT_3D('',#5420,#4463,#4464);
#3926=AXIS2_PLACEMENT_3D('',#5424,#4467,#4468);
#3927=AXIS2_PLACEMENT_3D('',#5428,#4471,#4472);
#3928=AXIS2_PLACEMENT_3D('',#5432,#4475,#4476);
#3929=AXIS2_PLACEMENT_3D('',#5436,#4479,#4480);
#3930=AXIS2_PLACEMENT_3D('',#5440,#4483,#4484);
#3931=AXIS2_PLACEMENT_3D('',#5444,#4487,#4488);
#3932=AXIS2_PLACEMENT_3D('',#5446,#4490,#4491);
#3933=AXIS2_PLACEMENT_3D('',#5448,#4493,#4494);
#3934=AXIS2_PLACEMENT_3D('',#5449,#4495,#4496);
#3935=AXIS2_PLACEMENT_3D('',#5489,#4502,#4503);
#3936=AXIS2_PLACEMENT_3D('',#5519,#4507,#4508);
#3937=AXIS2_PLACEMENT_3D('',#5559,#4514,#4515);
#3938=AXIS2_PLACEMENT_3D('',#5597,#4519,#4520);
#3939=AXIS2_PLACEMENT_3D('',#5598,#4521,#4522);
#3940=AXIS2_PLACEMENT_3D('',#5599,#4523,#4524);
#3941=AXIS2_PLACEMENT_3D('',#5608,#4529,#4530);
#3942=AXIS2_PLACEMENT_3D('',#5633,#4535,#4536);
#3943=AXIS2_PLACEMENT_3D('',#5639,#4540,#4541);
#3944=AXIS2_PLACEMENT_3D('',#5645,#4545,#4546);
#3945=AXIS2_PLACEMENT_3D('',#5651,#4550,#4551);
#3946=AXIS2_PLACEMENT_3D('',#5657,#4555,#4556);
#3947=AXIS2_PLACEMENT_3D('',#5686,#4561,#4562);
#3948=AXIS2_PLACEMENT_3D('',#5689,#4565,#4566);
#3949=AXIS2_PLACEMENT_3D('',#5690,#4567,#4568);
#3950=AXIS2_PLACEMENT_3D('',#5691,#4569,#4570);
#3951=AXIS2_PLACEMENT_3D('',#5727,#4576,#4577);
#3952=AXIS2_PLACEMENT_3D('',#5733,#4581,#4582);
#3953=AXIS2_PLACEMENT_3D('',#5766,#4587,#4588);
#3954=AXIS2_PLACEMENT_3D('',#5772,#4592,#4593);
#3955=AXIS2_PLACEMENT_3D('',#5809,#4598,#4599);
#3956=AXIS2_PLACEMENT_3D('',#5850,#4604,#4605);
#3957=AXIS2_PLACEMENT_3D('',#5856,#4609,#4610);
#3958=AXIS2_PLACEMENT_3D('',#5862,#4614,#4615);
#3959=AXIS2_PLACEMENT_3D('',#5865,#4618,#4619);
#3960=AXIS2_PLACEMENT_3D('',#5866,#4620,#4621);
#3961=AXIS2_PLACEMENT_3D('',#5867,#4622,#4623);
#3962=AXIS2_PLACEMENT_3D('',#5899,#4629,#4630);
#3963=AXIS2_PLACEMENT_3D('',#5905,#4634,#4635);
#3964=AXIS2_PLACEMENT_3D('',#5911,#4639,#4640);
#3965=AXIS2_PLACEMENT_3D('',#5936,#4645,#4646);
#3966=AXIS2_PLACEMENT_3D('',#5942,#4650,#4651);
#3967=AXIS2_PLACEMENT_3D('',#5948,#4655,#4656);
#3968=AXIS2_PLACEMENT_3D('',#5954,#4660,#4661);
#3969=AXIS2_PLACEMENT_3D('',#5957,#4664,#4665);
#3970=AXIS2_PLACEMENT_3D('',#5958,#4666,#4667);
#3971=AXIS2_PLACEMENT_3D('',#5959,#4668,#4669);
#3972=AXIS2_PLACEMENT_3D('',#5968,#4674,#4675);
#3973=AXIS2_PLACEMENT_3D('',#5974,#4679,#4680);
#3974=AXIS2_PLACEMENT_3D('',#5980,#4684,#4685);
#3975=AXIS2_PLACEMENT_3D('',#5983,#4688,#4689);
#3976=AXIS2_PLACEMENT_3D('',#5984,#4690,#4691);
#3977=AXIS2_PLACEMENT_3D('',#5985,#4692,#4693);
#3978=AXIS2_PLACEMENT_3D('',#5994,#4698,#4699);
#3979=AXIS2_PLACEMENT_3D('',#6023,#4704,#4705);
#3980=AXIS2_PLACEMENT_3D('',#6029,#4709,#4710);
#3981=AXIS2_PLACEMENT_3D('',#6035,#4714,#4715);
#3982=AXIS2_PLACEMENT_3D('',#6060,#4720,#4721);
#3983=AXIS2_PLACEMENT_3D('',#6066,#4725,#4726);
#3984=AXIS2_PLACEMENT_3D('',#6072,#4730,#4731);
#3985=AXIS2_PLACEMENT_3D('',#6075,#4734,#4735);
#3986=AXIS2_PLACEMENT_3D('',#6076,#4736,#4737);
#3987=AXIS2_PLACEMENT_3D('',#6077,#4738,#4739);
#3988=AXIS2_PLACEMENT_3D('',#6086,#4744,#4745);
#3989=AXIS2_PLACEMENT_3D('',#6092,#4749,#4750);
#3990=AXIS2_PLACEMENT_3D('',#6098,#4754,#4755);
#3991=AXIS2_PLACEMENT_3D('',#6104,#4759,#4760);
#3992=AXIS2_PLACEMENT_3D('',#6110,#4764,#4765);
#3993=AXIS2_PLACEMENT_3D('',#6116,#4769,#4770);
#3994=AXIS2_PLACEMENT_3D('',#6122,#4774,#4775);
#3995=AXIS2_PLACEMENT_3D('',#6128,#4779,#4780);
#3996=AXIS2_PLACEMENT_3D('',#6153,#4785,#4786);
#3997=AXIS2_PLACEMENT_3D('',#6178,#4791,#4792);
#3998=AXIS2_PLACEMENT_3D('',#6184,#4796,#4797);
#3999=AXIS2_PLACEMENT_3D('',#6187,#4800,#4801);
#4000=AXIS2_PLACEMENT_3D('',#6188,#4802,#4803);
#4001=AXIS2_PLACEMENT_3D('',#6189,#4804,#4805);
#4002=AXIS2_PLACEMENT_3D('',#6191,#4806,#4807);
#4003=AXIS2_PLACEMENT_3D('',#6193,#4808,#4809);
#4004=AXIS2_PLACEMENT_3D('',#6194,#4810,#4811);
#4005=AXIS2_PLACEMENT_3D('',#6195,#4812,#4813);
#4006=AXIS2_PLACEMENT_3D('',#6196,#4814,#4815);
#4007=AXIS2_PLACEMENT_3D('',#6205,#4820,#4821);
#4008=AXIS2_PLACEMENT_3D('',#6211,#4825,#4826);
#4009=AXIS2_PLACEMENT_3D('',#6217,#4830,#4831);
#4010=AXIS2_PLACEMENT_3D('',#6220,#4834,#4835);
#4011=AXIS2_PLACEMENT_3D('',#6221,#4836,#4837);
#4012=AXIS2_PLACEMENT_3D('',#6222,#4838,#4839);
#4013=AXIS2_PLACEMENT_3D('',#6231,#4844,#4845);
#4014=AXIS2_PLACEMENT_3D('',#6233,#4846,#4847);
#4015=AXIS2_PLACEMENT_3D('',#6235,#4848,#4849);
#4016=AXIS2_PLACEMENT_3D('',#6237,#4851,#4852);
#4017=AXIS2_PLACEMENT_3D('',#6282,#4857,#4858);
#4018=AXIS2_PLACEMENT_3D('',#6319,#4863,#4864);
#4019=AXIS2_PLACEMENT_3D('',#6325,#4868,#4869);
#4020=AXIS2_PLACEMENT_3D('',#6327,#4870,#4871);
#4021=AXIS2_PLACEMENT_3D('',#6329,#4872,#4873);
#4022=AXIS2_PLACEMENT_3D('',#6331,#4875,#4876);
#4023=AXIS2_PLACEMENT_3D('',#6337,#4880,#4881);
#4024=AXIS2_PLACEMENT_3D('',#6340,#4884,#4885);
#4025=AXIS2_PLACEMENT_3D('',#6341,#4886,#4887);
#4026=AXIS2_PLACEMENT_3D('',#6342,#4888,#4889);
#4027=AXIS2_PLACEMENT_3D('',#6351,#4894,#4895);
#4028=AXIS2_PLACEMENT_3D('',#6357,#4899,#4900);
#4029=AXIS2_PLACEMENT_3D('',#6363,#4904,#4905);
#4030=AXIS2_PLACEMENT_3D('',#6366,#4908,#4909);
#4031=AXIS2_PLACEMENT_3D('',#6367,#4910,#4911);
#4032=AXIS2_PLACEMENT_3D('',#6368,#4912,#4913);
#4033=AXIS2_PLACEMENT_3D('',#6370,#4914,#4915);
#4034=AXIS2_PLACEMENT_3D('',#6372,#4916,#4917);
#4035=AXIS2_PLACEMENT_3D('',#6373,#4918,#4919);
#4036=AXIS2_PLACEMENT_3D('',#6374,#4920,#4921);
#4037=DIRECTION('axis',(0.,0.,1.));
#4038=DIRECTION('refdir',(1.,0.,0.));
#4039=DIRECTION('center_axis',(0.,0.,1.));
#4040=DIRECTION('ref_axis',(-6.73555739531044E-16,-1.,0.));
#4041=DIRECTION('',(-1.,6.73555739531044E-16,0.));
#4042=DIRECTION('',(6.73555739531044E-16,1.,0.));
#4043=DIRECTION('',(1.,-6.73555739531044E-16,0.));
#4044=DIRECTION('',(-8.51904819792114E-16,-1.,0.));
#4045=DIRECTION('center_axis',(-1.,8.51904819792113E-16,0.));
#4046=DIRECTION('ref_axis',(-8.51904819792114E-16,-1.,0.));
#4047=DIRECTION('',(-8.51904819792114E-16,-1.,0.));
#4048=DIRECTION('',(0.,0.,1.));
#4049=DIRECTION('',(0.,0.,1.));
#4050=DIRECTION('center_axis',(-6.73555739531044E-16,-1.,0.));
#4051=DIRECTION('ref_axis',(1.,-6.73555739531044E-16,0.));
#4052=DIRECTION('',(1.,-6.73555739531044E-16,0.));
#4053=DIRECTION('',(0.,0.,1.));
#4054=DIRECTION('center_axis',(1.,-6.73555739531044E-16,0.));
#4055=DIRECTION('ref_axis',(6.73555739531044E-16,1.,0.));
#4056=DIRECTION('',(6.73555739531044E-16,1.,0.));
#4057=DIRECTION('',(0.,0.,1.));
#4058=DIRECTION('center_axis',(6.73555739531044E-16,1.,0.));
#4059=DIRECTION('ref_axis',(-1.,6.73555739531044E-16,0.));
#4060=DIRECTION('',(-1.,6.73555739531044E-16,0.));
#4061=DIRECTION('center_axis',(0.,0.,-1.));
#4062=DIRECTION('ref_axis',(6.73555739531044E-16,1.,0.));
#4063=DIRECTION('center_axis',(2.46519032881566E-32,-1.,0.));
#4064=DIRECTION('ref_axis',(1.,2.46519032881566E-32,0.));
#4065=DIRECTION('',(1.,2.46519032881566E-32,0.));
#4066=DIRECTION('',(0.,0.,1.));
#4067=DIRECTION('',(1.,2.46519032881566E-32,0.));
#4068=DIRECTION('',(0.,0.,1.));
#4069=DIRECTION('center_axis',(-1.,-2.46519032881566E-32,0.));
#4070=DIRECTION('ref_axis',(2.46519032881566E-32,-1.,0.));
#4071=DIRECTION('',(2.46519032881566E-32,-1.,0.));
#4072=DIRECTION('',(0.,0.,1.));
#4073=DIRECTION('',(2.46519032881566E-32,-1.,0.));
#4074=DIRECTION('center_axis',(2.46519032881566E-32,-1.,0.));
#4075=DIRECTION('ref_axis',(1.,2.46519032881566E-32,0.));
#4076=DIRECTION('',(1.,2.46519032881566E-32,0.));
#4077=DIRECTION('',(0.,0.,1.));
#4078=DIRECTION('',(1.,2.46519032881566E-32,0.));
#4079=DIRECTION('center_axis',(1.,6.767073673905E-14,0.));
#4080=DIRECTION('ref_axis',(-6.767073673905E-14,1.,0.));
#4081=DIRECTION('',(-6.767073673905E-14,1.,0.));
#4082=DIRECTION('',(0.,0.,1.));
#4083=DIRECTION('',(-6.767073673905E-14,1.,0.));
#4084=DIRECTION('center_axis',(-2.27373675443284E-13,1.,0.));
#4085=DIRECTION('ref_axis',(-1.,-2.27373675443284E-13,0.));
#4086=DIRECTION('',(-1.,-2.27373675443284E-13,0.));
#4087=DIRECTION('',(0.,0.,1.));
#4088=DIRECTION('',(-1.,-2.27373675443284E-13,0.));
#4089=DIRECTION('center_axis',(1.,2.46519032881566E-32,0.));
#4090=DIRECTION('ref_axis',(-2.46519032881566E-32,1.,0.));
#4091=DIRECTION('',(-2.46519032881566E-32,1.,0.));
#4092=DIRECTION('',(0.,0.,1.));
#4093=DIRECTION('',(-2.46519032881566E-32,1.,0.));
#4094=DIRECTION('center_axis',(2.46519032881566E-32,-1.,0.));
#4095=DIRECTION('ref_axis',(1.,2.46519032881566E-32,0.));
#4096=DIRECTION('',(1.,2.46519032881566E-32,0.));
#4097=DIRECTION('',(0.,0.,1.));
#4098=DIRECTION('',(1.,2.46519032881566E-32,0.));
#4099=DIRECTION('center_axis',(1.,-6.76707367390546E-14,0.));
#4100=DIRECTION('ref_axis',(6.76707367390546E-14,1.,0.));
#4101=DIRECTION('',(6.76707367390546E-14,1.,0.));
#4102=DIRECTION('',(0.,0.,1.));
#4103=DIRECTION('',(6.76707367390546E-14,1.,0.));
#4104=DIRECTION('center_axis',(-1.13686837721642E-13,1.,0.));
#4105=DIRECTION('ref_axis',(-1.,-1.13686837721642E-13,0.));
#4106=DIRECTION('',(-1.,-1.13686837721642E-13,0.));
#4107=DIRECTION('',(0.,0.,1.));
#4108=DIRECTION('',(-1.,-1.13686837721642E-13,0.));
#4109=DIRECTION('center_axis',(1.,2.46519032881566E-32,0.));
#4110=DIRECTION('ref_axis',(-2.46519032881566E-32,1.,0.));
#4111=DIRECTION('',(-2.46519032881566E-32,1.,0.));
#4112=DIRECTION('',(0.,0.,1.));
#4113=DIRECTION('',(-2.46519032881566E-32,1.,0.));
#4114=DIRECTION('center_axis',(6.93212425131907E-14,-1.,0.));
#4115=DIRECTION('ref_axis',(1.,6.93212425131907E-14,0.));
#4116=DIRECTION('',(1.,6.93212425131907E-14,0.));
#4117=DIRECTION('',(0.,0.,1.));
#4118=DIRECTION('',(1.,6.93212425131907E-14,0.));
#4119=DIRECTION('center_axis',(1.,6.76707367390592E-14,0.));
#4120=DIRECTION('ref_axis',(-6.76707367390592E-14,1.,0.));
#4121=DIRECTION('',(-6.76707367390592E-14,1.,0.));
#4122=DIRECTION('',(0.,0.,1.));
#4123=DIRECTION('',(-6.76707367390592E-14,1.,0.));
#4124=DIRECTION('center_axis',(-1.13686837721642E-13,1.,0.));
#4125=DIRECTION('ref_axis',(-1.,-1.13686837721642E-13,0.));
#4126=DIRECTION('',(-1.,-1.13686837721642E-13,0.));
#4127=DIRECTION('',(0.,0.,1.));
#4128=DIRECTION('',(-1.,-1.13686837721642E-13,0.));
#4129=DIRECTION('center_axis',(1.,3.34373052122402E-14,0.));
#4130=DIRECTION('ref_axis',(-3.34373052122402E-14,1.,0.));
#4131=DIRECTION('',(-3.34373052122402E-14,1.,0.));
#4132=DIRECTION('',(0.,0.,1.));
#4133=DIRECTION('',(-3.34373052122402E-14,1.,0.));
#4134=DIRECTION('center_axis',(2.46519032881566E-32,-1.,0.));
#4135=DIRECTION('ref_axis',(1.,2.46519032881566E-32,0.));
#4136=DIRECTION('',(1.,2.46519032881566E-32,0.));
#4137=DIRECTION('',(0.,0.,1.));
#4138=DIRECTION('',(1.,2.46519032881566E-32,0.));
#4139=DIRECTION('center_axis',(1.,2.46519032881566E-32,0.));
#4140=DIRECTION('ref_axis',(-2.46519032881566E-32,1.,0.));
#4141=DIRECTION('',(-2.46519032881566E-32,1.,0.));
#4142=DIRECTION('',(0.,0.,1.));
#4143=DIRECTION('',(-2.46519032881566E-32,1.,0.));
#4144=DIRECTION('center_axis',(-2.46519032881566E-32,1.,0.));
#4145=DIRECTION('ref_axis',(-1.,-2.46519032881566E-32,0.));
#4146=DIRECTION('',(-1.,-2.46519032881566E-32,0.));
#4147=DIRECTION('',(0.,0.,1.));
#4148=DIRECTION('',(-1.,-2.46519032881566E-32,0.));
#4149=DIRECTION('center_axis',(-1.,-2.46519032881566E-32,0.));
#4150=DIRECTION('ref_axis',(2.46519032881566E-32,-1.,0.));
#4151=DIRECTION('',(2.46519032881566E-32,-1.,0.));
#4152=DIRECTION('',(0.,0.,1.));
#4153=DIRECTION('',(2.46519032881566E-32,-1.,0.));
#4154=DIRECTION('center_axis',(-6.274108041989E-15,1.,0.));
#4155=DIRECTION('ref_axis',(-1.,-6.274108041989E-15,0.));
#4156=DIRECTION('',(-1.,-6.274108041989E-15,0.));
#4157=DIRECTION('',(0.,0.,1.));
#4158=DIRECTION('',(-1.,-6.274108041989E-15,0.));
#4159=DIRECTION('center_axis',(1.,2.46519032881566E-32,0.));
#4160=DIRECTION('ref_axis',(-2.46519032881566E-32,1.,0.));
#4161=DIRECTION('',(-2.46519032881566E-32,1.,0.));
#4162=DIRECTION('',(0.,0.,1.));
#4163=DIRECTION('',(-2.46519032881566E-32,1.,0.));
#4164=DIRECTION('center_axis',(-3.55271367880045E-14,1.,0.));
#4165=DIRECTION('ref_axis',(-1.,-3.55271367880045E-14,0.));
#4166=DIRECTION('',(-1.,-3.55271367880045E-14,0.));
#4167=DIRECTION('',(0.,0.,1.));
#4168=DIRECTION('',(-1.,-3.55271367880045E-14,0.));
#4169=DIRECTION('center_axis',(-1.,-2.46519032881566E-32,0.));
#4170=DIRECTION('ref_axis',(2.46519032881566E-32,-1.,0.));
#4171=DIRECTION('',(2.46519032881566E-32,-1.,0.));
#4172=DIRECTION('',(0.,0.,1.));
#4173=DIRECTION('',(2.46519032881566E-32,-1.,0.));
#4174=DIRECTION('center_axis',(2.00152883317053E-14,1.,0.));
#4175=DIRECTION('ref_axis',(-1.,2.00152883317053E-14,0.));
#4176=DIRECTION('',(-1.,2.00152883317053E-14,0.));
#4177=DIRECTION('',(0.,0.,1.));
#4178=DIRECTION('',(-1.,2.00152883317053E-14,0.));
#4179=DIRECTION('center_axis',(-1.,3.75204084889822E-14,0.));
#4180=DIRECTION('ref_axis',(-3.75204084889822E-14,-1.,0.));
#4181=DIRECTION('',(-3.75204084889822E-14,-1.,0.));
#4182=DIRECTION('',(0.,0.,1.));
#4183=DIRECTION('',(-3.75204084889822E-14,-1.,0.));
#4184=DIRECTION('center_axis',(2.46519032881566E-32,-1.,0.));
#4185=DIRECTION('ref_axis',(1.,2.46519032881566E-32,0.));
#4186=DIRECTION('',(1.,2.46519032881566E-32,0.));
#4187=DIRECTION('',(0.,0.,1.));
#4188=DIRECTION('',(1.,2.46519032881566E-32,0.));
#4189=DIRECTION('center_axis',(-1.,-2.46519032881566E-32,0.));
#4190=DIRECTION('ref_axis',(2.46519032881566E-32,-1.,0.));
#4191=DIRECTION('',(2.46519032881566E-32,-1.,0.));
#4192=DIRECTION('',(0.,0.,1.));
#4193=DIRECTION('',(2.46519032881566E-32,-1.,0.));
#4194=DIRECTION('center_axis',(2.46519032881566E-32,-1.,0.));
#4195=DIRECTION('ref_axis',(1.,2.46519032881566E-32,0.));
#4196=DIRECTION('',(1.,2.46519032881566E-32,0.));
#4197=DIRECTION('',(0.,0.,1.));
#4198=DIRECTION('',(1.,2.46519032881566E-32,0.));
#4199=DIRECTION('center_axis',(-1.,7.38226218971577E-14,0.));
#4200=DIRECTION('ref_axis',(-7.38226218971577E-14,-1.,0.));
#4201=DIRECTION('',(-7.38226218971577E-14,-1.,0.));
#4202=DIRECTION('',(0.,0.,1.));
#4203=DIRECTION('',(-7.38226218971577E-14,-1.,0.));
#4204=DIRECTION('center_axis',(2.46519032881566E-32,-1.,0.));
#4205=DIRECTION('ref_axis',(1.,2.46519032881566E-32,0.));
#4206=DIRECTION('',(1.,2.46519032881566E-32,0.));
#4207=DIRECTION('',(0.,0.,1.));
#4208=DIRECTION('',(1.,2.46519032881566E-32,0.));
#4209=DIRECTION('center_axis',(1.,2.46519032881566E-32,0.));
#4210=DIRECTION('ref_axis',(-2.46519032881566E-32,1.,0.));
#4211=DIRECTION('',(-2.46519032881566E-32,1.,0.));
#4212=DIRECTION('',(-2.46519032881566E-32,1.,0.));
#4213=DIRECTION('center_axis',(0.,0.,-1.));
#4214=DIRECTION('ref_axis',(-1.,-2.46519032881566E-32,0.));
#4215=DIRECTION('center_axis',(0.,0.,-1.));
#4216=DIRECTION('ref_axis',(-1.,-2.46519032881566E-32,0.));
#4217=DIRECTION('center_axis',(-1.,-2.46519032881566E-32,0.));
#4218=DIRECTION('ref_axis',(2.46519032881566E-32,-1.,0.));
#4219=DIRECTION('',(2.46519032881566E-32,-1.,0.));
#4220=DIRECTION('',(0.,0.,1.));
#4221=DIRECTION('',(2.46519032881566E-32,-1.,0.));
#4222=DIRECTION('',(0.,0.,1.));
#4223=DIRECTION('center_axis',(2.46519032881566E-32,-1.,0.));
#4224=DIRECTION('ref_axis',(1.,2.46519032881566E-32,0.));
#4225=DIRECTION('',(1.,2.46519032881566E-32,0.));
#4226=DIRECTION('',(0.,0.,1.));
#4227=DIRECTION('',(1.,2.46519032881566E-32,0.));
#4228=DIRECTION('center_axis',(1.,2.46519032881566E-32,0.));
#4229=DIRECTION('ref_axis',(-2.46519032881566E-32,1.,0.));
#4230=DIRECTION('',(-2.46519032881566E-32,1.,0.));
#4231=DIRECTION('',(0.,0.,1.));
#4232=DIRECTION('',(-2.46519032881566E-32,1.,0.));
#4233=DIRECTION('center_axis',(2.46519032881566E-32,-1.,0.));
#4234=DIRECTION('ref_axis',(1.,2.46519032881566E-32,0.));
#4235=DIRECTION('',(1.,2.46519032881566E-32,0.));
#4236=DIRECTION('',(0.,0.,1.));
#4237=DIRECTION('',(1.,2.46519032881566E-32,0.));
#4238=DIRECTION('center_axis',(1.,2.46519032881566E-32,0.));
#4239=DIRECTION('ref_axis',(-2.46519032881566E-32,1.,0.));
#4240=DIRECTION('',(-2.46519032881566E-32,1.,0.));
#4241=DIRECTION('',(0.,0.,1.));
#4242=DIRECTION('',(-2.46519032881566E-32,1.,0.));
#4243=DIRECTION('center_axis',(-2.46519032881566E-32,1.,0.));
#4244=DIRECTION('ref_axis',(-1.,-2.46519032881566E-32,0.));
#4245=DIRECTION('',(-1.,-2.46519032881566E-32,0.));
#4246=DIRECTION('',(0.,0.,1.));
#4247=DIRECTION('',(-1.,-2.46519032881566E-32,0.));
#4248=DIRECTION('center_axis',(-1.,-2.46519032881566E-32,0.));
#4249=DIRECTION('ref_axis',(2.46519032881566E-32,-1.,0.));
#4250=DIRECTION('',(2.46519032881566E-32,-1.,0.));
#4251=DIRECTION('',(0.,0.,1.));
#4252=DIRECTION('',(2.46519032881566E-32,-1.,0.));
#4253=DIRECTION('center_axis',(2.46519032881566E-32,-1.,0.));
#4254=DIRECTION('ref_axis',(1.,2.46519032881566E-32,0.));
#4255=DIRECTION('',(1.,2.46519032881566E-32,0.));
#4256=DIRECTION('',(1.,2.46519032881566E-32,0.));
#4257=DIRECTION('center_axis',(0.,0.,-1.));
#4258=DIRECTION('ref_axis',(-1.,-2.46519032881566E-32,0.));
#4259=DIRECTION('center_axis',(0.,0.,-1.));
#4260=DIRECTION('ref_axis',(-1.,-2.46519032881566E-32,0.));
#4261=DIRECTION('center_axis',(1.,-3.67394039744206E-16,0.));
#4262=DIRECTION('ref_axis',(3.67394039744206E-16,1.,0.));
#4263=DIRECTION('',(3.67394039744206E-16,1.,0.));
#4264=DIRECTION('',(0.,0.,1.));
#4265=DIRECTION('',(3.67394039744206E-16,1.,0.));
#4266=DIRECTION('',(0.,0.,1.));
#4267=DIRECTION('center_axis',(5.11204465940317E-14,1.,0.));
#4268=DIRECTION('ref_axis',(-1.,5.11204465940317E-14,0.));
#4269=DIRECTION('',(-1.,5.11204465940317E-14,0.));
#4270=DIRECTION('',(-1.,5.11204465940317E-14,0.));
#4271=DIRECTION('',(0.,0.,1.));
#4272=DIRECTION('center_axis',(1.,-3.67394039744206E-16,0.));
#4273=DIRECTION('ref_axis',(3.67394039744206E-16,1.,0.));
#4274=DIRECTION('',(3.67394039744206E-16,1.,0.));
#4275=DIRECTION('',(3.67394039744206E-16,1.,0.));
#4276=DIRECTION('',(0.,0.,1.));
#4277=DIRECTION('center_axis',(-5.11204465940317E-14,-1.,0.));
#4278=DIRECTION('ref_axis',(1.,-5.11204465940317E-14,0.));
#4279=DIRECTION('',(1.,-5.11204465940317E-14,0.));
#4280=DIRECTION('',(1.,-5.11204465940317E-14,0.));
#4281=DIRECTION('',(0.,0.,1.));
#4282=DIRECTION('center_axis',(1.,-3.67394039744206E-16,0.));
#4283=DIRECTION('ref_axis',(3.67394039744206E-16,1.,0.));
#4284=DIRECTION('',(3.67394039744206E-16,1.,0.));
#4285=DIRECTION('',(3.67394039744206E-16,1.,0.));
#4286=DIRECTION('',(0.,0.,1.));
#4287=DIRECTION('center_axis',(3.67394039744206E-16,1.,0.));
#4288=DIRECTION('ref_axis',(-1.,3.67394039744206E-16,0.));
#4289=DIRECTION('',(-1.,3.67394039744206E-16,0.));
#4290=DIRECTION('',(-1.,3.67394039744206E-16,0.));
#4291=DIRECTION('',(0.,0.,1.));
#4292=DIRECTION('center_axis',(1.,-3.67394039744206E-16,0.));
#4293=DIRECTION('ref_axis',(3.67394039744206E-16,1.,0.));
#4294=DIRECTION('',(3.67394039744206E-16,1.,0.));
#4295=DIRECTION('',(3.67394039744206E-16,1.,0.));
#4296=DIRECTION('',(0.,0.,1.));
#4297=DIRECTION('center_axis',(-5.11204465940317E-14,-1.,0.));
#4298=DIRECTION('ref_axis',(1.,-5.11204465940317E-14,0.));
#4299=DIRECTION('',(1.,-5.11204465940317E-14,0.));
#4300=DIRECTION('',(1.,-5.11204465940317E-14,0.));
#4301=DIRECTION('',(0.,0.,1.));
#4302=DIRECTION('center_axis',(1.,-3.67394039744206E-16,0.));
#4303=DIRECTION('ref_axis',(3.67394039744206E-16,1.,0.));
#4304=DIRECTION('',(3.67394039744206E-16,1.,0.));
#4305=DIRECTION('',(3.67394039744206E-16,1.,0.));
#4306=DIRECTION('',(0.,0.,1.));
#4307=DIRECTION('center_axis',(3.67394039744206E-16,1.,0.));
#4308=DIRECTION('ref_axis',(-1.,3.67394039744206E-16,0.));
#4309=DIRECTION('',(-1.,3.67394039744206E-16,0.));
#4310=DIRECTION('',(-1.,3.67394039744206E-16,0.));
#4311=DIRECTION('',(0.,0.,1.));
#4312=DIRECTION('center_axis',(1.,-3.67394039744206E-16,0.));
#4313=DIRECTION('ref_axis',(3.67394039744206E-16,1.,0.));
#4314=DIRECTION('',(3.67394039744206E-16,1.,0.));
#4315=DIRECTION('',(3.67394039744206E-16,1.,0.));
#4316=DIRECTION('',(0.,0.,1.));
#4317=DIRECTION('center_axis',(-3.67394039744206E-16,-1.,0.));
#4318=DIRECTION('ref_axis',(1.,-3.67394039744206E-16,0.));
#4319=DIRECTION('',(1.,-3.67394039744206E-16,0.));
#4320=DIRECTION('',(1.,-3.67394039744206E-16,0.));
#4321=DIRECTION('',(0.,0.,1.));
#4322=DIRECTION('center_axis',(-1.,3.67394039744206E-16,0.));
#4323=DIRECTION('ref_axis',(-3.67394039744206E-16,-1.,0.));
#4324=DIRECTION('',(-3.67394039744206E-16,-1.,0.));
#4325=DIRECTION('',(-3.67394039744206E-16,-1.,0.));
#4326=DIRECTION('',(0.,0.,1.));
#4327=DIRECTION('center_axis',(3.67394039744206E-16,1.,0.));
#4328=DIRECTION('ref_axis',(-1.,3.67394039744206E-16,0.));
#4329=DIRECTION('',(-1.,3.67394039744206E-16,0.));
#4330=DIRECTION('',(-1.,3.67394039744206E-16,0.));
#4331=DIRECTION('',(0.,0.,1.));
#4332=DIRECTION('center_axis',(1.,-3.67394039744206E-16,0.));
#4333=DIRECTION('ref_axis',(3.67394039744206E-16,1.,0.));
#4334=DIRECTION('',(3.67394039744206E-16,1.,0.));
#4335=DIRECTION('',(3.67394039744206E-16,1.,0.));
#4336=DIRECTION('',(0.,0.,1.));
#4337=DIRECTION('center_axis',(5.03856585145433E-14,-1.,0.));
#4338=DIRECTION('ref_axis',(1.,5.03856585145433E-14,0.));
#4339=DIRECTION('',(1.,5.03856585145433E-14,0.));
#4340=DIRECTION('',(1.,5.03856585145433E-14,0.));
#4341=DIRECTION('center_axis',(0.,0.,1.));
#4342=DIRECTION('ref_axis',(-1.,3.67394039744206E-16,0.));
#4343=DIRECTION('center_axis',(0.,0.,1.));
#4344=DIRECTION('ref_axis',(-1.,3.67394039744206E-16,0.));
#4345=DIRECTION('center_axis',(-0.707106781186547,0.707106781186548,0.));
#4346=DIRECTION('ref_axis',(0.,0.,1.));
#4347=DIRECTION('',(0.707106781186548,0.707106781186547,0.));
#4348=DIRECTION('',(0.,0.,-1.));
#4349=DIRECTION('',(-0.707106781186548,-0.707106781186547,0.));
#4350=DIRECTION('',(0.,0.,1.));
#4351=DIRECTION('center_axis',(0.,0.,1.));
#4352=DIRECTION('ref_axis',(-4.28626379701574E-16,-1.,0.));
#4353=DIRECTION('',(-4.28626379701574E-16,-1.,0.));
#4354=DIRECTION('center_axis',(0.,0.,1.));
#4355=DIRECTION('ref_axis',(-1.,-5.00794968148679E-14,0.));
#4356=DIRECTION('',(1.,-3.13000032996679E-13,0.));
#4357=DIRECTION('center_axis',(0.,0.,-1.));
#4358=DIRECTION('ref_axis',(-1.83588389683306E-14,1.,0.));
#4359=DIRECTION('',(-6.73555739531044E-16,-1.,0.));
#4360=DIRECTION('',(1.,-6.73555739531044E-16,0.));
#4361=DIRECTION('',(-6.73555739531044E-16,-1.,0.));
#4362=DIRECTION('',(1.,-9.54125871742075E-14,0.));
#4363=DIRECTION('',(6.73555739531044E-16,1.,0.));
#4364=DIRECTION('',(1.,-6.73555739531044E-16,0.));
#4365=DIRECTION('',(6.73555739531044E-16,1.,0.));
#4366=DIRECTION('',(1.,-6.73555739531044E-16,0.));
#4367=DIRECTION('',(-6.73555739531044E-16,-1.,0.));
#4368=DIRECTION('',(1.,-6.73555739531044E-16,0.));
#4369=DIRECTION('',(1.79295936079906E-14,1.,0.));
#4370=DIRECTION('',(-1.,6.73555739531044E-16,0.));
#4371=DIRECTION('',(-6.73555739531044E-16,-1.,0.));
#4372=DIRECTION('',(-1.,6.73555739531044E-16,0.));
#4373=DIRECTION('',(6.73555739531044E-16,1.,0.));
#4374=DIRECTION('',(-1.,6.73555739531044E-16,0.));
#4375=DIRECTION('',(6.73555739531044E-16,1.,0.));
#4376=DIRECTION('',(-1.,6.73555739531044E-16,0.));
#4377=DIRECTION('',(-7.58585807218522E-13,-1.,0.));
#4378=DIRECTION('',(-1.,6.73555739531044E-16,0.));
#4379=DIRECTION('',(-6.73555739531044E-16,-1.,0.));
#4380=DIRECTION('center_axis',(0.,0.,-1.));
#4381=DIRECTION('ref_axis',(1.,-2.60500820167097E-14,0.));
#4382=DIRECTION('',(-1.,-4.80661845904592E-13,0.));
#4383=DIRECTION('center_axis',(-1.,4.28626379701574E-16,0.));
#4384=DIRECTION('ref_axis',(-4.28626379701574E-16,-1.,0.));
#4385=DIRECTION('',(4.28626379701574E-16,1.,0.));
#4386=DIRECTION('',(0.,0.,1.));
#4387=DIRECTION('center_axis',(-6.73555739531044E-16,-1.,0.));
#4388=DIRECTION('ref_axis',(1.,-6.73555739531044E-16,0.));
#4389=DIRECTION('',(1.,-6.73555739531044E-16,0.));
#4390=DIRECTION('',(0.,0.,1.));
#4391=DIRECTION('',(0.,0.,1.));
#4392=DIRECTION('center_axis',(1.,-6.73555739531044E-16,0.));
#4393=DIRECTION('ref_axis',(6.73555739531044E-16,1.,0.));
#4394=DIRECTION('',(6.73555739531044E-16,1.,0.));
#4395=DIRECTION('',(0.,0.,1.));
#4396=DIRECTION('center_axis',(-9.54125871742075E-14,-1.,0.));
#4397=DIRECTION('ref_axis',(1.,-9.54125871742075E-14,0.));
#4398=DIRECTION('',(1.,-9.54125871742075E-14,0.));
#4399=DIRECTION('',(0.,0.,1.));
#4400=DIRECTION('center_axis',(-1.,6.73555739531044E-16,0.));
#4401=DIRECTION('ref_axis',(-6.73555739531044E-16,-1.,0.));
#4402=DIRECTION('',(-6.73555739531044E-16,-1.,0.));
#4403=DIRECTION('',(0.,0.,1.));
#4404=DIRECTION('center_axis',(-6.73555739531044E-16,-1.,0.));
#4405=DIRECTION('ref_axis',(1.,-6.73555739531044E-16,0.));
#4406=DIRECTION('',(1.,-6.73555739531044E-16,0.));
#4407=DIRECTION('',(0.,0.,1.));
#4408=DIRECTION('center_axis',(-1.,6.73555739531044E-16,0.));
#4409=DIRECTION('ref_axis',(-6.73555739531044E-16,-1.,0.));
#4410=DIRECTION('',(-6.73555739531044E-16,-1.,0.));
#4411=DIRECTION('',(0.,0.,1.));
#4412=DIRECTION('center_axis',(0.,0.,1.));
#4413=DIRECTION('ref_axis',(-1.83588389683306E-14,1.,0.));
#4414=DIRECTION('center_axis',(0.,0.,-1.));
#4415=DIRECTION('ref_axis',(-1.83588389683306E-14,1.,0.));
#4416=DIRECTION('',(0.,0.,1.));
#4417=DIRECTION('center_axis',(-3.13000032996679E-13,-1.,0.));
#4418=DIRECTION('ref_axis',(1.,-3.13000032996679E-13,0.));
#4419=DIRECTION('',(1.,-3.13000032996679E-13,0.));
#4420=DIRECTION('',(0.,0.,1.));
#4421=DIRECTION('center_axis',(0.,0.,1.));
#4422=DIRECTION('ref_axis',(-1.,-5.00794968148679E-14,0.));
#4423=DIRECTION('center_axis',(0.,0.,1.));
#4424=DIRECTION('ref_axis',(-1.,-5.00794968148679E-14,0.));
#4425=DIRECTION('center_axis',(0.,0.,1.));
#4426=DIRECTION('ref_axis',(1.,-2.60500820167097E-14,0.));
#4427=DIRECTION('center_axis',(0.,0.,-1.));
#4428=DIRECTION('ref_axis',(1.,-2.60500820167097E-14,0.));
#4429=DIRECTION('',(0.,0.,1.));
#4430=DIRECTION('',(0.,0.,1.));
#4431=DIRECTION('center_axis',(-1.,6.73555739531044E-16,0.));
#4432=DIRECTION('ref_axis',(-6.73555739531044E-16,-1.,0.));
#4433=DIRECTION('',(-6.73555739531044E-16,-1.,0.));
#4434=DIRECTION('',(0.,0.,1.));
#4435=DIRECTION('center_axis',(6.73555739531044E-16,1.,0.));
#4436=DIRECTION('ref_axis',(-1.,6.73555739531044E-16,0.));
#4437=DIRECTION('',(-1.,6.73555739531044E-16,0.));
#4438=DIRECTION('',(0.,0.,1.));
#4439=DIRECTION('center_axis',(-1.,7.58585807218522E-13,0.));
#4440=DIRECTION('ref_axis',(-7.58585807218522E-13,-1.,0.));
#4441=DIRECTION('',(-7.58585807218522E-13,-1.,0.));
#4442=DIRECTION('',(0.,0.,1.));
#4443=DIRECTION('center_axis',(6.73555739531044E-16,1.,0.));
#4444=DIRECTION('ref_axis',(-1.,6.73555739531044E-16,0.));
#4445=DIRECTION('',(-1.,6.73555739531044E-16,0.));
#4446=DIRECTION('',(0.,0.,1.));
#4447=DIRECTION('center_axis',(1.,-6.73555739531044E-16,0.));
#4448=DIRECTION('ref_axis',(6.73555739531044E-16,1.,0.));
#4449=DIRECTION('',(6.73555739531044E-16,1.,0.));
#4450=DIRECTION('',(0.,0.,1.));
#4451=DIRECTION('center_axis',(6.73555739531044E-16,1.,0.));
#4452=DIRECTION('ref_axis',(-1.,6.73555739531044E-16,0.));
#4453=DIRECTION('',(-1.,6.73555739531044E-16,0.));
#4454=DIRECTION('',(0.,0.,1.));
#4455=DIRECTION('center_axis',(1.,-6.73555739531044E-16,0.));
#4456=DIRECTION('ref_axis',(6.73555739531044E-16,1.,0.));
#4457=DIRECTION('',(6.73555739531044E-16,1.,0.));
#4458=DIRECTION('',(0.,0.,1.));
#4459=DIRECTION('center_axis',(6.73555739531044E-16,1.,0.));
#4460=DIRECTION('ref_axis',(-1.,6.73555739531044E-16,0.));
#4461=DIRECTION('',(-1.,6.73555739531044E-16,0.));
#4462=DIRECTION('',(0.,0.,1.));
#4463=DIRECTION('center_axis',(-1.,6.73555739531044E-16,0.));
#4464=DIRECTION('ref_axis',(-6.73555739531044E-16,-1.,0.));
#4465=DIRECTION('',(-6.73555739531044E-16,-1.,0.));
#4466=DIRECTION('',(0.,0.,1.));
#4467=DIRECTION('center_axis',(6.73555739531044E-16,1.,0.));
#4468=DIRECTION('ref_axis',(-1.,6.73555739531044E-16,0.));
#4469=DIRECTION('',(-1.,6.73555739531044E-16,0.));
#4470=DIRECTION('',(0.,0.,1.));
#4471=DIRECTION('center_axis',(1.,-1.79295936079906E-14,0.));
#4472=DIRECTION('ref_axis',(1.79295936079906E-14,1.,0.));
#4473=DIRECTION('',(1.79295936079906E-14,1.,0.));
#4474=DIRECTION('',(0.,0.,1.));
#4475=DIRECTION('center_axis',(-6.73555739531044E-16,-1.,0.));
#4476=DIRECTION('ref_axis',(1.,-6.73555739531044E-16,0.));
#4477=DIRECTION('',(1.,-6.73555739531044E-16,0.));
#4478=DIRECTION('',(0.,0.,1.));
#4479=DIRECTION('center_axis',(-1.,6.73555739531044E-16,0.));
#4480=DIRECTION('ref_axis',(-6.73555739531044E-16,-1.,0.));
#4481=DIRECTION('',(-6.73555739531044E-16,-1.,0.));
#4482=DIRECTION('',(0.,0.,1.));
#4483=DIRECTION('center_axis',(-6.73555739531044E-16,-1.,0.));
#4484=DIRECTION('ref_axis',(1.,-6.73555739531044E-16,0.));
#4485=DIRECTION('',(1.,-6.73555739531044E-16,0.));
#4486=DIRECTION('',(0.,0.,1.));
#4487=DIRECTION('center_axis',(1.,-6.73555739531044E-16,0.));
#4488=DIRECTION('ref_axis',(6.73555739531044E-16,1.,0.));
#4489=DIRECTION('',(6.73555739531044E-16,1.,0.));
#4490=DIRECTION('center_axis',(4.28626379701574E-16,1.,0.));
#4491=DIRECTION('ref_axis',(-1.,4.28626379701574E-16,0.));
#4492=DIRECTION('',(1.,-4.28626379701574E-16,0.));
#4493=DIRECTION('center_axis',(0.,0.,1.));
#4494=DIRECTION('ref_axis',(-4.28626379701574E-16,-1.,0.));
#4495=DIRECTION('center_axis',(-1.23143161495947E-9,1.,0.));
#4496=DIRECTION('ref_axis',(-1.,-1.23143161495947E-9,0.));
#4497=DIRECTION('',(-1.,-1.23143161495947E-9,0.));
#4498=DIRECTION('',(0.,0.,1.));
#4499=DIRECTION('',(1.,1.23143161495947E-9,0.));
#4500=DIRECTION('',(0.,0.,1.));
#4501=DIRECTION('',(0.,0.,1.));
#4502=DIRECTION('center_axis',(6.00888578090954E-11,-1.,0.));
#4503=DIRECTION('ref_axis',(1.,6.00888578090954E-11,0.));
#4504=DIRECTION('',(1.,6.00888578090954E-11,0.));
#4505=DIRECTION('',(0.,0.,1.));
#4506=DIRECTION('',(-1.,-6.00888578090954E-11,0.));
#4507=DIRECTION('center_axis',(-6.0719529801609E-11,1.,0.));
#4508=DIRECTION('ref_axis',(-1.,-6.0719529801609E-11,0.));
#4509=DIRECTION('',(-1.,-2.02396799746715E-11,0.));
#4510=DIRECTION('',(0.,0.,1.));
#4511=DIRECTION('',(-1.,-2.02396799746715E-11,0.));
#4512=DIRECTION('',(0.,0.,1.));
#4513=DIRECTION('',(0.,0.,1.));
#4514=DIRECTION('center_axis',(-1.59167750325963E-9,-1.,0.));
#4515=DIRECTION('ref_axis',(1.,-1.59167750325963E-9,0.));
#4516=DIRECTION('',(1.,-5.30559330955545E-10,0.));
#4517=DIRECTION('',(1.,-5.30559330955545E-10,0.));
#4518=DIRECTION('',(0.,0.,1.));
#4519=DIRECTION('center_axis',(0.,0.,1.));
#4520=DIRECTION('ref_axis',(1.,-2.44929359829471E-16,0.));
#4521=DIRECTION('center_axis',(0.,0.,1.));
#4522=DIRECTION('ref_axis',(1.,-2.44929359829471E-16,0.));
#4523=DIRECTION('center_axis',(-1.,-6.61012643848883E-14,0.));
#4524=DIRECTION('ref_axis',(6.61012643848883E-14,-1.,0.));
#4525=DIRECTION('',(2.18704685550764E-14,-1.,0.));
#4526=DIRECTION('',(0.,0.,1.));
#4527=DIRECTION('',(2.18704685550764E-14,-1.,0.));
#4528=DIRECTION('',(0.,0.,1.));
#4529=DIRECTION('center_axis',(-7.1976739615911E-11,1.,0.));
#4530=DIRECTION('ref_axis',(-1.,-7.1976739615911E-11,0.));
#4531=DIRECTION('',(-1.,-2.39920832475203E-11,0.));
#4532=DIRECTION('',(-1.,-2.39920832475203E-11,0.));
#4533=DIRECTION('',(0.,0.,1.));
#4534=DIRECTION('',(0.,0.,1.));
#4535=DIRECTION('center_axis',(-2.44929359829471E-16,-1.,0.));
#4536=DIRECTION('ref_axis',(1.,-2.44929359829471E-16,0.));
#4537=DIRECTION('',(1.,-2.44929359829471E-16,0.));
#4538=DIRECTION('',(1.,-2.44929359829471E-16,0.));
#4539=DIRECTION('',(0.,0.,1.));
#4540=DIRECTION('center_axis',(-1.,2.44929359829471E-16,0.));
#4541=DIRECTION('ref_axis',(-2.44929359829471E-16,-1.,0.));
#4542=DIRECTION('',(-2.44929359829471E-16,-1.,0.));
#4543=DIRECTION('',(-2.44929359829471E-16,-1.,0.));
#4544=DIRECTION('',(0.,0.,1.));
#4545=DIRECTION('center_axis',(2.44929359829471E-16,1.,0.));
#4546=DIRECTION('ref_axis',(-1.,2.44929359829471E-16,0.));
#4547=DIRECTION('',(-1.,2.44929359829471E-16,0.));
#4548=DIRECTION('',(-1.,2.44929359829471E-16,0.));
#4549=DIRECTION('',(0.,0.,1.));
#4550=DIRECTION('center_axis',(1.,3.23662364273195E-14,0.));
#4551=DIRECTION('ref_axis',(-3.23662364273195E-14,1.,0.));
#4552=DIRECTION('',(-1.06254592358869E-14,1.,0.));
#4553=DIRECTION('',(-1.06254592358869E-14,1.,0.));
#4554=DIRECTION('',(0.,0.,1.));
#4555=DIRECTION('center_axis',(-2.41486961830147E-10,-1.,0.));
#4556=DIRECTION('ref_axis',(1.,-2.41486961830147E-10,0.));
#4557=DIRECTION('',(1.,-8.04958170834176E-11,0.));
#4558=DIRECTION('',(1.,-8.04958170834176E-11,0.));
#4559=DIRECTION('',(0.,0.,1.));
#4560=DIRECTION('',(0.,0.,1.));
#4561=DIRECTION('center_axis',(-2.44929359829471E-16,-1.,0.));
#4562=DIRECTION('ref_axis',(1.,-2.44929359829471E-16,0.));
#4563=DIRECTION('',(1.,-2.44929359829471E-16,0.));
#4564=DIRECTION('',(1.,-2.44929359829471E-16,0.));
#4565=DIRECTION('center_axis',(0.,0.,1.));
#4566=DIRECTION('ref_axis',(1.,-2.44929359829471E-16,0.));
#4567=DIRECTION('center_axis',(0.,0.,1.));
#4568=DIRECTION('ref_axis',(1.,-2.44929359829471E-16,0.));
#4569=DIRECTION('center_axis',(-3.69398170269884E-12,1.,0.));
#4570=DIRECTION('ref_axis',(-1.,-3.69398170269884E-12,0.));
#4571=DIRECTION('',(-1.,-3.69398170269884E-12,0.));
#4572=DIRECTION('',(0.,0.,1.));
#4573=DIRECTION('',(1.,3.69398170269884E-12,0.));
#4574=DIRECTION('',(0.,0.,1.));
#4575=DIRECTION('',(0.,0.,1.));
#4576=DIRECTION('center_axis',(3.66199001646894E-14,-1.,0.));
#4577=DIRECTION('ref_axis',(1.,3.66199001646894E-14,0.));
#4578=DIRECTION('',(1.,3.66199001646894E-14,0.));
#4579=DIRECTION('',(0.,0.,1.));
#4580=DIRECTION('',(-1.,-3.66199001646894E-14,0.));
#4581=DIRECTION('center_axis',(-1.,2.44929359829471E-16,0.));
#4582=DIRECTION('ref_axis',(-2.44929359829471E-16,-1.,0.));
#4583=DIRECTION('',(-2.44929359829471E-16,-1.,0.));
#4584=DIRECTION('',(2.44929359829471E-16,1.,0.));
#4585=DIRECTION('',(0.,0.,1.));
#4586=DIRECTION('',(0.,0.,1.));
#4587=DIRECTION('center_axis',(1.,3.77145089491844E-14,0.));
#4588=DIRECTION('ref_axis',(-3.77145089491844E-14,1.,0.));
#4589=DIRECTION('',(-1.24082167431754E-14,1.,0.));
#4590=DIRECTION('',(-1.24082167431754E-14,1.,0.));
#4591=DIRECTION('',(0.,0.,1.));
#4592=DIRECTION('center_axis',(-9.6346881093614E-10,-1.,0.));
#4593=DIRECTION('ref_axis',(1.,-9.6346881093614E-10,0.));
#4594=DIRECTION('',(1.,-1.13139370313856E-14,0.));
#4595=DIRECTION('',(1.,-1.13139370313856E-14,0.));
#4596=DIRECTION('',(0.,0.,1.));
#4597=DIRECTION('',(0.,0.,1.));
#4598=DIRECTION('center_axis',(-1.29436414584626E-10,1.,0.));
#4599=DIRECTION('ref_axis',(-1.,-1.29436414584626E-10,0.));
#4600=DIRECTION('',(-1.,-4.31453082677986E-11,0.));
#4601=DIRECTION('',(-1.,-4.31453082677986E-11,0.));
#4602=DIRECTION('',(0.,0.,1.));
#4603=DIRECTION('',(0.,0.,1.));
#4604=DIRECTION('center_axis',(2.31200533926172E-14,-1.,0.));
#4605=DIRECTION('ref_axis',(1.,2.31200533926172E-14,0.));
#4606=DIRECTION('',(1.,7.54339822431918E-15,0.));
#4607=DIRECTION('',(1.,7.54339822431918E-15,0.));
#4608=DIRECTION('',(0.,0.,1.));
#4609=DIRECTION('center_axis',(-1.,-2.61322265742117E-14,0.));
#4610=DIRECTION('ref_axis',(2.61322265742117E-14,-1.,0.));
#4611=DIRECTION('',(8.54745595151759E-15,-1.,0.));
#4612=DIRECTION('',(8.54745595151759E-15,-1.,0.));
#4613=DIRECTION('',(0.,0.,1.));
#4614=DIRECTION('center_axis',(-2.44929359829471E-16,-1.,0.));
#4615=DIRECTION('ref_axis',(1.,-2.44929359829471E-16,0.));
#4616=DIRECTION('',(1.,-2.44929359829471E-16,0.));
#4617=DIRECTION('',(1.,-2.44929359829471E-16,0.));
#4618=DIRECTION('center_axis',(0.,0.,1.));
#4619=DIRECTION('ref_axis',(1.,-2.44929359829471E-16,0.));
#4620=DIRECTION('center_axis',(0.,0.,1.));
#4621=DIRECTION('ref_axis',(1.,-2.44929359829471E-16,0.));
#4622=DIRECTION('center_axis',(-3.46565296258524E-9,-1.,0.));
#4623=DIRECTION('ref_axis',(1.,-3.46565296258524E-9,0.));
#4624=DIRECTION('',(1.,-1.15521781538309E-9,0.));
#4625=DIRECTION('',(0.,0.,1.));
#4626=DIRECTION('',(1.,-1.15521781538309E-9,0.));
#4627=DIRECTION('',(0.,0.,1.));
#4628=DIRECTION('',(0.,0.,1.));
#4629=DIRECTION('center_axis',(-2.44929359829471E-16,-1.,0.));
#4630=DIRECTION('ref_axis',(1.,-2.44929359829471E-16,0.));
#4631=DIRECTION('',(1.,-2.44929359829471E-16,0.));
#4632=DIRECTION('',(1.,-2.44929359829471E-16,0.));
#4633=DIRECTION('',(0.,0.,1.));
#4634=DIRECTION('center_axis',(-1.,-6.61012643848839E-14,0.));
#4635=DIRECTION('ref_axis',(6.61012643848839E-14,-1.,0.));
#4636=DIRECTION('',(2.1870468555075E-14,-1.,0.));
#4637=DIRECTION('',(2.1870468555075E-14,-1.,0.));
#4638=DIRECTION('',(0.,0.,1.));
#4639=DIRECTION('center_axis',(-4.38391255515884E-10,1.,0.));
#4640=DIRECTION('ref_axis',(-1.,-4.38391255515884E-10,0.));
#4641=DIRECTION('',(-1.,-1.46130255189351E-10,0.));
#4642=DIRECTION('',(-1.,-1.46130255189351E-10,0.));
#4643=DIRECTION('',(0.,0.,1.));
#4644=DIRECTION('',(0.,0.,1.));
#4645=DIRECTION('center_axis',(-2.44929359829471E-16,-1.,0.));
#4646=DIRECTION('ref_axis',(1.,-2.44929359829471E-16,0.));
#4647=DIRECTION('',(1.,-2.44929359829471E-16,0.));
#4648=DIRECTION('',(1.,-2.44929359829471E-16,0.));
#4649=DIRECTION('',(0.,0.,1.));
#4650=DIRECTION('center_axis',(-1.,2.44929359829471E-16,0.));
#4651=DIRECTION('ref_axis',(-2.44929359829471E-16,-1.,0.));
#4652=DIRECTION('',(-2.44929359829471E-16,-1.,0.));
#4653=DIRECTION('',(-2.44929359829471E-16,-1.,0.));
#4654=DIRECTION('',(0.,0.,1.));
#4655=DIRECTION('center_axis',(2.44929359829471E-16,1.,0.));
#4656=DIRECTION('ref_axis',(-1.,2.44929359829471E-16,0.));
#4657=DIRECTION('',(-1.,2.44929359829471E-16,0.));
#4658=DIRECTION('',(-1.,2.44929359829471E-16,0.));
#4659=DIRECTION('',(0.,0.,1.));
#4660=DIRECTION('center_axis',(1.,-2.44929359829471E-16,0.));
#4661=DIRECTION('ref_axis',(2.44929359829471E-16,1.,0.));
#4662=DIRECTION('',(2.44929359829471E-16,1.,0.));
#4663=DIRECTION('',(2.44929359829471E-16,1.,0.));
#4664=DIRECTION('center_axis',(0.,0.,1.));
#4665=DIRECTION('ref_axis',(1.,-2.44929359829471E-16,0.));
#4666=DIRECTION('center_axis',(0.,0.,1.));
#4667=DIRECTION('ref_axis',(1.,-2.44929359829471E-16,0.));
#4668=DIRECTION('center_axis',(2.44929359829471E-16,1.,0.));
#4669=DIRECTION('ref_axis',(-1.,2.44929359829471E-16,0.));
#4670=DIRECTION('',(-1.,2.44929359829471E-16,0.));
#4671=DIRECTION('',(0.,0.,1.));
#4672=DIRECTION('',(-1.,2.44929359829471E-16,0.));
#4673=DIRECTION('',(0.,0.,1.));
#4674=DIRECTION('center_axis',(1.,-2.44929359829471E-16,0.));
#4675=DIRECTION('ref_axis',(2.44929359829471E-16,1.,0.));
#4676=DIRECTION('',(2.44929359829471E-16,1.,0.));
#4677=DIRECTION('',(2.44929359829471E-16,1.,0.));
#4678=DIRECTION('',(0.,0.,1.));
#4679=DIRECTION('center_axis',(-2.44929359829471E-16,-1.,0.));
#4680=DIRECTION('ref_axis',(1.,-2.44929359829471E-16,0.));
#4681=DIRECTION('',(1.,-2.44929359829471E-16,0.));
#4682=DIRECTION('',(1.,-2.44929359829471E-16,0.));
#4683=DIRECTION('',(0.,0.,1.));
#4684=DIRECTION('center_axis',(-1.,2.44929359829471E-16,0.));
#4685=DIRECTION('ref_axis',(-2.44929359829471E-16,-1.,0.));
#4686=DIRECTION('',(-2.44929359829471E-16,-1.,0.));
#4687=DIRECTION('',(-2.44929359829471E-16,-1.,0.));
#4688=DIRECTION('center_axis',(0.,0.,1.));
#4689=DIRECTION('ref_axis',(1.,-2.44929359829471E-16,0.));
#4690=DIRECTION('center_axis',(0.,0.,1.));
#4691=DIRECTION('ref_axis',(1.,-2.44929359829471E-16,0.));
#4692=DIRECTION('center_axis',(1.,3.2366236427319E-14,0.));
#4693=DIRECTION('ref_axis',(-3.2366236427319E-14,1.,0.));
#4694=DIRECTION('',(-1.06254592358866E-14,1.,0.));
#4695=DIRECTION('',(0.,0.,1.));
#4696=DIRECTION('',(-1.06254592358866E-14,1.,0.));
#4697=DIRECTION('',(0.,0.,1.));
#4698=DIRECTION('center_axis',(-2.03487007365578E-9,-1.,0.));
#4699=DIRECTION('ref_axis',(1.,-2.03487007365578E-9,0.));
#4700=DIRECTION('',(1.,-6.78290188281256E-10,0.));
#4701=DIRECTION('',(1.,-6.78290188281256E-10,0.));
#4702=DIRECTION('',(0.,0.,1.));
#4703=DIRECTION('',(0.,0.,1.));
#4704=DIRECTION('center_axis',(-2.44929359829471E-16,-1.,0.));
#4705=DIRECTION('ref_axis',(1.,-2.44929359829471E-16,0.));
#4706=DIRECTION('',(1.,-2.44929359829471E-16,0.));
#4707=DIRECTION('',(1.,-2.44929359829471E-16,0.));
#4708=DIRECTION('',(0.,0.,1.));
#4709=DIRECTION('center_axis',(-1.,2.44929359829471E-16,0.));
#4710=DIRECTION('ref_axis',(-2.44929359829471E-16,-1.,0.));
#4711=DIRECTION('',(-2.44929359829471E-16,-1.,0.));
#4712=DIRECTION('',(-2.44929359829471E-16,-1.,0.));
#4713=DIRECTION('',(0.,0.,1.));
#4714=DIRECTION('center_axis',(-2.75782507844736E-10,1.,0.));
#4715=DIRECTION('ref_axis',(-1.,-2.75782507844736E-10,0.));
#4716=DIRECTION('',(-1.,-9.19273393422432E-11,0.));
#4717=DIRECTION('',(-1.,-9.19273393422432E-11,0.));
#4718=DIRECTION('',(0.,0.,1.));
#4719=DIRECTION('',(0.,0.,1.));
#4720=DIRECTION('center_axis',(-1.28334830782512E-15,-1.,0.));
#4721=DIRECTION('ref_axis',(1.,-1.28334830782512E-15,0.));
#4722=DIRECTION('',(1.,-5.91069009161354E-16,0.));
#4723=DIRECTION('',(1.,-5.91069009161354E-16,0.));
#4724=DIRECTION('',(0.,0.,1.));
#4725=DIRECTION('center_axis',(-1.,-3.23662364273188E-14,0.));
#4726=DIRECTION('ref_axis',(3.23662364273188E-14,-1.,0.));
#4727=DIRECTION('',(1.06254592358866E-14,-1.,0.));
#4728=DIRECTION('',(1.06254592358866E-14,-1.,0.));
#4729=DIRECTION('',(0.,0.,1.));
#4730=DIRECTION('center_axis',(2.44929359829471E-16,1.,0.));
#4731=DIRECTION('ref_axis',(-1.,2.44929359829471E-16,0.));
#4732=DIRECTION('',(-1.,2.44929359829471E-16,0.));
#4733=DIRECTION('',(-1.,2.44929359829471E-16,0.));
#4734=DIRECTION('center_axis',(0.,0.,1.));
#4735=DIRECTION('ref_axis',(1.,-2.44929359829471E-16,0.));
#4736=DIRECTION('center_axis',(0.,0.,1.));
#4737=DIRECTION('ref_axis',(1.,-2.44929359829471E-16,0.));
#4738=DIRECTION('center_axis',(-1.07719431834423E-14,-1.,0.));
#4739=DIRECTION('ref_axis',(1.,-1.07719431834423E-14,0.));
#4740=DIRECTION('',(1.,-3.75393396770041E-15,0.));
#4741=DIRECTION('',(0.,0.,1.));
#4742=DIRECTION('',(1.,-3.75393396770041E-15,0.));
#4743=DIRECTION('',(0.,0.,1.));
#4744=DIRECTION('center_axis',(-1.,4.2327020166848E-14,0.));
#4745=DIRECTION('ref_axis',(-4.2327020166848E-14,-1.,0.));
#4746=DIRECTION('',(-1.42722929621689E-14,-1.,0.));
#4747=DIRECTION('',(-1.42722929621689E-14,-1.,0.));
#4748=DIRECTION('',(0.,0.,1.));
#4749=DIRECTION('center_axis',(1.56896450688495E-15,-1.,0.));
#4750=DIRECTION('ref_axis',(1.,1.56896450688495E-15,0.));
#4751=DIRECTION('',(1.,3.5970192907534E-16,0.));
#4752=DIRECTION('',(1.,3.5970192907534E-16,0.));
#4753=DIRECTION('',(0.,0.,1.));
#4754=DIRECTION('center_axis',(-1.,-6.47445710076336E-14,0.));
#4755=DIRECTION('ref_axis',(6.47445710076336E-14,-1.,0.));
#4756=DIRECTION('',(2.1418237429325E-14,-1.,0.));
#4757=DIRECTION('',(2.1418237429325E-14,-1.,0.));
#4758=DIRECTION('',(0.,0.,1.));
#4759=DIRECTION('center_axis',(-1.56896450688494E-15,1.,0.));
#4760=DIRECTION('ref_axis',(-1.,-1.56896450688494E-15,0.));
#4761=DIRECTION('',(-1.,-3.59701929075339E-16,0.));
#4762=DIRECTION('',(-1.,-3.59701929075339E-16,0.));
#4763=DIRECTION('',(0.,0.,1.));
#4764=DIRECTION('center_axis',(-1.,2.44929359829471E-16,0.));
#4765=DIRECTION('ref_axis',(-2.44929359829471E-16,-1.,0.));
#4766=DIRECTION('',(-2.44929359829471E-16,-1.,0.));
#4767=DIRECTION('',(-2.44929359829471E-16,-1.,0.));
#4768=DIRECTION('',(0.,0.,1.));
#4769=DIRECTION('center_axis',(1.07719431834423E-14,1.,0.));
#4770=DIRECTION('ref_axis',(-1.,1.07719431834423E-14,0.));
#4771=DIRECTION('',(-1.,3.75393396770041E-15,0.));
#4772=DIRECTION('',(-1.,3.75393396770041E-15,0.));
#4773=DIRECTION('',(0.,0.,1.));
#4774=DIRECTION('center_axis',(1.,-1.23641800679022E-13,0.));
#4775=DIRECTION('ref_axis',(1.23641800679022E-13,1.,0.));
#4776=DIRECTION('',(4.13772197995603E-14,1.,0.));
#4777=DIRECTION('',(4.13772197995603E-14,1.,0.));
#4778=DIRECTION('',(0.,0.,1.));
#4779=DIRECTION('center_axis',(6.08146404245074E-10,1.,0.));
#4780=DIRECTION('ref_axis',(-1.,6.08146404245074E-10,0.));
#4781=DIRECTION('',(-1.,2.02715631270907E-10,0.));
#4782=DIRECTION('',(-1.,2.02715631270907E-10,0.));
#4783=DIRECTION('',(0.,0.,1.));
#4784=DIRECTION('',(0.,0.,1.));
#4785=DIRECTION('center_axis',(-1.63276651895913E-9,-1.,0.));
#4786=DIRECTION('ref_axis',(1.,-1.63276651895913E-9,0.));
#4787=DIRECTION('',(1.,-5.44255669316591E-10,0.));
#4788=DIRECTION('',(1.,-5.44255669316591E-10,0.));
#4789=DIRECTION('',(0.,0.,1.));
#4790=DIRECTION('',(0.,0.,1.));
#4791=DIRECTION('center_axis',(4.07432560796991E-15,-1.,0.));
#4792=DIRECTION('ref_axis',(1.,4.07432560796991E-15,0.));
#4793=DIRECTION('',(1.,1.19482229610367E-15,0.));
#4794=DIRECTION('',(1.,1.19482229610367E-15,0.));
#4795=DIRECTION('',(0.,0.,1.));
#4796=DIRECTION('center_axis',(1.,-2.44929359829471E-16,0.));
#4797=DIRECTION('ref_axis',(2.44929359829471E-16,1.,0.));
#4798=DIRECTION('',(2.44929359829471E-16,1.,0.));
#4799=DIRECTION('',(2.44929359829471E-16,1.,0.));
#4800=DIRECTION('center_axis',(0.,0.,1.));
#4801=DIRECTION('ref_axis',(1.,-2.44929359829471E-16,0.));
#4802=DIRECTION('center_axis',(0.,0.,1.));
#4803=DIRECTION('ref_axis',(1.,-2.44929359829471E-16,0.));
#4804=DIRECTION('center_axis',(0.,0.,1.));
#4805=DIRECTION('ref_axis',(-1.,2.44929359829471E-16,0.));
#4806=DIRECTION('center_axis',(0.,0.,1.));
#4807=DIRECTION('ref_axis',(-1.,2.44929359829471E-16,0.));
#4808=DIRECTION('center_axis',(0.,0.,1.));
#4809=DIRECTION('ref_axis',(-1.,2.44929359829471E-16,0.));
#4810=DIRECTION('center_axis',(0.,0.,1.));
#4811=DIRECTION('ref_axis',(1.,-2.44929359829471E-16,0.));
#4812=DIRECTION('center_axis',(0.,0.,1.));
#4813=DIRECTION('ref_axis',(1.,-2.44929359829471E-16,0.));
#4814=DIRECTION('center_axis',(2.44929359829471E-16,1.,0.));
#4815=DIRECTION('ref_axis',(-1.,2.44929359829471E-16,0.));
#4816=DIRECTION('',(-1.,2.44929359829471E-16,0.));
#4817=DIRECTION('',(0.,0.,1.));
#4818=DIRECTION('',(-1.,2.44929359829471E-16,0.));
#4819=DIRECTION('',(0.,0.,1.));
#4820=DIRECTION('center_axis',(1.,-2.44929359829471E-16,0.));
#4821=DIRECTION('ref_axis',(2.44929359829471E-16,1.,0.));
#4822=DIRECTION('',(2.44929359829471E-16,1.,0.));
#4823=DIRECTION('',(2.44929359829471E-16,1.,0.));
#4824=DIRECTION('',(0.,0.,1.));
#4825=DIRECTION('center_axis',(-2.44929359829471E-16,-1.,0.));
#4826=DIRECTION('ref_axis',(1.,-2.44929359829471E-16,0.));
#4827=DIRECTION('',(1.,-2.44929359829471E-16,0.));
#4828=DIRECTION('',(1.,-2.44929359829471E-16,0.));
#4829=DIRECTION('',(0.,0.,1.));
#4830=DIRECTION('center_axis',(-1.,2.44929359829471E-16,0.));
#4831=DIRECTION('ref_axis',(-2.44929359829471E-16,-1.,0.));
#4832=DIRECTION('',(-2.44929359829471E-16,-1.,0.));
#4833=DIRECTION('',(-2.44929359829471E-16,-1.,0.));
#4834=DIRECTION('center_axis',(0.,0.,1.));
#4835=DIRECTION('ref_axis',(1.,-2.44929359829471E-16,0.));
#4836=DIRECTION('center_axis',(0.,0.,1.));
#4837=DIRECTION('ref_axis',(1.,-2.44929359829471E-16,0.));
#4838=DIRECTION('center_axis',(0.997296346257991,-0.073484676909282,0.));
#4839=DIRECTION('ref_axis',(0.073484676909282,0.997296346257991,0.));
#4840=DIRECTION('',(0.0734846767710036,0.99729634626818,0.));
#4841=DIRECTION('',(0.,0.,1.));
#4842=DIRECTION('',(0.0734846767710036,0.99729634626818,0.));
#4843=DIRECTION('',(0.,0.,1.));
#4844=DIRECTION('center_axis',(0.,0.,-1.));
#4845=DIRECTION('ref_axis',(0.783475344849641,-0.62142287052597,0.));
#4846=DIRECTION('center_axis',(0.,0.,1.));
#4847=DIRECTION('ref_axis',(0.997296346243302,-0.0734846771086283,0.));
#4848=DIRECTION('center_axis',(0.,0.,1.));
#4849=DIRECTION('ref_axis',(0.997296346243302,-0.0734846771086283,0.));
#4850=DIRECTION('',(0.,0.,1.));
#4851=DIRECTION('center_axis',(0.219144997458316,-0.975692302977222,0.));
#4852=DIRECTION('ref_axis',(0.975692302977222,0.219144997458316,0.));
#4853=DIRECTION('',(0.975692302987926,0.219144997410658,0.));
#4854=DIRECTION('',(0.975692302987926,0.219144997410658,0.));
#4855=DIRECTION('',(0.,0.,1.));
#4856=DIRECTION('',(0.,0.,1.));
#4857=DIRECTION('center_axis',(0.434452712793062,-0.900694643231961,0.));
#4858=DIRECTION('ref_axis',(0.900694643231961,0.434452712793062,0.));
#4859=DIRECTION('',(0.900694643860493,0.434452711490008,0.));
#4860=DIRECTION('',(0.900694643860493,0.434452711490008,0.));
#4861=DIRECTION('',(0.,0.,1.));
#4862=DIRECTION('',(0.,0.,1.));
#4863=DIRECTION('center_axis',(-0.223944128734238,0.974601983994216,0.));
#4864=DIRECTION('ref_axis',(-0.974601983994216,-0.223944128734238,0.));
#4865=DIRECTION('',(-0.974601984045194,-0.223944128512385,0.));
#4866=DIRECTION('',(-0.974601984045194,-0.223944128512385,0.));
#4867=DIRECTION('',(0.,0.,1.));
#4868=DIRECTION('center_axis',(0.,0.,1.));
#4869=DIRECTION('ref_axis',(0.675423924374575,-0.737429672838331,0.));
#4870=DIRECTION('center_axis',(0.,0.,-1.));
#4871=DIRECTION('ref_axis',(-0.10909811256457,-0.99403098635548,0.));
#4872=DIRECTION('center_axis',(-5.86480272794751E-17,6.40320756353748E-17,
-1.));
#4873=DIRECTION('ref_axis',(-0.10909811256457,-0.99403098635548,-5.91599102169812E-17));
#4874=DIRECTION('',(0.,0.,1.));
#4875=DIRECTION('center_axis',(-0.999766767589143,-0.0215965373232974,0.));
#4876=DIRECTION('ref_axis',(0.0215965373232974,-0.999766767589143,0.));
#4877=DIRECTION('',(0.0215965373233334,-0.999766767589142,0.));
#4878=DIRECTION('',(0.0215965373233334,-0.999766767589142,0.));
#4879=DIRECTION('',(0.,0.,1.));
#4880=DIRECTION('center_axis',(2.44929359829471E-16,1.,0.));
#4881=DIRECTION('ref_axis',(-1.,2.44929359829471E-16,0.));
#4882=DIRECTION('',(-1.,2.44929359829471E-16,0.));
#4883=DIRECTION('',(-1.,2.44929359829471E-16,0.));
#4884=DIRECTION('center_axis',(0.,0.,1.));
#4885=DIRECTION('ref_axis',(1.,-2.44929359829471E-16,0.));
#4886=DIRECTION('center_axis',(0.,0.,1.));
#4887=DIRECTION('ref_axis',(1.,-2.44929359829471E-16,0.));
#4888=DIRECTION('center_axis',(-0.228234113348098,0.9736062805386,0.));
#4889=DIRECTION('ref_axis',(-0.9736062805386,-0.228234113348098,0.));
#4890=DIRECTION('',(-0.9736062805386,-0.228234113348098,0.));
#4891=DIRECTION('',(0.,0.,1.));
#4892=DIRECTION('',(-0.9736062805386,-0.228234113348098,0.));
#4893=DIRECTION('',(0.,0.,1.));
#4894=DIRECTION('center_axis',(1.,-2.44929359829471E-16,0.));
#4895=DIRECTION('ref_axis',(2.44929359829471E-16,1.,0.));
#4896=DIRECTION('',(2.44929359829471E-16,1.,0.));
#4897=DIRECTION('',(2.44929359829471E-16,1.,0.));
#4898=DIRECTION('',(0.,0.,1.));
#4899=DIRECTION('center_axis',(0.2282341133481,-0.9736062805386,0.));
#4900=DIRECTION('ref_axis',(0.9736062805386,0.2282341133481,0.));
#4901=DIRECTION('',(0.9736062805386,0.2282341133481,0.));
#4902=DIRECTION('',(0.9736062805386,0.2282341133481,0.));
#4903=DIRECTION('',(0.,0.,1.));
#4904=DIRECTION('center_axis',(-1.,4.57715642139022E-15,0.));
#4905=DIRECTION('ref_axis',(-4.57715642139022E-15,-1.,0.));
#4906=DIRECTION('',(-4.57715642139022E-15,-1.,0.));
#4907=DIRECTION('',(-4.57715642139022E-15,-1.,0.));
#4908=DIRECTION('center_axis',(0.,0.,1.));
#4909=DIRECTION('ref_axis',(1.,-2.44929359829471E-16,0.));
#4910=DIRECTION('center_axis',(0.,0.,1.));
#4911=DIRECTION('ref_axis',(1.,-2.44929359829471E-16,0.));
#4912=DIRECTION('center_axis',(0.,0.,1.));
#4913=DIRECTION('ref_axis',(-1.,2.44929359829471E-16,0.));
#4914=DIRECTION('center_axis',(0.,0.,1.));
#4915=DIRECTION('ref_axis',(-1.,2.44929359829471E-16,0.));
#4916=DIRECTION('center_axis',(0.,0.,1.));
#4917=DIRECTION('ref_axis',(-1.,2.44929359829471E-16,0.));
#4918=DIRECTION('center_axis',(0.,0.,1.));
#4919=DIRECTION('ref_axis',(1.,-2.44929359829471E-16,0.));
#4920=DIRECTION('center_axis',(0.,0.,1.));
#4921=DIRECTION('ref_axis',(1.,-2.44929359829471E-16,0.));
#4922=CARTESIAN_POINT('',(0.,0.,0.));
#4923=CARTESIAN_POINT('Origin',(2.08166817117217E-16,0.,0.05));
#4924=CARTESIAN_POINT('',(2.99,2.48999999999999,0.05));
#4925=CARTESIAN_POINT('',(-2.99,2.48999999999999,0.05));
#4926=CARTESIAN_POINT('',(2.99,2.48999999999999,0.05));
#4927=CARTESIAN_POINT('',(2.99,-2.49000000000001,0.05));
#4928=CARTESIAN_POINT('',(2.99,-2.49000000000001,0.05));
#4929=CARTESIAN_POINT('',(-2.99,-2.49000000000001,0.05));
#4930=CARTESIAN_POINT('',(-2.99,-2.49000000000001,0.05));
#4931=CARTESIAN_POINT('',(-2.99,2.48999999999999,0.05));
#4932=CARTESIAN_POINT('Origin',(-2.99,2.48999999999999,0.05));
#4933=CARTESIAN_POINT('',(-2.99,2.48999999999999,0.73));
#4934=CARTESIAN_POINT('',(-2.99,-2.49000000000001,0.73));
#4935=CARTESIAN_POINT('',(-2.99,1.245,0.73));
#4936=CARTESIAN_POINT('',(-2.99,2.48999999999999,0.05));
#4937=CARTESIAN_POINT('',(-2.99,-2.49000000000001,0.05));
#4938=CARTESIAN_POINT('Origin',(-2.99,-2.49000000000001,0.05));
#4939=CARTESIAN_POINT('',(2.99,-2.49000000000001,0.73));
#4940=CARTESIAN_POINT('',(-1.495,-2.49000000000001,0.73));
#4941=CARTESIAN_POINT('',(2.99,-2.49000000000001,0.05));
#4942=CARTESIAN_POINT('Origin',(2.99,-2.49000000000001,0.05));
#4943=CARTESIAN_POINT('',(2.99,2.48999999999999,0.73));
#4944=CARTESIAN_POINT('',(2.99,-1.245,0.73));
#4945=CARTESIAN_POINT('',(2.99,2.48999999999999,0.05));
#4946=CARTESIAN_POINT('Origin',(2.99,2.48999999999999,0.05));
#4947=CARTESIAN_POINT('',(1.495,2.48999999999999,0.73));
#4948=CARTESIAN_POINT('Origin',(-1.38777878078145E-16,0.,0.73));
#4949=CARTESIAN_POINT('Origin',(-2.37500000000001,2.015,-6.93889390390723E-18));
#4950=CARTESIAN_POINT('',(-2.37500000000001,2.015,-6.93889390390723E-18));
#4951=CARTESIAN_POINT('',(-0.540000000000035,2.015,-6.93889390390723E-18));
#4952=CARTESIAN_POINT('',(-2.37500000000001,2.015,-6.93889390390723E-18));
#4953=CARTESIAN_POINT('',(-2.37500000000001,2.015,0.2));
#4954=CARTESIAN_POINT('',(-2.37500000000001,2.015,-6.93889390390723E-18));
#4955=CARTESIAN_POINT('',(-0.540000000000035,2.015,0.2));
#4956=CARTESIAN_POINT('',(-2.37500000000001,2.015,0.2));
#4957=CARTESIAN_POINT('',(-0.540000000000035,2.015,-6.93889390390723E-18));
#4958=CARTESIAN_POINT('Origin',(-2.37500000000001,2.11500000000003,-6.93889390390723E-18));
#4959=CARTESIAN_POINT('',(-2.37500000000001,2.11500000000003,-6.93889390390723E-18));
#4960=CARTESIAN_POINT('',(-2.37500000000001,2.11500000000003,-6.93889390390723E-18));
#4961=CARTESIAN_POINT('',(-2.37500000000001,2.11500000000003,0.2));
#4962=CARTESIAN_POINT('',(-2.37500000000001,2.11500000000003,-6.93889390390723E-18));
#4963=CARTESIAN_POINT('',(-2.37500000000001,2.11500000000003,0.2));
#4964=CARTESIAN_POINT('Origin',(-3.00000000000001,2.11500000000003,-6.93889390390723E-18));
#4965=CARTESIAN_POINT('',(-3.00000000000001,2.11500000000003,-6.93889390390723E-18));
#4966=CARTESIAN_POINT('',(-3.00000000000001,2.11500000000003,-6.93889390390723E-18));
#4967=CARTESIAN_POINT('',(-3.00000000000001,2.11500000000003,0.2));
#4968=CARTESIAN_POINT('',(-3.00000000000001,2.11500000000003,-6.93889390390723E-18));
#4969=CARTESIAN_POINT('',(-3.00000000000001,2.11500000000003,0.2));
#4970=CARTESIAN_POINT('Origin',(-2.99999999999999,1.69499999999998,-6.93889390390723E-18));
#4971=CARTESIAN_POINT('',(-2.99999999999999,1.69499999999998,-6.93889390390723E-18));
#4972=CARTESIAN_POINT('',(-2.99999999999999,1.69499999999998,-6.93889390390723E-18));
#4973=CARTESIAN_POINT('',(-2.99999999999999,1.69499999999998,0.2));
#4974=CARTESIAN_POINT('',(-2.99999999999999,1.69499999999998,-6.93889390390723E-18));
#4975=CARTESIAN_POINT('',(-2.99999999999999,1.69499999999998,0.2));
#4976=CARTESIAN_POINT('Origin',(-2.46500000000005,1.69500000000001,-6.93889390390723E-18));
#4977=CARTESIAN_POINT('',(-2.46500000000005,1.69500000000001,-6.93889390390723E-18));
#4978=CARTESIAN_POINT('',(-2.46500000000005,1.69500000000001,-6.93889390390723E-18));
#4979=CARTESIAN_POINT('',(-2.46500000000005,1.69500000000001,0.2));
#4980=CARTESIAN_POINT('',(-2.46500000000005,1.69500000000001,-6.93889390390723E-18));
#4981=CARTESIAN_POINT('',(-2.46500000000005,1.69500000000001,0.2));
#4982=CARTESIAN_POINT('Origin',(-2.46500000000005,0.845000000000001,-6.93889390390723E-18));
#4983=CARTESIAN_POINT('',(-2.46500000000005,0.845000000000001,-6.93889390390723E-18));
#4984=CARTESIAN_POINT('',(-2.46500000000005,0.845000000000001,-6.93889390390723E-18));
#4985=CARTESIAN_POINT('',(-2.46500000000005,0.845000000000001,0.2));
#4986=CARTESIAN_POINT('',(-2.46500000000005,0.845000000000001,-6.93889390390723E-18));
#4987=CARTESIAN_POINT('',(-2.46500000000005,0.845000000000001,0.2));
#4988=CARTESIAN_POINT('Origin',(-2.99999999999999,0.845000000000001,-6.93889390390723E-18));
#4989=CARTESIAN_POINT('',(-2.99999999999999,0.845000000000001,-6.93889390390723E-18));
#4990=CARTESIAN_POINT('',(-2.99999999999999,0.845000000000001,-6.93889390390723E-18));
#4991=CARTESIAN_POINT('',(-2.99999999999999,0.845000000000001,0.2));
#4992=CARTESIAN_POINT('',(-2.99999999999999,0.845000000000001,-6.93889390390723E-18));
#4993=CARTESIAN_POINT('',(-2.99999999999999,0.845000000000001,0.2));
#4994=CARTESIAN_POINT('Origin',(-3.00000000000001,0.424999999999985,-6.93889390390723E-18));
#4995=CARTESIAN_POINT('',(-3.00000000000001,0.424999999999985,-6.93889390390723E-18));
#4996=CARTESIAN_POINT('',(-3.00000000000001,0.424999999999985,-6.93889390390723E-18));
#4997=CARTESIAN_POINT('',(-3.00000000000001,0.424999999999985,0.2));
#4998=CARTESIAN_POINT('',(-3.00000000000001,0.424999999999985,-6.93889390390723E-18));
#4999=CARTESIAN_POINT('',(-3.00000000000001,0.424999999999985,0.2));
#5000=CARTESIAN_POINT('Origin',(-2.46500000000005,0.424999999999999,-6.93889390390723E-18));
#5001=CARTESIAN_POINT('',(-2.46500000000005,0.424999999999999,-6.93889390390723E-18));
#5002=CARTESIAN_POINT('',(-2.46500000000005,0.424999999999999,-6.93889390390723E-18));
#5003=CARTESIAN_POINT('',(-2.46500000000005,0.424999999999999,0.2));
#5004=CARTESIAN_POINT('',(-2.46500000000005,0.424999999999999,-6.93889390390723E-18));
#5005=CARTESIAN_POINT('',(-2.46500000000005,0.424999999999999,0.2));
#5006=CARTESIAN_POINT('Origin',(-2.46500000000005,-0.424999999999995,-6.93889390390723E-18));
#5007=CARTESIAN_POINT('',(-2.46500000000005,-0.424999999999995,-6.93889390390723E-18));
#5008=CARTESIAN_POINT('',(-2.46500000000005,-0.424999999999995,-6.93889390390723E-18));
#5009=CARTESIAN_POINT('',(-2.46500000000005,-0.424999999999995,0.2));
#5010=CARTESIAN_POINT('',(-2.46500000000005,-0.424999999999995,-6.93889390390723E-18));
#5011=CARTESIAN_POINT('',(-2.46500000000005,-0.424999999999995,0.2));
#5012=CARTESIAN_POINT('Origin',(-2.99999999999999,-0.425000000000024,-6.93889390390723E-18));
#5013=CARTESIAN_POINT('',(-2.99999999999999,-0.425000000000024,-6.93889390390723E-18));
#5014=CARTESIAN_POINT('',(-2.99999999999999,-0.425000000000024,-6.93889390390723E-18));
#5015=CARTESIAN_POINT('',(-2.99999999999999,-0.425000000000024,0.2));
#5016=CARTESIAN_POINT('',(-2.99999999999999,-0.425000000000024,-6.93889390390723E-18));
#5017=CARTESIAN_POINT('',(-2.99999999999999,-0.425000000000024,0.2));
#5018=CARTESIAN_POINT('Origin',(-2.99999999999996,-0.845000000000011,-6.93889390390723E-18));
#5019=CARTESIAN_POINT('',(-2.99999999999996,-0.845000000000011,-6.93889390390723E-18));
#5020=CARTESIAN_POINT('',(-2.99999999999996,-0.845000000000011,-6.93889390390723E-18));
#5021=CARTESIAN_POINT('',(-2.99999999999996,-0.845000000000011,0.2));
#5022=CARTESIAN_POINT('',(-2.99999999999996,-0.845000000000011,-6.93889390390723E-18));
#5023=CARTESIAN_POINT('',(-2.99999999999996,-0.845000000000011,0.2));
#5024=CARTESIAN_POINT('Origin',(-2.46500000000005,-0.844999999999997,-6.93889390390723E-18));
#5025=CARTESIAN_POINT('',(-2.46500000000005,-0.844999999999997,-6.93889390390723E-18));
#5026=CARTESIAN_POINT('',(-2.46500000000005,-0.844999999999997,-6.93889390390723E-18));
#5027=CARTESIAN_POINT('',(-2.46500000000005,-0.844999999999997,0.2));
#5028=CARTESIAN_POINT('',(-2.46500000000005,-0.844999999999997,-6.93889390390723E-18));
#5029=CARTESIAN_POINT('',(-2.46500000000005,-0.844999999999997,0.2));
#5030=CARTESIAN_POINT('Origin',(-2.46500000000002,-1.69499999999999,-6.93889390390723E-18));
#5031=CARTESIAN_POINT('',(-2.46500000000002,-1.69499999999999,-6.93889390390723E-18));
#5032=CARTESIAN_POINT('',(-2.46500000000002,-1.69499999999999,-6.93889390390723E-18));
#5033=CARTESIAN_POINT('',(-2.46500000000002,-1.69499999999999,0.2));
#5034=CARTESIAN_POINT('',(-2.46500000000002,-1.69499999999999,-6.93889390390723E-18));
#5035=CARTESIAN_POINT('',(-2.46500000000002,-1.69499999999999,0.2));
#5036=CARTESIAN_POINT('Origin',(-2.99999999999999,-1.69499999999999,-6.93889390390723E-18));
#5037=CARTESIAN_POINT('',(-2.99999999999999,-1.69499999999999,-6.93889390390723E-18));
#5038=CARTESIAN_POINT('',(-2.99999999999999,-1.69499999999999,-6.93889390390723E-18));
#5039=CARTESIAN_POINT('',(-2.99999999999999,-1.69499999999999,0.2));
#5040=CARTESIAN_POINT('',(-2.99999999999999,-1.69499999999999,-6.93889390390723E-18));
#5041=CARTESIAN_POINT('',(-2.99999999999999,-1.69499999999999,0.2));
#5042=CARTESIAN_POINT('Origin',(-2.99999999999999,-2.11500000000002,-6.93889390390723E-18));
#5043=CARTESIAN_POINT('',(-2.99999999999999,-2.11500000000002,-6.93889390390723E-18));
#5044=CARTESIAN_POINT('',(-2.99999999999999,-2.11500000000002,-6.93889390390723E-18));
#5045=CARTESIAN_POINT('',(-2.99999999999999,-2.11500000000002,0.2));
#5046=CARTESIAN_POINT('',(-2.99999999999999,-2.11500000000002,-6.93889390390723E-18));
#5047=CARTESIAN_POINT('',(-2.99999999999999,-2.11500000000002,0.2));
#5048=CARTESIAN_POINT('Origin',(-2.37500000000001,-2.11500000000002,-6.93889390390723E-18));
#5049=CARTESIAN_POINT('',(-2.37500000000001,-2.11500000000002,-6.93889390390723E-18));
#5050=CARTESIAN_POINT('',(-2.37500000000001,-2.11500000000002,-6.93889390390723E-18));
#5051=CARTESIAN_POINT('',(-2.37500000000001,-2.11500000000002,0.2));
#5052=CARTESIAN_POINT('',(-2.37500000000001,-2.11500000000002,-6.93889390390723E-18));
#5053=CARTESIAN_POINT('',(-2.37500000000001,-2.11500000000002,0.2));
#5054=CARTESIAN_POINT('Origin',(-2.37500000000001,-2.01500000000001,-6.93889390390723E-18));
#5055=CARTESIAN_POINT('',(-2.37500000000001,-2.01500000000001,-6.93889390390723E-18));
#5056=CARTESIAN_POINT('',(-2.37500000000001,-2.01500000000001,-6.93889390390723E-18));
#5057=CARTESIAN_POINT('',(-2.37500000000001,-2.01500000000001,0.2));
#5058=CARTESIAN_POINT('',(-2.37500000000001,-2.01500000000001,-6.93889390390723E-18));
#5059=CARTESIAN_POINT('',(-2.37500000000001,-2.01500000000001,0.2));
#5060=CARTESIAN_POINT('Origin',(-0.109999999984566,-2.015,-6.93889390390723E-18));
#5061=CARTESIAN_POINT('',(-0.109999999984566,-2.015,-6.93889390390723E-18));
#5062=CARTESIAN_POINT('',(-0.109999999984566,-2.015,-6.93889390390723E-18));
#5063=CARTESIAN_POINT('',(-0.109999999984566,-2.015,0.2));
#5064=CARTESIAN_POINT('',(-0.109999999984566,-2.015,-6.93889390390723E-18));
#5065=CARTESIAN_POINT('',(-0.109999999984566,-2.015,0.2));
#5066=CARTESIAN_POINT('Origin',(-0.10999999998468,-2.50000000000002,-6.93889390390723E-18));
#5067=CARTESIAN_POINT('',(-0.10999999998468,-2.50000000000002,-6.93889390390723E-18));
#5068=CARTESIAN_POINT('',(-0.10999999998468,-2.50000000000002,-6.93889390390723E-18));
#5069=CARTESIAN_POINT('',(-0.10999999998468,-2.50000000000002,0.2));
#5070=CARTESIAN_POINT('',(-0.10999999998468,-2.50000000000002,-6.93889390390723E-18));
#5071=CARTESIAN_POINT('',(-0.10999999998468,-2.50000000000002,0.2));
#5072=CARTESIAN_POINT('Origin',(0.290000000015326,-2.50000000000001,-6.93889390390723E-18));
#5073=CARTESIAN_POINT('',(0.290000000015326,-2.50000000000001,-6.93889390390723E-18));
#5074=CARTESIAN_POINT('',(0.290000000015326,-2.50000000000001,-6.93889390390723E-18));
#5075=CARTESIAN_POINT('',(0.290000000015326,-2.50000000000001,0.2));
#5076=CARTESIAN_POINT('',(0.290000000015326,-2.50000000000001,-6.93889390390723E-18));
#5077=CARTESIAN_POINT('',(0.290000000015326,-2.50000000000001,0.2));
#5078=CARTESIAN_POINT('Origin',(0.290000000015411,-2.015,-6.93889390390723E-18));
#5079=CARTESIAN_POINT('',(0.290000000015411,-2.015,-6.93889390390723E-18));
#5080=CARTESIAN_POINT('',(0.290000000015411,-2.015,-6.93889390390723E-18));
#5081=CARTESIAN_POINT('',(0.290000000015411,-2.015,0.2));
#5082=CARTESIAN_POINT('',(0.290000000015411,-2.015,-6.93889390390723E-18));
#5083=CARTESIAN_POINT('',(0.290000000015411,-2.015,0.2));
#5084=CARTESIAN_POINT('Origin',(0.999999999999986,-2.01500000000001,-6.93889390390723E-18));
#5085=CARTESIAN_POINT('',(0.999999999999986,-2.01500000000001,-6.93889390390723E-18));
#5086=CARTESIAN_POINT('',(0.999999999999986,-2.01500000000001,-6.93889390390723E-18));
#5087=CARTESIAN_POINT('',(0.999999999999986,-2.01500000000001,0.2));
#5088=CARTESIAN_POINT('',(0.999999999999986,-2.01500000000001,-6.93889390390723E-18));
#5089=CARTESIAN_POINT('',(0.999999999999986,-2.01500000000001,0.2));
#5090=CARTESIAN_POINT('Origin',(1.0000000000001,1.01499999999999,-6.93889390390723E-18));
#5091=CARTESIAN_POINT('',(1.0000000000001,1.01499999999999,-6.93889390390723E-18));
#5092=CARTESIAN_POINT('',(1.0000000000001,1.01499999999999,-6.93889390390723E-18));
#5093=CARTESIAN_POINT('',(1.0000000000001,1.01499999999999,0.2));
#5094=CARTESIAN_POINT('',(1.0000000000001,1.01499999999999,-6.93889390390723E-18));
#5095=CARTESIAN_POINT('',(1.0000000000001,1.01499999999999,0.2));
#5096=CARTESIAN_POINT('Origin',(0.0499999999999687,1.01499999999999,-6.93889390390723E-18));
#5097=CARTESIAN_POINT('',(0.0499999999999687,1.01499999999999,-6.93889390390723E-18));
#5098=CARTESIAN_POINT('',(0.0499999999999687,1.01499999999999,-6.93889390390723E-18));
#5099=CARTESIAN_POINT('',(0.0499999999999687,1.01499999999999,0.2));
#5100=CARTESIAN_POINT('',(0.0499999999999687,1.01499999999999,-6.93889390390723E-18));
#5101=CARTESIAN_POINT('',(0.0499999999999687,1.01499999999999,0.2));
#5102=CARTESIAN_POINT('Origin',(0.0499999999999687,2.015,-6.93889390390723E-18));
#5103=CARTESIAN_POINT('',(0.0499999999999687,2.015,-6.93889390390723E-18));
#5104=CARTESIAN_POINT('',(0.0499999999999687,2.015,-6.93889390390723E-18));
#5105=CARTESIAN_POINT('',(0.0499999999999687,2.015,0.2));
#5106=CARTESIAN_POINT('',(0.0499999999999687,2.015,-6.93889390390723E-18));
#5107=CARTESIAN_POINT('',(0.0499999999999687,2.015,0.2));
#5108=CARTESIAN_POINT('Origin',(-0.139999999999773,2.015,-6.93889390390723E-18));
#5109=CARTESIAN_POINT('',(-0.139999999999773,2.015,-6.93889390390723E-18));
#5110=CARTESIAN_POINT('',(-0.139999999999773,2.015,-6.93889390390723E-18));
#5111=CARTESIAN_POINT('',(-0.139999999999773,2.015,0.2));
#5112=CARTESIAN_POINT('',(-0.139999999999773,2.015,-6.93889390390723E-18));
#5113=CARTESIAN_POINT('',(-0.139999999999773,2.015,0.2));
#5114=CARTESIAN_POINT('Origin',(-0.139999999999745,2.49999999999998,-6.93889390390723E-18));
#5115=CARTESIAN_POINT('',(-0.139999999999745,2.49999999999998,-6.93889390390723E-18));
#5116=CARTESIAN_POINT('',(-0.139999999999745,2.49999999999998,-6.93889390390723E-18));
#5117=CARTESIAN_POINT('',(-0.139999999999745,2.49999999999998,0.2));
#5118=CARTESIAN_POINT('',(-0.139999999999745,2.49999999999998,-6.93889390390723E-18));
#5119=CARTESIAN_POINT('',(-0.139999999999745,2.49999999999998,0.2));
#5120=CARTESIAN_POINT('Origin',(-0.540000000000035,2.49999999999998,-6.93889390390723E-18));
#5121=CARTESIAN_POINT('',(-0.540000000000035,2.49999999999998,-6.93889390390723E-18));
#5122=CARTESIAN_POINT('',(-0.540000000000035,2.49999999999998,-6.93889390390723E-18));
#5123=CARTESIAN_POINT('',(-0.540000000000035,2.49999999999998,0.2));
#5124=CARTESIAN_POINT('',(-0.540000000000035,2.49999999999998,-6.93889390390723E-18));
#5125=CARTESIAN_POINT('',(-0.540000000000035,2.49999999999998,0.2));
#5126=CARTESIAN_POINT('Origin',(-0.540000000000035,2.11500000000001,-6.93889390390723E-18));
#5127=CARTESIAN_POINT('',(-0.540000000000035,2.11500000000001,-6.93889390390723E-18));
#5128=CARTESIAN_POINT('',(-0.540000000000035,2.015,0.2));
#5129=CARTESIAN_POINT('Origin',(-1.19086418324778,-0.0439611291068953,0.2));
#5130=CARTESIAN_POINT('Origin',(-1.19086418324778,-0.0439611291068953,-6.93889390390723E-18));
#5131=CARTESIAN_POINT('Origin',(0.960000000000022,2.49999999999999,-6.93889390390723E-18));
#5132=CARTESIAN_POINT('',(0.960000000000022,2.49999999999999,-6.93889390390723E-18));
#5133=CARTESIAN_POINT('',(0.960000000000022,2.115,-6.93889390390723E-18));
#5134=CARTESIAN_POINT('',(0.960000000000022,2.49999999999999,-6.93889390390723E-18));
#5135=CARTESIAN_POINT('',(0.960000000000022,2.49999999999999,0.2));
#5136=CARTESIAN_POINT('',(0.960000000000022,2.49999999999999,-6.93889390390723E-18));
#5137=CARTESIAN_POINT('',(0.960000000000022,2.115,0.2));
#5138=CARTESIAN_POINT('',(0.960000000000022,2.49999999999999,0.2));
#5139=CARTESIAN_POINT('',(0.960000000000022,2.115,-6.93889390390723E-18));
#5140=CARTESIAN_POINT('Origin',(0.540000000000063,2.49999999999999,-6.93889390390723E-18));
#5141=CARTESIAN_POINT('',(0.540000000000063,2.49999999999999,-6.93889390390723E-18));
#5142=CARTESIAN_POINT('',(0.540000000000063,2.49999999999999,-6.93889390390723E-18));
#5143=CARTESIAN_POINT('',(0.540000000000063,2.49999999999999,0.2));
#5144=CARTESIAN_POINT('',(0.540000000000063,2.49999999999999,-6.93889390390723E-18));
#5145=CARTESIAN_POINT('',(0.540000000000063,2.49999999999999,0.2));
#5146=CARTESIAN_POINT('Origin',(0.540000000000063,2.11499999999998,-6.93889390390723E-18));
#5147=CARTESIAN_POINT('',(0.540000000000063,2.11499999999998,-6.93889390390723E-18));
#5148=CARTESIAN_POINT('',(0.540000000000063,2.11499999999998,-6.93889390390723E-18));
#5149=CARTESIAN_POINT('',(0.540000000000063,2.11499999999998,0.2));
#5150=CARTESIAN_POINT('',(0.540000000000063,2.11499999999998,-6.93889390390723E-18));
#5151=CARTESIAN_POINT('',(0.540000000000063,2.11499999999998,0.2));
#5152=CARTESIAN_POINT('Origin',(0.499999999999986,2.11499999999998,-6.93889390390723E-18));
#5153=CARTESIAN_POINT('',(0.499999999999986,2.11499999999998,-6.93889390390723E-18));
#5154=CARTESIAN_POINT('',(0.499999999999986,2.11499999999998,-6.93889390390723E-18));
#5155=CARTESIAN_POINT('',(0.499999999999986,2.11499999999998,0.2));
#5156=CARTESIAN_POINT('',(0.499999999999986,2.11499999999998,-6.93889390390723E-18));
#5157=CARTESIAN_POINT('',(0.499999999999986,2.11499999999998,0.2));
#5158=CARTESIAN_POINT('Origin',(0.499999999999986,1.64999999999999,-6.93889390390723E-18));
#5159=CARTESIAN_POINT('',(0.499999999999986,1.64999999999999,-6.93889390390723E-18));
#5160=CARTESIAN_POINT('',(0.499999999999986,1.64999999999999,-6.93889390390723E-18));
#5161=CARTESIAN_POINT('',(0.499999999999986,1.64999999999999,0.2));
#5162=CARTESIAN_POINT('',(0.499999999999986,1.64999999999999,-6.93889390390723E-18));
#5163=CARTESIAN_POINT('',(0.499999999999986,1.64999999999999,0.2));
#5164=CARTESIAN_POINT('Origin',(0.999999999999986,1.64999999999999,-6.93889390390723E-18));
#5165=CARTESIAN_POINT('',(0.999999999999986,1.64999999999999,-6.93889390390723E-18));
#5166=CARTESIAN_POINT('',(0.999999999999986,1.64999999999999,-6.93889390390723E-18));
#5167=CARTESIAN_POINT('',(0.999999999999986,1.64999999999999,0.2));
#5168=CARTESIAN_POINT('',(0.999999999999986,1.64999999999999,-6.93889390390723E-18));
#5169=CARTESIAN_POINT('',(0.999999999999986,1.64999999999999,0.2));
#5170=CARTESIAN_POINT('Origin',(0.999999999999986,2.115,-6.93889390390723E-18));
#5171=CARTESIAN_POINT('',(0.999999999999986,2.115,-6.93889390390723E-18));
#5172=CARTESIAN_POINT('',(0.999999999999986,2.115,-6.93889390390723E-18));
#5173=CARTESIAN_POINT('',(0.999999999999986,2.115,0.2));
#5174=CARTESIAN_POINT('',(0.999999999999986,2.115,-6.93889390390723E-18));
#5175=CARTESIAN_POINT('',(0.999999999999986,2.115,0.2));
#5176=CARTESIAN_POINT('Origin',(0.960000000000022,2.115,-6.93889390390723E-18));
#5177=CARTESIAN_POINT('',(0.960000000000022,2.115,-6.93889390390723E-18));
#5178=CARTESIAN_POINT('',(0.960000000000022,2.115,0.2));
#5179=CARTESIAN_POINT('Origin',(0.75,2.06359259259258,0.2));
#5180=CARTESIAN_POINT('Origin',(0.75,2.06359259259258,-6.93889390390723E-18));
#5181=CARTESIAN_POINT('Origin',(2.71999999999996,0.845000000000011,-6.93889390390723E-18));
#5182=CARTESIAN_POINT('',(2.71999999999996,0.845000000000011,-6.93889390390723E-18));
#5183=CARTESIAN_POINT('',(2.71999999999996,1.69500000000001,-6.93889390390723E-18));
#5184=CARTESIAN_POINT('',(2.71999999999996,0.845000000000011,-6.93889390390723E-18));
#5185=CARTESIAN_POINT('',(2.71999999999996,1.69500000000001,0.2));
#5186=CARTESIAN_POINT('',(2.71999999999996,1.69500000000001,-6.93889390390723E-18));
#5187=CARTESIAN_POINT('',(2.71999999999996,0.845000000000011,0.2));
#5188=CARTESIAN_POINT('',(2.71999999999996,0.845000000000011,0.2));
#5189=CARTESIAN_POINT('',(2.71999999999996,0.845000000000011,-6.93889390390723E-18));
#5190=CARTESIAN_POINT('Origin',(2.99999999999999,0.844999999999997,-6.93889390390723E-18));
#5191=CARTESIAN_POINT('',(2.99999999999999,0.844999999999997,-6.93889390390723E-18));
#5192=CARTESIAN_POINT('',(2.99999999999999,0.844999999999997,-6.93889390390723E-18));
#5193=CARTESIAN_POINT('',(2.99999999999999,0.844999999999997,0.2));
#5194=CARTESIAN_POINT('',(2.99999999999999,0.844999999999997,0.2));
#5195=CARTESIAN_POINT('',(2.99999999999999,0.844999999999997,-6.93889390390723E-18));
#5196=CARTESIAN_POINT('Origin',(2.99999999999999,0.424999999999995,-6.93889390390723E-18));
#5197=CARTESIAN_POINT('',(2.99999999999999,0.424999999999995,-6.93889390390723E-18));
#5198=CARTESIAN_POINT('',(2.99999999999999,0.424999999999995,-6.93889390390723E-18));
#5199=CARTESIAN_POINT('',(2.99999999999999,0.424999999999995,0.2));
#5200=CARTESIAN_POINT('',(2.99999999999999,0.424999999999995,0.2));
#5201=CARTESIAN_POINT('',(2.99999999999999,0.424999999999995,-6.93889390390723E-18));
#5202=CARTESIAN_POINT('Origin',(2.71999999999996,0.42500000000001,-6.93889390390723E-18));
#5203=CARTESIAN_POINT('',(2.71999999999996,0.42500000000001,-6.93889390390723E-18));
#5204=CARTESIAN_POINT('',(2.71999999999996,0.42500000000001,-6.93889390390723E-18));
#5205=CARTESIAN_POINT('',(2.71999999999996,0.42500000000001,0.2));
#5206=CARTESIAN_POINT('',(2.71999999999996,0.42500000000001,0.2));
#5207=CARTESIAN_POINT('',(2.71999999999996,0.42500000000001,-6.93889390390723E-18));
#5208=CARTESIAN_POINT('Origin',(2.71999999999996,-0.424999999999985,-6.93889390390723E-18));
#5209=CARTESIAN_POINT('',(2.71999999999996,-0.424999999999985,-6.93889390390723E-18));
#5210=CARTESIAN_POINT('',(2.71999999999996,-0.424999999999985,-6.93889390390723E-18));
#5211=CARTESIAN_POINT('',(2.71999999999996,-0.424999999999985,0.2));
#5212=CARTESIAN_POINT('',(2.71999999999996,-0.424999999999985,0.2));
#5213=CARTESIAN_POINT('',(2.71999999999996,-0.424999999999985,-6.93889390390723E-18));
#5214=CARTESIAN_POINT('Origin',(2.99999999999999,-0.424999999999985,-6.93889390390723E-18));
#5215=CARTESIAN_POINT('',(2.99999999999999,-0.424999999999985,-6.93889390390723E-18));
#5216=CARTESIAN_POINT('',(2.99999999999999,-0.424999999999985,-6.93889390390723E-18));
#5217=CARTESIAN_POINT('',(2.99999999999999,-0.424999999999985,0.2));
#5218=CARTESIAN_POINT('',(2.99999999999999,-0.424999999999985,0.2));
#5219=CARTESIAN_POINT('',(2.99999999999999,-0.424999999999985,-6.93889390390723E-18));
#5220=CARTESIAN_POINT('Origin',(2.99999999999999,-0.845000000000001,-6.93889390390723E-18));
#5221=CARTESIAN_POINT('',(2.99999999999999,-0.845000000000001,-6.93889390390723E-18));
#5222=CARTESIAN_POINT('',(2.99999999999999,-0.845000000000001,-6.93889390390723E-18));
#5223=CARTESIAN_POINT('',(2.99999999999999,-0.845000000000001,0.2));
#5224=CARTESIAN_POINT('',(2.99999999999999,-0.845000000000001,0.2));
#5225=CARTESIAN_POINT('',(2.99999999999999,-0.845000000000001,-6.93889390390723E-18));
#5226=CARTESIAN_POINT('Origin',(2.71999999999996,-0.844999999999986,-6.93889390390723E-18));
#5227=CARTESIAN_POINT('',(2.71999999999996,-0.844999999999986,-6.93889390390723E-18));
#5228=CARTESIAN_POINT('',(2.71999999999996,-0.844999999999986,-6.93889390390723E-18));
#5229=CARTESIAN_POINT('',(2.71999999999996,-0.844999999999986,0.2));
#5230=CARTESIAN_POINT('',(2.71999999999996,-0.844999999999986,0.2));
#5231=CARTESIAN_POINT('',(2.71999999999996,-0.844999999999986,-6.93889390390723E-18));
#5232=CARTESIAN_POINT('Origin',(2.71999999999996,-1.69499999999998,-6.93889390390723E-18));
#5233=CARTESIAN_POINT('',(2.71999999999996,-1.69499999999998,-6.93889390390723E-18));
#5234=CARTESIAN_POINT('',(2.71999999999996,-1.69499999999998,-6.93889390390723E-18));
#5235=CARTESIAN_POINT('',(2.71999999999996,-1.69499999999998,0.2));
#5236=CARTESIAN_POINT('',(2.71999999999996,-1.69499999999998,0.2));
#5237=CARTESIAN_POINT('',(2.71999999999996,-1.69499999999998,-6.93889390390723E-18));
#5238=CARTESIAN_POINT('Origin',(2.99999999999999,-1.69499999999998,-6.93889390390723E-18));
#5239=CARTESIAN_POINT('',(2.99999999999999,-1.69499999999998,-6.93889390390723E-18));
#5240=CARTESIAN_POINT('',(2.99999999999999,-1.69499999999998,-6.93889390390723E-18));
#5241=CARTESIAN_POINT('',(2.99999999999999,-1.69499999999998,0.2));
#5242=CARTESIAN_POINT('',(2.99999999999999,-1.69499999999998,0.2));
#5243=CARTESIAN_POINT('',(2.99999999999999,-1.69499999999998,-6.93889390390723E-18));
#5244=CARTESIAN_POINT('Origin',(2.99999999999999,-2.115,-6.93889390390723E-18));
#5245=CARTESIAN_POINT('',(2.99999999999999,-2.115,-6.93889390390723E-18));
#5246=CARTESIAN_POINT('',(2.99999999999999,-2.115,-6.93889390390723E-18));
#5247=CARTESIAN_POINT('',(2.99999999999999,-2.115,0.2));
#5248=CARTESIAN_POINT('',(2.99999999999999,-2.115,0.2));
#5249=CARTESIAN_POINT('',(2.99999999999999,-2.115,-6.93889390390723E-18));
#5250=CARTESIAN_POINT('Origin',(2.39999999999996,-2.11499999999998,-6.93889390390723E-18));
#5251=CARTESIAN_POINT('',(2.39999999999996,-2.11499999999998,-6.93889390390723E-18));
#5252=CARTESIAN_POINT('',(2.39999999999996,-2.11499999999998,-6.93889390390723E-18));
#5253=CARTESIAN_POINT('',(2.39999999999996,-2.11499999999998,0.2));
#5254=CARTESIAN_POINT('',(2.39999999999996,-2.11499999999998,0.2));
#5255=CARTESIAN_POINT('',(2.39999999999996,-2.11499999999998,-6.93889390390723E-18));
#5256=CARTESIAN_POINT('Origin',(2.39999999999996,2.11500000000001,-6.93889390390723E-18));
#5257=CARTESIAN_POINT('',(2.39999999999996,2.11500000000001,-6.93889390390723E-18));
#5258=CARTESIAN_POINT('',(2.39999999999996,2.11500000000001,-6.93889390390723E-18));
#5259=CARTESIAN_POINT('',(2.39999999999996,2.11500000000001,0.2));
#5260=CARTESIAN_POINT('',(2.39999999999996,2.11500000000001,0.2));
#5261=CARTESIAN_POINT('',(2.39999999999996,2.11500000000001,-6.93889390390723E-18));
#5262=CARTESIAN_POINT('Origin',(2.99999999999999,2.11500000000001,-6.93889390390723E-18));
#5263=CARTESIAN_POINT('',(2.99999999999999,2.11500000000001,-6.93889390390723E-18));
#5264=CARTESIAN_POINT('',(2.99999999999999,2.11500000000001,-6.93889390390723E-18));
#5265=CARTESIAN_POINT('',(2.99999999999999,2.11500000000001,0.2));
#5266=CARTESIAN_POINT('',(2.99999999999999,2.11500000000001,0.2));
#5267=CARTESIAN_POINT('',(2.99999999999999,2.11500000000001,-6.93889390390723E-18));
#5268=CARTESIAN_POINT('Origin',(2.99999999999999,1.69500000000002,-6.93889390390723E-18));
#5269=CARTESIAN_POINT('',(2.99999999999999,1.69500000000002,-6.93889390390723E-18));
#5270=CARTESIAN_POINT('',(2.99999999999999,1.69500000000002,-6.93889390390723E-18));
#5271=CARTESIAN_POINT('',(2.99999999999999,1.69500000000002,0.2));
#5272=CARTESIAN_POINT('',(2.99999999999999,1.69500000000002,0.2));
#5273=CARTESIAN_POINT('',(2.99999999999999,1.69500000000002,-6.93889390390723E-18));
#5274=CARTESIAN_POINT('Origin',(2.71999999999996,1.69500000000001,-6.93889390390723E-18));
#5275=CARTESIAN_POINT('',(2.71999999999996,1.69500000000001,-6.93889390390723E-18));
#5276=CARTESIAN_POINT('',(2.71999999999996,1.69500000000001,0.2));
#5277=CARTESIAN_POINT('Origin',(2.66074074074072,7.105427357601E-15,0.2));
#5278=CARTESIAN_POINT('Origin',(2.66074074074072,7.105427357601E-15,-6.93889390390723E-18));
#5279=CARTESIAN_POINT('Origin',(-1.59000000000016,1.49999999999987,0.73));
#5280=CARTESIAN_POINT('',(-1.74000000000016,1.34999999999987,0.75));
#5281=CARTESIAN_POINT('',(-1.44000000000016,1.64999999999954,0.75));
#5282=CARTESIAN_POINT('',(-1.58250000000011,1.50749999999991,0.75));
#5283=CARTESIAN_POINT('',(-1.44000000000016,1.64999999999987,0.73));
#5284=CARTESIAN_POINT('',(-1.44000000000016,1.64999999999987,0.73));
#5285=CARTESIAN_POINT('',(-1.74000000000016,1.34999999999987,0.73));
#5286=CARTESIAN_POINT('',(-1.58250000000011,1.50749999999991,0.73));
#5287=CARTESIAN_POINT('',(-1.74000000000016,1.34999999999987,0.73));
#5288=CARTESIAN_POINT('Origin',(-1.6078462548614,1.54784625486129,0.75));
#5289=CARTESIAN_POINT('',(-1.74000000000017,-1.58000000000029,0.75));
#5290=CARTESIAN_POINT('',(-1.74000000000016,1.34999999999986,0.75));
#5291=CARTESIAN_POINT('',(-1.67000000000031,-1.65000000000014,0.75));
#5292=CARTESIAN_POINT('Origin',(-1.67000000000031,-1.58000000000028,0.75));
#5293=CARTESIAN_POINT('',(-0.760000000000199,-1.65000000000043,0.75));
#5294=CARTESIAN_POINT('',(-1.67000000000031,-1.65000000000014,0.75));
#5295=CARTESIAN_POINT('',(-0.690000000000205,-1.72000000000042,0.75));
#5296=CARTESIAN_POINT('Origin',(-0.760000000000198,-1.72000000000042,0.75));
#5297=CARTESIAN_POINT('',(-0.690000000000204,-1.75000000000011,0.75));
#5298=CARTESIAN_POINT('',(-0.690000000000204,-1.72000000000042,0.75));
#5299=CARTESIAN_POINT('',(-0.39000000000008,-1.75000000000011,0.75));
#5300=CARTESIAN_POINT('',(-0.690000000000204,-1.75000000000011,0.75));
#5301=CARTESIAN_POINT('',(-0.39000000000008,-1.90000000000008,0.75));
#5302=CARTESIAN_POINT('',(-0.39000000000008,-1.75000000000011,0.75));
#5303=CARTESIAN_POINT('',(0.209999999999943,-1.90000000000014,0.75));
#5304=CARTESIAN_POINT('',(-0.39000000000008,-1.90000000000008,0.75));
#5305=CARTESIAN_POINT('',(0.209999999999943,-1.75000000000011,0.75));
#5306=CARTESIAN_POINT('',(0.209999999999943,-1.90000000000014,0.75));
#5307=CARTESIAN_POINT('',(0.509999999998477,-1.75000000000011,0.75));
#5308=CARTESIAN_POINT('',(0.209999999999943,-1.75000000000011,0.75));
#5309=CARTESIAN_POINT('',(0.509999999998477,-1.65000000000014,0.75));
#5310=CARTESIAN_POINT('',(0.509999999998477,-1.75000000000011,0.75));
#5311=CARTESIAN_POINT('',(1.75999999999978,-1.65000000000014,0.75));
#5312=CARTESIAN_POINT('',(0.509999999998477,-1.65000000000014,0.75));
#5313=CARTESIAN_POINT('',(1.75999999999978,-1.75000000000011,0.75));
#5314=CARTESIAN_POINT('',(1.75999999999978,-1.65000000000014,0.75));
#5315=CARTESIAN_POINT('',(2.28999999999981,-1.75000000000011,0.75));
#5316=CARTESIAN_POINT('',(1.75999999999978,-1.75000000000011,0.75));
#5317=CARTESIAN_POINT('',(2.28999999999988,1.74999999999989,0.75));
#5318=CARTESIAN_POINT('',(2.28999999999981,-1.75000000000011,0.75));
#5319=CARTESIAN_POINT('',(1.75999999999979,1.74999999999989,0.75));
#5320=CARTESIAN_POINT('',(2.28999999999988,1.74999999999989,0.75));
#5321=CARTESIAN_POINT('',(1.75999999999979,1.64999999999958,0.75));
#5322=CARTESIAN_POINT('',(1.75999999999979,1.74999999999989,0.75));
#5323=CARTESIAN_POINT('',(0.510000000000127,1.64999999999959,0.75));
#5324=CARTESIAN_POINT('',(1.75999999999979,1.64999999999958,0.75));
#5325=CARTESIAN_POINT('',(0.510000000000128,1.74999999999989,0.75));
#5326=CARTESIAN_POINT('',(0.510000000000127,1.64999999999959,0.75));
#5327=CARTESIAN_POINT('',(0.209999999999946,1.74999999999989,0.75));
#5328=CARTESIAN_POINT('',(0.510000000000128,1.74999999999989,0.75));
#5329=CARTESIAN_POINT('',(0.209999999999946,1.89999999999959,0.75));
#5330=CARTESIAN_POINT('',(0.209999999999946,1.74999999999989,0.75));
#5331=CARTESIAN_POINT('',(-0.390000000000077,1.89999999999959,0.75));
#5332=CARTESIAN_POINT('',(0.209999999999946,1.89999999999959,0.75));
#5333=CARTESIAN_POINT('',(-0.390000000000191,1.74999999999989,0.75));
#5334=CARTESIAN_POINT('',(-0.390000000000077,1.89999999999959,0.75));
#5335=CARTESIAN_POINT('',(-0.690000000000486,1.74999999999989,0.75));
#5336=CARTESIAN_POINT('',(-0.390000000000191,1.74999999999989,0.75));
#5337=CARTESIAN_POINT('',(-0.690000000000486,1.71999999999978,0.75));
#5338=CARTESIAN_POINT('',(-0.690000000000486,1.74999999999989,0.75));
#5339=CARTESIAN_POINT('',(-0.760000000000395,1.64999999999987,0.75));
#5340=CARTESIAN_POINT('Origin',(-0.760000000000397,1.71999999999978,0.75));
#5341=CARTESIAN_POINT('',(-0.760000000000395,1.64999999999987,0.75));
#5342=CARTESIAN_POINT('Origin',(-1.74000000000016,1.64999999999987,0.73));
#5343=CARTESIAN_POINT('',(-1.74000000000017,-1.58000000000029,0.73));
#5344=CARTESIAN_POINT('',(-1.74000000000016,1.34999999999986,0.73));
#5345=CARTESIAN_POINT('',(-1.74000000000017,-1.58000000000029,0.73));
#5346=CARTESIAN_POINT('Origin',(0.209999999999943,-1.75000000000011,0.73));
#5347=CARTESIAN_POINT('',(0.209999999999943,-1.75000000000011,0.73));
#5348=CARTESIAN_POINT('',(0.509999999998477,-1.75000000000011,0.73));
#5349=CARTESIAN_POINT('',(0.209999999999943,-1.75000000000011,0.73));
#5350=CARTESIAN_POINT('',(0.509999999998477,-1.75000000000011,0.73));
#5351=CARTESIAN_POINT('',(0.209999999999943,-1.75000000000011,0.73));
#5352=CARTESIAN_POINT('Origin',(0.209999999999943,-1.90000000000014,0.73));
#5353=CARTESIAN_POINT('',(0.209999999999943,-1.90000000000014,0.73));
#5354=CARTESIAN_POINT('',(0.209999999999943,-1.90000000000014,0.73));
#5355=CARTESIAN_POINT('',(0.209999999999943,-1.90000000000014,0.73));
#5356=CARTESIAN_POINT('Origin',(-0.39000000000008,-1.90000000000008,0.73));
#5357=CARTESIAN_POINT('',(-0.39000000000008,-1.90000000000008,0.73));
#5358=CARTESIAN_POINT('',(-0.39000000000008,-1.90000000000008,0.73));
#5359=CARTESIAN_POINT('',(-0.39000000000008,-1.90000000000008,0.73));
#5360=CARTESIAN_POINT('Origin',(-0.39000000000008,-1.75000000000011,0.73));
#5361=CARTESIAN_POINT('',(-0.39000000000008,-1.75000000000011,0.73));
#5362=CARTESIAN_POINT('',(-0.39000000000008,-1.75000000000011,0.73));
#5363=CARTESIAN_POINT('',(-0.39000000000008,-1.75000000000011,0.73));
#5364=CARTESIAN_POINT('Origin',(-0.690000000000204,-1.75000000000011,0.73));
#5365=CARTESIAN_POINT('',(-0.690000000000204,-1.75000000000011,0.73));
#5366=CARTESIAN_POINT('',(-0.690000000000204,-1.75000000000011,0.73));
#5367=CARTESIAN_POINT('',(-0.690000000000204,-1.75000000000011,0.73));
#5368=CARTESIAN_POINT('Origin',(-0.690000000000204,-1.72000000000042,0.73));
#5369=CARTESIAN_POINT('',(-0.690000000000205,-1.72000000000042,0.73));
#5370=CARTESIAN_POINT('',(-0.690000000000204,-1.72000000000042,0.73));
#5371=CARTESIAN_POINT('',(-0.690000000000205,-1.72000000000042,0.73));
#5372=CARTESIAN_POINT('Origin',(-0.760000000000198,-1.72000000000042,0.73));
#5373=CARTESIAN_POINT('',(-0.760000000000199,-1.65000000000043,0.73));
#5374=CARTESIAN_POINT('Origin',(-0.760000000000198,-1.72000000000042,0.73));
#5375=CARTESIAN_POINT('',(-0.760000000000199,-1.65000000000043,0.73));
#5376=CARTESIAN_POINT('Origin',(-1.67000000000031,-1.65000000000014,0.73));
#5377=CARTESIAN_POINT('',(-1.67000000000031,-1.65000000000014,0.73));
#5378=CARTESIAN_POINT('',(-1.67000000000031,-1.65000000000014,0.73));
#5379=CARTESIAN_POINT('',(-1.67000000000031,-1.65000000000014,0.73));
#5380=CARTESIAN_POINT('Origin',(-1.67000000000031,-1.58000000000028,0.73));
#5381=CARTESIAN_POINT('Origin',(-1.67000000000031,-1.58000000000028,0.73));
#5382=CARTESIAN_POINT('Origin',(-0.760000000000397,1.71999999999978,0.73));
#5383=CARTESIAN_POINT('',(-0.690000000000486,1.71999999999978,0.73));
#5384=CARTESIAN_POINT('',(-0.760000000000395,1.64999999999987,0.73));
#5385=CARTESIAN_POINT('Origin',(-0.760000000000397,1.71999999999978,0.73));
#5386=CARTESIAN_POINT('',(-0.760000000000395,1.64999999999987,0.73));
#5387=CARTESIAN_POINT('',(-0.690000000000486,1.71999999999978,0.73));
#5388=CARTESIAN_POINT('Origin',(-0.690000000000486,1.74999999999989,0.73));
#5389=CARTESIAN_POINT('',(-0.690000000000486,1.74999999999989,0.73));
#5390=CARTESIAN_POINT('',(-0.690000000000486,1.74999999999989,0.73));
#5391=CARTESIAN_POINT('',(-0.690000000000486,1.74999999999989,0.73));
#5392=CARTESIAN_POINT('Origin',(-0.390000000000191,1.74999999999989,0.73));
#5393=CARTESIAN_POINT('',(-0.390000000000191,1.74999999999989,0.73));
#5394=CARTESIAN_POINT('',(-0.390000000000191,1.74999999999989,0.73));
#5395=CARTESIAN_POINT('',(-0.390000000000191,1.74999999999989,0.73));
#5396=CARTESIAN_POINT('Origin',(-0.390000000000077,1.89999999999959,0.73));
#5397=CARTESIAN_POINT('',(-0.390000000000077,1.89999999999959,0.73));
#5398=CARTESIAN_POINT('',(-0.390000000000077,1.89999999999959,0.73));
#5399=CARTESIAN_POINT('',(-0.390000000000077,1.89999999999959,0.73));
#5400=CARTESIAN_POINT('Origin',(0.209999999999946,1.89999999999959,0.73));
#5401=CARTESIAN_POINT('',(0.209999999999946,1.89999999999959,0.73));
#5402=CARTESIAN_POINT('',(0.209999999999946,1.89999999999959,0.73));
#5403=CARTESIAN_POINT('',(0.209999999999946,1.89999999999959,0.73));
#5404=CARTESIAN_POINT('Origin',(0.209999999999946,1.74999999999989,0.73));
#5405=CARTESIAN_POINT('',(0.209999999999946,1.74999999999989,0.73));
#5406=CARTESIAN_POINT('',(0.209999999999946,1.74999999999989,0.73));
#5407=CARTESIAN_POINT('',(0.209999999999946,1.74999999999989,0.73));
#5408=CARTESIAN_POINT('Origin',(0.510000000000128,1.74999999999989,0.73));
#5409=CARTESIAN_POINT('',(0.510000000000128,1.74999999999989,0.73));
#5410=CARTESIAN_POINT('',(0.510000000000128,1.74999999999989,0.73));
#5411=CARTESIAN_POINT('',(0.510000000000128,1.74999999999989,0.73));
#5412=CARTESIAN_POINT('Origin',(0.510000000000127,1.64999999999959,0.73));
#5413=CARTESIAN_POINT('',(0.510000000000127,1.64999999999959,0.73));
#5414=CARTESIAN_POINT('',(0.510000000000127,1.64999999999959,0.73));
#5415=CARTESIAN_POINT('',(0.510000000000127,1.64999999999959,0.73));
#5416=CARTESIAN_POINT('Origin',(1.75999999999979,1.64999999999958,0.73));
#5417=CARTESIAN_POINT('',(1.75999999999979,1.64999999999958,0.73));
#5418=CARTESIAN_POINT('',(1.75999999999979,1.64999999999958,0.73));
#5419=CARTESIAN_POINT('',(1.75999999999979,1.64999999999958,0.73));
#5420=CARTESIAN_POINT('Origin',(1.75999999999979,1.74999999999989,0.73));
#5421=CARTESIAN_POINT('',(1.75999999999979,1.74999999999989,0.73));
#5422=CARTESIAN_POINT('',(1.75999999999979,1.74999999999989,0.73));
#5423=CARTESIAN_POINT('',(1.75999999999979,1.74999999999989,0.73));
#5424=CARTESIAN_POINT('Origin',(2.28999999999988,1.74999999999989,0.73));
#5425=CARTESIAN_POINT('',(2.28999999999988,1.74999999999989,0.73));
#5426=CARTESIAN_POINT('',(2.28999999999988,1.74999999999989,0.73));
#5427=CARTESIAN_POINT('',(2.28999999999988,1.74999999999989,0.73));
#5428=CARTESIAN_POINT('Origin',(2.28999999999981,-1.75000000000011,0.73));
#5429=CARTESIAN_POINT('',(2.28999999999981,-1.75000000000011,0.73));
#5430=CARTESIAN_POINT('',(2.28999999999981,-1.75000000000011,0.73));
#5431=CARTESIAN_POINT('',(2.28999999999981,-1.75000000000011,0.73));
#5432=CARTESIAN_POINT('Origin',(1.75999999999978,-1.75000000000011,0.73));
#5433=CARTESIAN_POINT('',(1.75999999999978,-1.75000000000011,0.73));
#5434=CARTESIAN_POINT('',(1.75999999999978,-1.75000000000011,0.73));
#5435=CARTESIAN_POINT('',(1.75999999999978,-1.75000000000011,0.73));
#5436=CARTESIAN_POINT('Origin',(1.75999999999978,-1.65000000000014,0.73));
#5437=CARTESIAN_POINT('',(1.75999999999978,-1.65000000000014,0.73));
#5438=CARTESIAN_POINT('',(1.75999999999978,-1.65000000000014,0.73));
#5439=CARTESIAN_POINT('',(1.75999999999978,-1.65000000000014,0.73));
#5440=CARTESIAN_POINT('Origin',(0.509999999998477,-1.65000000000014,0.73));
#5441=CARTESIAN_POINT('',(0.509999999998477,-1.65000000000014,0.73));
#5442=CARTESIAN_POINT('',(0.509999999998477,-1.65000000000014,0.73));
#5443=CARTESIAN_POINT('',(0.509999999998477,-1.65000000000014,0.73));
#5444=CARTESIAN_POINT('Origin',(0.509999999998477,-1.75000000000011,0.73));
#5445=CARTESIAN_POINT('',(0.509999999998477,-1.75000000000011,0.73));
#5446=CARTESIAN_POINT('Origin',(-1.3799999999998,1.64999999999987,0.73));
#5447=CARTESIAN_POINT('',(-1.74000000000016,1.64999999999987,0.73));
#5448=CARTESIAN_POINT('Origin',(-1.6078462548614,1.54784625486129,0.73));
#5449=CARTESIAN_POINT('Origin',(-2.41678250391016,-1.12598939458696,0.73));
#5450=CARTESIAN_POINT('',(-2.41678250391016,-1.12598939458696,0.73));
#5451=CARTESIAN_POINT('',(-2.53828251437935,-1.12598939458696,0.73));
#5452=CARTESIAN_POINT('',(-2.44755507301559,-1.12598939462486,0.73));
#5453=CARTESIAN_POINT('',(-2.41678250391016,-1.12598939458696,0.731));
#5454=CARTESIAN_POINT('',(-2.41678250391016,-1.12598939458696,0.73));
#5455=CARTESIAN_POINT('',(-2.53828251437935,-1.12598939458696,0.731));
#5456=CARTESIAN_POINT('',(-2.44755507301559,-1.12598939462486,0.731));
#5457=CARTESIAN_POINT('',(-2.53828251437935,-1.12598939458696,0.73));
#5458=CARTESIAN_POINT('Ctrl Pts',(-2.4167825039,-1.25841156163684,0.73));
#5459=CARTESIAN_POINT('Ctrl Pts',(-2.4167825039,-1.25841156163684,0.731));
#5460=CARTESIAN_POINT('Ctrl Pts',(-2.39002222614962,-1.2537618984952,0.73));
#5461=CARTESIAN_POINT('Ctrl Pts',(-2.39002222614962,-1.2537618984952,0.731));
#5462=CARTESIAN_POINT('Ctrl Pts',(-2.3218563658049,-1.24166362249838,0.73));
#5463=CARTESIAN_POINT('Ctrl Pts',(-2.3218563658049,-1.24166362249838,0.731));
#5464=CARTESIAN_POINT('Ctrl Pts',(-2.31879419467362,-1.17251804529431,0.73));
#5465=CARTESIAN_POINT('Ctrl Pts',(-2.31879419467362,-1.17251804529431,0.731));
#5466=CARTESIAN_POINT('Ctrl Pts',(-2.35624341953034,-1.13681030181127,0.73));
#5467=CARTESIAN_POINT('Ctrl Pts',(-2.35624341953034,-1.13681030181127,0.731));
#5468=CARTESIAN_POINT('Ctrl Pts',(-2.39186647313351,-1.12891159514985,0.73));
#5469=CARTESIAN_POINT('Ctrl Pts',(-2.39186647313351,-1.12891159514985,0.731));
#5470=CARTESIAN_POINT('Ctrl Pts',(-2.41678250391016,-1.12598939458696,0.73));
#5471=CARTESIAN_POINT('Ctrl Pts',(-2.41678250391016,-1.12598939458696,0.731));
#5472=CARTESIAN_POINT('',(-2.4167825039,-1.25841156163684,0.73));
#5473=CARTESIAN_POINT('Ctrl Pts',(-2.4167825039,-1.25841156163684,0.73));
#5474=CARTESIAN_POINT('Ctrl Pts',(-2.39002222614962,-1.2537618984952,0.73));
#5475=CARTESIAN_POINT('Ctrl Pts',(-2.3218563658049,-1.24166362249838,0.73));
#5476=CARTESIAN_POINT('Ctrl Pts',(-2.31879419467362,-1.17251804529431,0.73));
#5477=CARTESIAN_POINT('Ctrl Pts',(-2.35624341953034,-1.13681030181127,0.73));
#5478=CARTESIAN_POINT('Ctrl Pts',(-2.39186647313351,-1.12891159514985,0.73));
#5479=CARTESIAN_POINT('Ctrl Pts',(-2.41678250391016,-1.12598939458696,0.73));
#5480=CARTESIAN_POINT('',(-2.4167825039,-1.25841156163684,0.731));
#5481=CARTESIAN_POINT('',(-2.4167825039,-1.25841156163684,0.73));
#5482=CARTESIAN_POINT('Ctrl Pts',(-2.41678250391016,-1.12598939458696,0.731));
#5483=CARTESIAN_POINT('Ctrl Pts',(-2.39186647313351,-1.12891159514985,0.731));
#5484=CARTESIAN_POINT('Ctrl Pts',(-2.35624341953034,-1.13681030181127,0.731));
#5485=CARTESIAN_POINT('Ctrl Pts',(-2.31879419467362,-1.17251804529431,0.731));
#5486=CARTESIAN_POINT('Ctrl Pts',(-2.3218563658049,-1.24166362249838,0.731));
#5487=CARTESIAN_POINT('Ctrl Pts',(-2.39002222614962,-1.2537618984952,0.731));
#5488=CARTESIAN_POINT('Ctrl Pts',(-2.4167825039,-1.25841156163684,0.731));
#5489=CARTESIAN_POINT('Origin',(-2.53828251437935,-1.25841156163927,0.73));
#5490=CARTESIAN_POINT('',(-2.53828251437935,-1.25841156163927,0.73));
#5491=CARTESIAN_POINT('',(-2.5083050782081,-1.25841156163747,0.73));
#5492=CARTESIAN_POINT('',(-2.53828251437935,-1.25841156163927,0.731));
#5493=CARTESIAN_POINT('',(-2.53828251437935,-1.25841156163927,0.73));
#5494=CARTESIAN_POINT('',(-2.5083050782081,-1.25841156163747,0.731));
#5495=CARTESIAN_POINT('Ctrl Pts',(-2.53828251437935,-1.12598939458696,0.73));
#5496=CARTESIAN_POINT('Ctrl Pts',(-2.53828251437935,-1.12598939458696,0.731));
#5497=CARTESIAN_POINT('Ctrl Pts',(-2.56395574466481,-1.13172831112041,0.73));
#5498=CARTESIAN_POINT('Ctrl Pts',(-2.56395574466481,-1.13172831112041,0.731));
#5499=CARTESIAN_POINT('Ctrl Pts',(-2.64072354625626,-1.14400279400564,0.73));
#5500=CARTESIAN_POINT('Ctrl Pts',(-2.64072354625626,-1.14400279400564,0.731));
#5501=CARTESIAN_POINT('Ctrl Pts',(-2.62574016903296,-1.2419501373297,0.73));
#5502=CARTESIAN_POINT('Ctrl Pts',(-2.62574016903296,-1.2419501373297,0.731));
#5503=CARTESIAN_POINT('Ctrl Pts',(-2.56758091300686,-1.25556255710791,0.73));
#5504=CARTESIAN_POINT('Ctrl Pts',(-2.56758091300686,-1.25556255710791,0.731));
#5505=CARTESIAN_POINT('Ctrl Pts',(-2.53828251437935,-1.25841156163927,0.73));
#5506=CARTESIAN_POINT('Ctrl Pts',(-2.53828251437935,-1.25841156163927,0.731));
#5507=CARTESIAN_POINT('Ctrl Pts',(-2.53828251437935,-1.12598939458696,0.73));
#5508=CARTESIAN_POINT('Ctrl Pts',(-2.56395574466481,-1.13172831112041,0.73));
#5509=CARTESIAN_POINT('Ctrl Pts',(-2.64072354625626,-1.14400279400564,0.73));
#5510=CARTESIAN_POINT('Ctrl Pts',(-2.62574016903296,-1.2419501373297,0.73));
#5511=CARTESIAN_POINT('Ctrl Pts',(-2.56758091300686,-1.25556255710791,0.73));
#5512=CARTESIAN_POINT('Ctrl Pts',(-2.53828251437935,-1.25841156163927,0.73));
#5513=CARTESIAN_POINT('Ctrl Pts',(-2.53828251437935,-1.25841156163927,0.731));
#5514=CARTESIAN_POINT('Ctrl Pts',(-2.56758091300686,-1.25556255710791,0.731));
#5515=CARTESIAN_POINT('Ctrl Pts',(-2.62574016903296,-1.2419501373297,0.731));
#5516=CARTESIAN_POINT('Ctrl Pts',(-2.64072354625626,-1.14400279400564,0.731));
#5517=CARTESIAN_POINT('Ctrl Pts',(-2.56395574466481,-1.13172831112041,0.731));
#5518=CARTESIAN_POINT('Ctrl Pts',(-2.53828251437935,-1.12598939458696,0.731));
#5519=CARTESIAN_POINT('Origin',(-2.41181980321873,-1.0475898329344,0.73));
#5520=CARTESIAN_POINT('',(-2.41181980321873,-1.0475898329344,0.73));
#5521=CARTESIAN_POINT('',(-2.53232113665035,-1.0475898329344,0.73));
#5522=CARTESIAN_POINT('',(-2.41181980321873,-1.0475898329344,0.73));
#5523=CARTESIAN_POINT('',(-2.53232113665035,-1.0475898329344,0.731));
#5524=CARTESIAN_POINT('',(-2.53232113665035,-1.0475898329344,0.73));
#5525=CARTESIAN_POINT('',(-2.41181980321873,-1.0475898329344,0.731));
#5526=CARTESIAN_POINT('',(-2.41181980321873,-1.0475898329344,0.731));
#5527=CARTESIAN_POINT('',(-2.41181980321873,-1.0475898329344,0.73));
#5528=CARTESIAN_POINT('Ctrl Pts',(-2.4274906506,-1.33553924203683,0.73));
#5529=CARTESIAN_POINT('Ctrl Pts',(-2.4274906506,-1.33553924203683,0.731));
#5530=CARTESIAN_POINT('Ctrl Pts',(-2.37360631080722,-1.3388737505548,0.73));
#5531=CARTESIAN_POINT('Ctrl Pts',(-2.37360631080722,-1.3388737505548,0.731));
#5532=CARTESIAN_POINT('Ctrl Pts',(-2.30370721061993,-1.30517746697557,0.73));
#5533=CARTESIAN_POINT('Ctrl Pts',(-2.30370721061993,-1.30517746697557,0.731));
#5534=CARTESIAN_POINT('Ctrl Pts',(-2.24303789178022,-1.21866824382448,0.73));
#5535=CARTESIAN_POINT('Ctrl Pts',(-2.24303789178022,-1.21866824382448,0.731));
#5536=CARTESIAN_POINT('Ctrl Pts',(-2.26091198249555,-1.09864298881728,0.73));
#5537=CARTESIAN_POINT('Ctrl Pts',(-2.26091198249555,-1.09864298881728,0.731));
#5538=CARTESIAN_POINT('Ctrl Pts',(-2.35184270620487,-1.04713453802521,0.73));
#5539=CARTESIAN_POINT('Ctrl Pts',(-2.35184270620487,-1.04713453802521,0.731));
#5540=CARTESIAN_POINT('Ctrl Pts',(-2.41181980321873,-1.0475898329344,0.73));
#5541=CARTESIAN_POINT('Ctrl Pts',(-2.41181980321873,-1.0475898329344,0.731));
#5542=CARTESIAN_POINT('',(-2.4274906506,-1.33553924203683,0.73));
#5543=CARTESIAN_POINT('Ctrl Pts',(-2.4274906506,-1.33553924203683,0.73));
#5544=CARTESIAN_POINT('Ctrl Pts',(-2.37360631080722,-1.3388737505548,0.73));
#5545=CARTESIAN_POINT('Ctrl Pts',(-2.30370721061993,-1.30517746697557,0.73));
#5546=CARTESIAN_POINT('Ctrl Pts',(-2.24303789178022,-1.21866824382448,0.73));
#5547=CARTESIAN_POINT('Ctrl Pts',(-2.26091198249555,-1.09864298881728,0.73));
#5548=CARTESIAN_POINT('Ctrl Pts',(-2.35184270620487,-1.04713453802521,0.73));
#5549=CARTESIAN_POINT('Ctrl Pts',(-2.41181980321873,-1.0475898329344,0.73));
#5550=CARTESIAN_POINT('',(-2.4274906506,-1.33553924203683,0.731));
#5551=CARTESIAN_POINT('Ctrl Pts',(-2.4274906506,-1.33553924203683,0.731));
#5552=CARTESIAN_POINT('Ctrl Pts',(-2.37360631080722,-1.3388737505548,0.731));
#5553=CARTESIAN_POINT('Ctrl Pts',(-2.30370721061993,-1.30517746697557,0.731));
#5554=CARTESIAN_POINT('Ctrl Pts',(-2.24303789178022,-1.21866824382448,0.731));
#5555=CARTESIAN_POINT('Ctrl Pts',(-2.26091198249555,-1.09864298881728,0.731));
#5556=CARTESIAN_POINT('Ctrl Pts',(-2.35184270620487,-1.04713453802521,0.731));
#5557=CARTESIAN_POINT('Ctrl Pts',(-2.41181980321873,-1.0475898329344,0.731));
#5558=CARTESIAN_POINT('',(-2.4274906506,-1.33553924203683,0.73));
#5559=CARTESIAN_POINT('Origin',(-2.51756417739288,-1.33553924198904,0.73));
#5560=CARTESIAN_POINT('',(-2.51756417739288,-1.33553924198904,0.73));
#5561=CARTESIAN_POINT('',(-2.51756417739288,-1.33553924198904,0.73));
#5562=CARTESIAN_POINT('',(-2.51756417739288,-1.33553924198904,0.731));
#5563=CARTESIAN_POINT('',(-2.51756417739288,-1.33553924198904,0.731));
#5564=CARTESIAN_POINT('',(-2.51756417739288,-1.33553924198904,0.73));
#5565=CARTESIAN_POINT('Ctrl Pts',(-2.53232113665035,-1.0475898329344,0.73));
#5566=CARTESIAN_POINT('Ctrl Pts',(-2.53232113665035,-1.0475898329344,0.731));
#5567=CARTESIAN_POINT('Ctrl Pts',(-2.57058687916927,-1.05340698006281,0.73));
#5568=CARTESIAN_POINT('Ctrl Pts',(-2.57058687916927,-1.05340698006281,0.731));
#5569=CARTESIAN_POINT('Ctrl Pts',(-2.64025845657235,-1.06072470045608,0.73));
#5570=CARTESIAN_POINT('Ctrl Pts',(-2.64025845657235,-1.06072470045608,0.731));
#5571=CARTESIAN_POINT('Ctrl Pts',(-2.70281033521712,-1.1410208837793,0.73));
#5572=CARTESIAN_POINT('Ctrl Pts',(-2.70281033521712,-1.1410208837793,0.731));
#5573=CARTESIAN_POINT('Ctrl Pts',(-2.71307444003054,-1.22758578085918,0.73));
#5574=CARTESIAN_POINT('Ctrl Pts',(-2.71307444003054,-1.22758578085918,0.731));
#5575=CARTESIAN_POINT('Ctrl Pts',(-2.64318135059324,-1.31371342888505,0.73));
#5576=CARTESIAN_POINT('Ctrl Pts',(-2.64318135059324,-1.31371342888505,0.731));
#5577=CARTESIAN_POINT('Ctrl Pts',(-2.57127314918973,-1.33973378891609,0.73));
#5578=CARTESIAN_POINT('Ctrl Pts',(-2.57127314918973,-1.33973378891609,0.731));
#5579=CARTESIAN_POINT('Ctrl Pts',(-2.51756417739288,-1.33553924198904,0.73));
#5580=CARTESIAN_POINT('Ctrl Pts',(-2.51756417739288,-1.33553924198904,0.731));
#5581=CARTESIAN_POINT('Ctrl Pts',(-2.53232113665035,-1.0475898329344,0.73));
#5582=CARTESIAN_POINT('Ctrl Pts',(-2.57058687916927,-1.05340698006281,0.73));
#5583=CARTESIAN_POINT('Ctrl Pts',(-2.64025845657235,-1.06072470045608,0.73));
#5584=CARTESIAN_POINT('Ctrl Pts',(-2.70281033521712,-1.1410208837793,0.73));
#5585=CARTESIAN_POINT('Ctrl Pts',(-2.71307444003054,-1.22758578085918,0.73));
#5586=CARTESIAN_POINT('Ctrl Pts',(-2.64318135059324,-1.31371342888505,0.73));
#5587=CARTESIAN_POINT('Ctrl Pts',(-2.57127314918973,-1.33973378891609,0.73));
#5588=CARTESIAN_POINT('Ctrl Pts',(-2.51756417739288,-1.33553924198904,0.73));
#5589=CARTESIAN_POINT('Ctrl Pts',(-2.53232113665035,-1.0475898329344,0.731));
#5590=CARTESIAN_POINT('Ctrl Pts',(-2.57058687916927,-1.05340698006281,0.731));
#5591=CARTESIAN_POINT('Ctrl Pts',(-2.64025845657235,-1.06072470045608,0.731));
#5592=CARTESIAN_POINT('Ctrl Pts',(-2.70281033521712,-1.1410208837793,0.731));
#5593=CARTESIAN_POINT('Ctrl Pts',(-2.71307444003054,-1.22758578085918,0.731));
#5594=CARTESIAN_POINT('Ctrl Pts',(-2.64318135059324,-1.31371342888505,0.731));
#5595=CARTESIAN_POINT('Ctrl Pts',(-2.57127314918973,-1.33973378891609,0.731));
#5596=CARTESIAN_POINT('Ctrl Pts',(-2.51756417739288,-1.33553924198904,0.731));
#5597=CARTESIAN_POINT('Origin',(-2.47832764204089,-1.19106264121991,0.731));
#5598=CARTESIAN_POINT('Origin',(-2.47832764204089,-1.19106264121991,0.73));
#5599=CARTESIAN_POINT('Origin',(-2.69,-1.59048168803684,0.73));
#5600=CARTESIAN_POINT('',(-2.69,-1.59048168803684,0.73));
#5601=CARTESIAN_POINT('',(-2.69,-1.67080386203683,0.73));
#5602=CARTESIAN_POINT('',(-2.69,-1.59048168803684,0.73));
#5603=CARTESIAN_POINT('',(-2.69,-1.67080386203683,0.731));
#5604=CARTESIAN_POINT('',(-2.69,-1.67080386203683,0.73));
#5605=CARTESIAN_POINT('',(-2.69,-1.59048168803684,0.731));
#5606=CARTESIAN_POINT('',(-2.69,-1.59048168803684,0.731));
#5607=CARTESIAN_POINT('',(-2.69,-1.59048168803684,0.73));
#5608=CARTESIAN_POINT('Origin',(-2.37333718403219,-1.59048168802924,0.73));
#5609=CARTESIAN_POINT('',(-2.37333718403219,-1.59048168802924,0.73));
#5610=CARTESIAN_POINT('',(-2.37333718403219,-1.59048168802924,0.73));
#5611=CARTESIAN_POINT('',(-2.37333718403219,-1.59048168802924,0.731));
#5612=CARTESIAN_POINT('',(-2.37333718403219,-1.59048168802924,0.731));
#5613=CARTESIAN_POINT('',(-2.37333718403219,-1.59048168802924,0.73));
#5614=CARTESIAN_POINT('Ctrl Pts',(-2.3698608255,-1.48689860263683,0.73));
#5615=CARTESIAN_POINT('Ctrl Pts',(-2.3698608255,-1.48689860263683,0.731));
#5616=CARTESIAN_POINT('Ctrl Pts',(-2.31120052938642,-1.48833206511938,0.73));
#5617=CARTESIAN_POINT('Ctrl Pts',(-2.31120052938642,-1.48833206511938,0.731));
#5618=CARTESIAN_POINT('Ctrl Pts',(-2.30871853510705,-1.59152536686783,0.73));
#5619=CARTESIAN_POINT('Ctrl Pts',(-2.30871853510705,-1.59152536686783,0.731));
#5620=CARTESIAN_POINT('Ctrl Pts',(-2.37333718403219,-1.59048168802924,0.73));
#5621=CARTESIAN_POINT('Ctrl Pts',(-2.37333718403219,-1.59048168802924,0.731));
#5622=CARTESIAN_POINT('',(-2.3698608255,-1.48689860263683,0.73));
#5623=CARTESIAN_POINT('Ctrl Pts',(-2.3698608255,-1.48689860263683,0.73));
#5624=CARTESIAN_POINT('Ctrl Pts',(-2.31120052938642,-1.48833206511938,0.73));
#5625=CARTESIAN_POINT('Ctrl Pts',(-2.30871853510705,-1.59152536686783,0.73));
#5626=CARTESIAN_POINT('Ctrl Pts',(-2.37333718403219,-1.59048168802924,0.73));
#5627=CARTESIAN_POINT('',(-2.3698608255,-1.48689860263683,0.731));
#5628=CARTESIAN_POINT('Ctrl Pts',(-2.3698608255,-1.48689860263683,0.731));
#5629=CARTESIAN_POINT('Ctrl Pts',(-2.31120052938642,-1.48833206511938,0.731));
#5630=CARTESIAN_POINT('Ctrl Pts',(-2.30871853510705,-1.59152536686783,0.731));
#5631=CARTESIAN_POINT('Ctrl Pts',(-2.37333718403219,-1.59048168802924,0.731));
#5632=CARTESIAN_POINT('',(-2.3698608255,-1.48689860263683,0.73));
#5633=CARTESIAN_POINT('Origin',(-2.6906050762,-1.48689860263683,0.73));
#5634=CARTESIAN_POINT('',(-2.6906050762,-1.48689860263683,0.73));
#5635=CARTESIAN_POINT('',(-2.6906050762,-1.48689860263683,0.73));
#5636=CARTESIAN_POINT('',(-2.6906050762,-1.48689860263683,0.731));
#5637=CARTESIAN_POINT('',(-2.6906050762,-1.48689860263683,0.731));
#5638=CARTESIAN_POINT('',(-2.6906050762,-1.48689860263683,0.73));
#5639=CARTESIAN_POINT('Origin',(-2.6906050762,-1.40519237733684,0.73));
#5640=CARTESIAN_POINT('',(-2.6906050762,-1.40519237733684,0.73));
#5641=CARTESIAN_POINT('',(-2.6906050762,-1.40519237733684,0.73));
#5642=CARTESIAN_POINT('',(-2.6906050762,-1.40519237733684,0.731));
#5643=CARTESIAN_POINT('',(-2.6906050762,-1.40519237733684,0.731));
#5644=CARTESIAN_POINT('',(-2.6906050762,-1.40519237733684,0.73));
#5645=CARTESIAN_POINT('Origin',(-2.2594817974,-1.40519237733684,0.73));
#5646=CARTESIAN_POINT('',(-2.2594817974,-1.40519237733684,0.73));
#5647=CARTESIAN_POINT('',(-2.2594817974,-1.40519237733684,0.73));
#5648=CARTESIAN_POINT('',(-2.2594817974,-1.40519237733684,0.731));
#5649=CARTESIAN_POINT('',(-2.2594817974,-1.40519237733684,0.731));
#5650=CARTESIAN_POINT('',(-2.2594817974,-1.40519237733684,0.73));
#5651=CARTESIAN_POINT('Origin',(-2.2594817974,-1.48689860263684,0.73));
#5652=CARTESIAN_POINT('',(-2.2594817974,-1.48689860263684,0.73));
#5653=CARTESIAN_POINT('',(-2.2594817974,-1.48689860263684,0.73));
#5654=CARTESIAN_POINT('',(-2.2594817974,-1.48689860263684,0.731));
#5655=CARTESIAN_POINT('',(-2.2594817974,-1.48689860263684,0.731));
#5656=CARTESIAN_POINT('',(-2.2594817974,-1.48689860263684,0.73));
#5657=CARTESIAN_POINT('Origin',(-2.29547431136732,-1.48689860263394,0.73));
#5658=CARTESIAN_POINT('',(-2.29547431136732,-1.48689860263394,0.73));
#5659=CARTESIAN_POINT('',(-2.29547431136732,-1.48689860263394,0.73));
#5660=CARTESIAN_POINT('',(-2.29547431136732,-1.48689860263394,0.731));
#5661=CARTESIAN_POINT('',(-2.29547431136732,-1.48689860263394,0.731));
#5662=CARTESIAN_POINT('',(-2.29547431136732,-1.48689860263394,0.73));
#5663=CARTESIAN_POINT('Ctrl Pts',(-2.3291009135,-1.67080386203683,0.73));
#5664=CARTESIAN_POINT('Ctrl Pts',(-2.3291009135,-1.67080386203683,0.731));
#5665=CARTESIAN_POINT('Ctrl Pts',(-2.28956445420896,-1.66650175045171,0.73));
#5666=CARTESIAN_POINT('Ctrl Pts',(-2.28956445420896,-1.66650175045171,0.731));
#5667=CARTESIAN_POINT('Ctrl Pts',(-2.22568477673939,-1.59307335303057,0.73));
#5668=CARTESIAN_POINT('Ctrl Pts',(-2.22568477673939,-1.59307335303057,0.731));
#5669=CARTESIAN_POINT('Ctrl Pts',(-2.27007868337879,-1.51319104780335,0.73));
#5670=CARTESIAN_POINT('Ctrl Pts',(-2.27007868337879,-1.51319104780335,0.731));
#5671=CARTESIAN_POINT('Ctrl Pts',(-2.29547431136732,-1.48689860263394,0.73));
#5672=CARTESIAN_POINT('Ctrl Pts',(-2.29547431136732,-1.48689860263394,0.731));
#5673=CARTESIAN_POINT('',(-2.3291009135,-1.67080386203683,0.73));
#5674=CARTESIAN_POINT('Ctrl Pts',(-2.3291009135,-1.67080386203683,0.73));
#5675=CARTESIAN_POINT('Ctrl Pts',(-2.28956445420896,-1.66650175045171,0.73));
#5676=CARTESIAN_POINT('Ctrl Pts',(-2.22568477673939,-1.59307335303057,0.73));
#5677=CARTESIAN_POINT('Ctrl Pts',(-2.27007868337879,-1.51319104780335,0.73));
#5678=CARTESIAN_POINT('Ctrl Pts',(-2.29547431136732,-1.48689860263394,0.73));
#5679=CARTESIAN_POINT('',(-2.3291009135,-1.67080386203683,0.731));
#5680=CARTESIAN_POINT('Ctrl Pts',(-2.3291009135,-1.67080386203683,0.731));
#5681=CARTESIAN_POINT('Ctrl Pts',(-2.28956445420896,-1.66650175045171,0.731));
#5682=CARTESIAN_POINT('Ctrl Pts',(-2.22568477673939,-1.59307335303057,0.731));
#5683=CARTESIAN_POINT('Ctrl Pts',(-2.27007868337879,-1.51319104780335,0.731));
#5684=CARTESIAN_POINT('Ctrl Pts',(-2.29547431136732,-1.48689860263394,0.731));
#5685=CARTESIAN_POINT('',(-2.3291009135,-1.67080386203683,0.73));
#5686=CARTESIAN_POINT('Origin',(-2.69,-1.67080386203683,0.73));
#5687=CARTESIAN_POINT('',(-2.69,-1.67080386203683,0.73));
#5688=CARTESIAN_POINT('',(-2.69,-1.67080386203683,0.731));
#5689=CARTESIAN_POINT('Origin',(-2.47045042523212,-1.53494058205552,0.731));
#5690=CARTESIAN_POINT('Origin',(-2.47045042523212,-1.53494058205552,0.73));
#5691=CARTESIAN_POINT('Origin',(-2.39431222547253,-0.784567408336795,0.73));
#5692=CARTESIAN_POINT('',(-2.39431222547253,-0.784567408336795,0.73));
#5693=CARTESIAN_POINT('',(-2.4274906506,-0.784567408336836,0.73));
#5694=CARTESIAN_POINT('',(-2.44688083966696,-0.784567408336989,0.73));
#5695=CARTESIAN_POINT('',(-2.39431222547253,-0.784567408336795,0.731));
#5696=CARTESIAN_POINT('',(-2.39431222547253,-0.784567408336795,0.73));
#5697=CARTESIAN_POINT('',(-2.4274906506,-0.784567408336836,0.731));
#5698=CARTESIAN_POINT('',(-2.44688083966696,-0.784567408336989,0.731));
#5699=CARTESIAN_POINT('',(-2.4274906506,-0.784567408336836,0.73));
#5700=CARTESIAN_POINT('Ctrl Pts',(-2.3913513914,-0.908428965336837,0.73));
#5701=CARTESIAN_POINT('Ctrl Pts',(-2.3913513914,-0.908428965336837,0.731));
#5702=CARTESIAN_POINT('Ctrl Pts',(-2.37103478082938,-0.904137858674473,
0.73));
#5703=CARTESIAN_POINT('Ctrl Pts',(-2.37103478082938,-0.904137858674473,
0.731));
#5704=CARTESIAN_POINT('Ctrl Pts',(-2.3229389256844,-0.896550314657894,0.73));
#5705=CARTESIAN_POINT('Ctrl Pts',(-2.3229389256844,-0.896550314657894,0.731));
#5706=CARTESIAN_POINT('Ctrl Pts',(-2.30745029980921,-0.810388197582896,
0.73));
#5707=CARTESIAN_POINT('Ctrl Pts',(-2.30745029980921,-0.810388197582896,
0.731));
#5708=CARTESIAN_POINT('Ctrl Pts',(-2.36814109888306,-0.787627086969068,
0.73));
#5709=CARTESIAN_POINT('Ctrl Pts',(-2.36814109888306,-0.787627086969068,
0.731));
#5710=CARTESIAN_POINT('Ctrl Pts',(-2.39431222547253,-0.784567408336795,
0.73));
#5711=CARTESIAN_POINT('Ctrl Pts',(-2.39431222547253,-0.784567408336795,
0.731));
#5712=CARTESIAN_POINT('',(-2.3913513914,-0.908428965336837,0.73));
#5713=CARTESIAN_POINT('Ctrl Pts',(-2.3913513914,-0.908428965336837,0.73));
#5714=CARTESIAN_POINT('Ctrl Pts',(-2.37103478082938,-0.904137858674473,
0.73));
#5715=CARTESIAN_POINT('Ctrl Pts',(-2.3229389256844,-0.896550314657894,0.73));
#5716=CARTESIAN_POINT('Ctrl Pts',(-2.30745029980921,-0.810388197582896,
0.73));
#5717=CARTESIAN_POINT('Ctrl Pts',(-2.36814109888306,-0.787627086969068,
0.73));
#5718=CARTESIAN_POINT('Ctrl Pts',(-2.39431222547253,-0.784567408336795,
0.73));
#5719=CARTESIAN_POINT('',(-2.3913513914,-0.908428965336837,0.731));
#5720=CARTESIAN_POINT('',(-2.3913513914,-0.908428965336837,0.73));
#5721=CARTESIAN_POINT('Ctrl Pts',(-2.39431222547253,-0.784567408336795,
0.731));
#5722=CARTESIAN_POINT('Ctrl Pts',(-2.36814109888306,-0.787627086969068,
0.731));
#5723=CARTESIAN_POINT('Ctrl Pts',(-2.30745029980921,-0.810388197582896,
0.731));
#5724=CARTESIAN_POINT('Ctrl Pts',(-2.3229389256844,-0.896550314657894,0.731));
#5725=CARTESIAN_POINT('Ctrl Pts',(-2.37103478082938,-0.904137858674473,
0.731));
#5726=CARTESIAN_POINT('Ctrl Pts',(-2.3913513914,-0.908428965336837,0.731));
#5727=CARTESIAN_POINT('Origin',(-2.4274906506,-0.908428965336838,0.73));
#5728=CARTESIAN_POINT('',(-2.4274906506,-0.908428965336838,0.73));
#5729=CARTESIAN_POINT('',(-2.46347005223057,-0.908428965336839,0.73));
#5730=CARTESIAN_POINT('',(-2.4274906506,-0.908428965336838,0.731));
#5731=CARTESIAN_POINT('',(-2.4274906506,-0.908428965336838,0.73));
#5732=CARTESIAN_POINT('',(-2.46347005223057,-0.908428965336839,0.731));
#5733=CARTESIAN_POINT('Origin',(-2.4274906506,-0.784567408336836,0.73));
#5734=CARTESIAN_POINT('',(-2.4274906506,-0.817215359957547,0.73));
#5735=CARTESIAN_POINT('',(-2.4274906506,-0.817215359957547,0.731));
#5736=CARTESIAN_POINT('Ctrl Pts',(-2.5488083709,-0.907426831036837,0.73));
#5737=CARTESIAN_POINT('Ctrl Pts',(-2.5488083709,-0.907426831036837,0.731));
#5738=CARTESIAN_POINT('Ctrl Pts',(-2.56990586883497,-0.904317325902689,
0.73));
#5739=CARTESIAN_POINT('Ctrl Pts',(-2.56990586883497,-0.904317325902689,
0.731));
#5740=CARTESIAN_POINT('Ctrl Pts',(-2.62787869552982,-0.906974496419814,
0.73));
#5741=CARTESIAN_POINT('Ctrl Pts',(-2.62787869552982,-0.906974496419814,
0.731));
#5742=CARTESIAN_POINT('Ctrl Pts',(-2.64539287736287,-0.802528664033984,
0.73));
#5743=CARTESIAN_POINT('Ctrl Pts',(-2.64539287736287,-0.802528664033984,
0.731));
#5744=CARTESIAN_POINT('Ctrl Pts',(-2.57555195245247,-0.78459528071512,0.73));
#5745=CARTESIAN_POINT('Ctrl Pts',(-2.57555195245247,-0.78459528071512,0.731));
#5746=CARTESIAN_POINT('Ctrl Pts',(-2.54880837091179,-0.782370407383525,
0.73));
#5747=CARTESIAN_POINT('Ctrl Pts',(-2.54880837091179,-0.782370407383525,
0.731));
#5748=CARTESIAN_POINT('',(-2.5488083709,-0.907426831036837,0.73));
#5749=CARTESIAN_POINT('',(-2.5488083709,-0.782370407336837,0.73));
#5750=CARTESIAN_POINT('Ctrl Pts',(-2.5488083709,-0.907426831036837,0.73));
#5751=CARTESIAN_POINT('Ctrl Pts',(-2.56990586883497,-0.904317325902689,
0.73));
#5752=CARTESIAN_POINT('Ctrl Pts',(-2.62787869552982,-0.906974496419814,
0.73));
#5753=CARTESIAN_POINT('Ctrl Pts',(-2.64539287736287,-0.802528664033984,
0.73));
#5754=CARTESIAN_POINT('Ctrl Pts',(-2.57555195245247,-0.78459528071512,0.73));
#5755=CARTESIAN_POINT('Ctrl Pts',(-2.54880837091179,-0.782370407383525,
0.73));
#5756=CARTESIAN_POINT('',(-2.5488083709,-0.782370407336837,0.731));
#5757=CARTESIAN_POINT('',(-2.5488083709,-0.782370407336837,0.73));
#5758=CARTESIAN_POINT('',(-2.5488083709,-0.907426831036837,0.731));
#5759=CARTESIAN_POINT('Ctrl Pts',(-2.5488083709,-0.907426831036837,0.731));
#5760=CARTESIAN_POINT('Ctrl Pts',(-2.56990586883497,-0.904317325902689,
0.731));
#5761=CARTESIAN_POINT('Ctrl Pts',(-2.62787869552982,-0.906974496419814,
0.731));
#5762=CARTESIAN_POINT('Ctrl Pts',(-2.64539287736287,-0.802528664033984,
0.731));
#5763=CARTESIAN_POINT('Ctrl Pts',(-2.57555195245247,-0.78459528071512,0.731));
#5764=CARTESIAN_POINT('Ctrl Pts',(-2.54880837091179,-0.782370407383525,
0.731));
#5765=CARTESIAN_POINT('',(-2.5488083709,-0.907426831036837,0.73));
#5766=CARTESIAN_POINT('Origin',(-2.5488083709,-0.977621106236836,0.73));
#5767=CARTESIAN_POINT('',(-2.5488083709,-0.977621106236836,0.73));
#5768=CARTESIAN_POINT('',(-2.5488083709,-0.977621106236836,0.73));
#5769=CARTESIAN_POINT('',(-2.5488083709,-0.977621106236836,0.731));
#5770=CARTESIAN_POINT('',(-2.5488083709,-0.977621106236836,0.731));
#5771=CARTESIAN_POINT('',(-2.5488083709,-0.977621106236836,0.73));
#5772=CARTESIAN_POINT('Origin',(-2.58892842709901,-0.977621106236836,0.73));
#5773=CARTESIAN_POINT('',(-2.58892842709901,-0.977621106236836,0.73));
#5774=CARTESIAN_POINT('',(-2.58892842709901,-0.977621106236836,0.73));
#5775=CARTESIAN_POINT('',(-2.58892842709901,-0.977621106236836,0.731));
#5776=CARTESIAN_POINT('',(-2.58892842709901,-0.977621106236836,0.731));
#5777=CARTESIAN_POINT('',(-2.58892842709901,-0.977621106236836,0.73));
#5778=CARTESIAN_POINT('Ctrl Pts',(-2.5382825144,-0.711952564736837,0.73));
#5779=CARTESIAN_POINT('Ctrl Pts',(-2.5382825144,-0.711952564736837,0.731));
#5780=CARTESIAN_POINT('Ctrl Pts',(-2.59057758491142,-0.713022975931989,
0.73));
#5781=CARTESIAN_POINT('Ctrl Pts',(-2.59057758491142,-0.713022975931989,
0.731));
#5782=CARTESIAN_POINT('Ctrl Pts',(-2.68310215935055,-0.743977200411303,
0.73));
#5783=CARTESIAN_POINT('Ctrl Pts',(-2.68310215935055,-0.743977200411303,
0.731));
#5784=CARTESIAN_POINT('Ctrl Pts',(-2.71104924324278,-0.846536126462155,
0.73));
#5785=CARTESIAN_POINT('Ctrl Pts',(-2.71104924324278,-0.846536126462155,
0.731));
#5786=CARTESIAN_POINT('Ctrl Pts',(-2.68878177729337,-0.928920005746085,
0.73));
#5787=CARTESIAN_POINT('Ctrl Pts',(-2.68878177729337,-0.928920005746085,
0.731));
#5788=CARTESIAN_POINT('Ctrl Pts',(-2.63677556844912,-0.970513055685111,
0.73));
#5789=CARTESIAN_POINT('Ctrl Pts',(-2.63677556844912,-0.970513055685111,
0.731));
#5790=CARTESIAN_POINT('Ctrl Pts',(-2.58892842709901,-0.977621106236836,
0.73));
#5791=CARTESIAN_POINT('Ctrl Pts',(-2.58892842709901,-0.977621106236836,
0.731));
#5792=CARTESIAN_POINT('',(-2.5382825144,-0.711952564736837,0.73));
#5793=CARTESIAN_POINT('Ctrl Pts',(-2.5382825144,-0.711952564736837,0.73));
#5794=CARTESIAN_POINT('Ctrl Pts',(-2.59057758491142,-0.713022975931989,
0.73));
#5795=CARTESIAN_POINT('Ctrl Pts',(-2.68310215935055,-0.743977200411303,
0.73));
#5796=CARTESIAN_POINT('Ctrl Pts',(-2.71104924324278,-0.846536126462155,
0.73));
#5797=CARTESIAN_POINT('Ctrl Pts',(-2.68878177729337,-0.928920005746085,
0.73));
#5798=CARTESIAN_POINT('Ctrl Pts',(-2.63677556844912,-0.970513055685111,
0.73));
#5799=CARTESIAN_POINT('Ctrl Pts',(-2.58892842709901,-0.977621106236836,
0.73));
#5800=CARTESIAN_POINT('',(-2.5382825144,-0.711952564736837,0.731));
#5801=CARTESIAN_POINT('Ctrl Pts',(-2.5382825144,-0.711952564736837,0.731));
#5802=CARTESIAN_POINT('Ctrl Pts',(-2.59057758491142,-0.713022975931989,
0.731));
#5803=CARTESIAN_POINT('Ctrl Pts',(-2.68310215935055,-0.743977200411303,
0.731));
#5804=CARTESIAN_POINT('Ctrl Pts',(-2.71104924324278,-0.846536126462155,
0.731));
#5805=CARTESIAN_POINT('Ctrl Pts',(-2.68878177729337,-0.928920005746085,
0.731));
#5806=CARTESIAN_POINT('Ctrl Pts',(-2.63677556844912,-0.970513055685111,
0.731));
#5807=CARTESIAN_POINT('Ctrl Pts',(-2.58892842709901,-0.977621106236836,
0.731));
#5808=CARTESIAN_POINT('',(-2.5382825144,-0.711952564736837,0.73));
#5809=CARTESIAN_POINT('Origin',(-2.42749065056684,-0.711952564732057,0.73));
#5810=CARTESIAN_POINT('',(-2.42749065056684,-0.711952564732057,0.73));
#5811=CARTESIAN_POINT('',(-2.42749065056684,-0.711952564732057,0.73));
#5812=CARTESIAN_POINT('',(-2.42749065056684,-0.711952564732057,0.731));
#5813=CARTESIAN_POINT('',(-2.42749065056684,-0.711952564732057,0.731));
#5814=CARTESIAN_POINT('',(-2.42749065056684,-0.711952564732057,0.73));
#5815=CARTESIAN_POINT('Ctrl Pts',(-2.4363389824,-0.984403959836835,0.73));
#5816=CARTESIAN_POINT('Ctrl Pts',(-2.4363389824,-0.984403959836835,0.731));
#5817=CARTESIAN_POINT('Ctrl Pts',(-2.39142707965144,-0.983805060956513,
0.73));
#5818=CARTESIAN_POINT('Ctrl Pts',(-2.39142707965144,-0.983805060956513,
0.731));
#5819=CARTESIAN_POINT('Ctrl Pts',(-2.31384092477512,-0.974551026314038,
0.73));
#5820=CARTESIAN_POINT('Ctrl Pts',(-2.31384092477512,-0.974551026314038,
0.731));
#5821=CARTESIAN_POINT('Ctrl Pts',(-2.24604898309115,-0.894765083893164,
0.73));
#5822=CARTESIAN_POINT('Ctrl Pts',(-2.24604898309115,-0.894765083893164,
0.731));
#5823=CARTESIAN_POINT('Ctrl Pts',(-2.24748090271757,-0.817091956689901,
0.73));
#5824=CARTESIAN_POINT('Ctrl Pts',(-2.24748090271757,-0.817091956689901,
0.731));
#5825=CARTESIAN_POINT('Ctrl Pts',(-2.30133181241882,-0.733241011556676,
0.73));
#5826=CARTESIAN_POINT('Ctrl Pts',(-2.30133181241882,-0.733241011556676,
0.731));
#5827=CARTESIAN_POINT('Ctrl Pts',(-2.37868831655032,-0.711170741109833,
0.73));
#5828=CARTESIAN_POINT('Ctrl Pts',(-2.37868831655032,-0.711170741109833,
0.731));
#5829=CARTESIAN_POINT('Ctrl Pts',(-2.42749065056684,-0.711952564732057,
0.73));
#5830=CARTESIAN_POINT('Ctrl Pts',(-2.42749065056684,-0.711952564732057,
0.731));
#5831=CARTESIAN_POINT('',(-2.4363389824,-0.984403959836835,0.73));
#5832=CARTESIAN_POINT('Ctrl Pts',(-2.4363389824,-0.984403959836835,0.73));
#5833=CARTESIAN_POINT('Ctrl Pts',(-2.39142707965144,-0.983805060956513,
0.73));
#5834=CARTESIAN_POINT('Ctrl Pts',(-2.31384092477512,-0.974551026314038,
0.73));
#5835=CARTESIAN_POINT('Ctrl Pts',(-2.24604898309115,-0.894765083893164,
0.73));
#5836=CARTESIAN_POINT('Ctrl Pts',(-2.24748090271757,-0.817091956689901,
0.73));
#5837=CARTESIAN_POINT('Ctrl Pts',(-2.30133181241882,-0.733241011556676,
0.73));
#5838=CARTESIAN_POINT('Ctrl Pts',(-2.37868831655032,-0.711170741109833,
0.73));
#5839=CARTESIAN_POINT('Ctrl Pts',(-2.42749065056684,-0.711952564732057,
0.73));
#5840=CARTESIAN_POINT('',(-2.4363389824,-0.984403959836835,0.731));
#5841=CARTESIAN_POINT('Ctrl Pts',(-2.4363389824,-0.984403959836835,0.731));
#5842=CARTESIAN_POINT('Ctrl Pts',(-2.39142707965144,-0.983805060956513,
0.731));
#5843=CARTESIAN_POINT('Ctrl Pts',(-2.31384092477512,-0.974551026314038,
0.731));
#5844=CARTESIAN_POINT('Ctrl Pts',(-2.24604898309115,-0.894765083893164,
0.731));
#5845=CARTESIAN_POINT('Ctrl Pts',(-2.24748090271757,-0.817091956689901,
0.731));
#5846=CARTESIAN_POINT('Ctrl Pts',(-2.30133181241882,-0.733241011556676,
0.731));
#5847=CARTESIAN_POINT('Ctrl Pts',(-2.37868831655032,-0.711170741109833,
0.731));
#5848=CARTESIAN_POINT('Ctrl Pts',(-2.42749065056684,-0.711952564732057,
0.731));
#5849=CARTESIAN_POINT('',(-2.4363389824,-0.984403959836835,0.73));
#5850=CARTESIAN_POINT('Origin',(-2.4933588246,-0.984403959836835,0.73));
#5851=CARTESIAN_POINT('',(-2.4933588246,-0.984403959836835,0.73));
#5852=CARTESIAN_POINT('',(-2.4933588246,-0.984403959836835,0.73));
#5853=CARTESIAN_POINT('',(-2.4933588246,-0.984403959836835,0.731));
#5854=CARTESIAN_POINT('',(-2.4933588246,-0.984403959836835,0.731));
#5855=CARTESIAN_POINT('',(-2.4933588246,-0.984403959836835,0.73));
#5856=CARTESIAN_POINT('Origin',(-2.4933588246,-0.782370407336837,0.73));
#5857=CARTESIAN_POINT('',(-2.4933588246,-0.782370407336837,0.73));
#5858=CARTESIAN_POINT('',(-2.4933588246,-0.782370407336837,0.73));
#5859=CARTESIAN_POINT('',(-2.4933588246,-0.782370407336837,0.731));
#5860=CARTESIAN_POINT('',(-2.4933588246,-0.782370407336837,0.731));
#5861=CARTESIAN_POINT('',(-2.4933588246,-0.782370407336837,0.73));
#5862=CARTESIAN_POINT('Origin',(-2.5488083709,-0.782370407336837,0.73));
#5863=CARTESIAN_POINT('',(-2.5488083709,-0.782370407336837,0.73));
#5864=CARTESIAN_POINT('',(-2.5488083709,-0.782370407336837,0.731));
#5865=CARTESIAN_POINT('Origin',(-2.49944945386114,-0.849863311578259,0.731));
#5866=CARTESIAN_POINT('Origin',(-2.49944945386114,-0.849863311578259,0.73));
#5867=CARTESIAN_POINT('Origin',(-2.29547431136732,-0.453669110395255,0.73));
#5868=CARTESIAN_POINT('',(-2.29547431136732,-0.453669110395255,0.73));
#5869=CARTESIAN_POINT('',(-2.2594817974,-0.453669110436835,0.73));
#5870=CARTESIAN_POINT('',(-2.29547431136732,-0.453669110395255,0.73));
#5871=CARTESIAN_POINT('',(-2.2594817974,-0.453669110436835,0.731));
#5872=CARTESIAN_POINT('',(-2.2594817974,-0.453669110436835,0.73));
#5873=CARTESIAN_POINT('',(-2.29547431136732,-0.453669110395255,0.731));
#5874=CARTESIAN_POINT('',(-2.29547431136732,-0.453669110395255,0.731));
#5875=CARTESIAN_POINT('',(-2.29547431136732,-0.453669110395255,0.73));
#5876=CARTESIAN_POINT('Ctrl Pts',(-2.3291009135,-0.637574369836838,0.73));
#5877=CARTESIAN_POINT('Ctrl Pts',(-2.3291009135,-0.637574369836838,0.731));
#5878=CARTESIAN_POINT('Ctrl Pts',(-2.28956445420896,-0.63327225821303,0.73));
#5879=CARTESIAN_POINT('Ctrl Pts',(-2.28956445420896,-0.63327225821303,0.731));
#5880=CARTESIAN_POINT('Ctrl Pts',(-2.22568477673939,-0.55984386079188,0.73));
#5881=CARTESIAN_POINT('Ctrl Pts',(-2.22568477673939,-0.55984386079188,0.731));
#5882=CARTESIAN_POINT('Ctrl Pts',(-2.27007868337879,-0.479961555564668,
0.73));
#5883=CARTESIAN_POINT('Ctrl Pts',(-2.27007868337879,-0.479961555564668,
0.731));
#5884=CARTESIAN_POINT('Ctrl Pts',(-2.29547431136732,-0.453669110395255,
0.73));
#5885=CARTESIAN_POINT('Ctrl Pts',(-2.29547431136732,-0.453669110395255,
0.731));
#5886=CARTESIAN_POINT('',(-2.3291009135,-0.637574369836838,0.73));
#5887=CARTESIAN_POINT('Ctrl Pts',(-2.3291009135,-0.637574369836838,0.73));
#5888=CARTESIAN_POINT('Ctrl Pts',(-2.28956445420896,-0.63327225821303,0.73));
#5889=CARTESIAN_POINT('Ctrl Pts',(-2.22568477673939,-0.55984386079188,0.73));
#5890=CARTESIAN_POINT('Ctrl Pts',(-2.27007868337879,-0.479961555564668,
0.73));
#5891=CARTESIAN_POINT('Ctrl Pts',(-2.29547431136732,-0.453669110395255,
0.73));
#5892=CARTESIAN_POINT('',(-2.3291009135,-0.637574369836838,0.731));
#5893=CARTESIAN_POINT('Ctrl Pts',(-2.3291009135,-0.637574369836838,0.731));
#5894=CARTESIAN_POINT('Ctrl Pts',(-2.28956445420896,-0.63327225821303,0.731));
#5895=CARTESIAN_POINT('Ctrl Pts',(-2.22568477673939,-0.55984386079188,0.731));
#5896=CARTESIAN_POINT('Ctrl Pts',(-2.27007868337879,-0.479961555564668,
0.731));
#5897=CARTESIAN_POINT('Ctrl Pts',(-2.29547431136732,-0.453669110395255,
0.731));
#5898=CARTESIAN_POINT('',(-2.3291009135,-0.637574369836838,0.73));
#5899=CARTESIAN_POINT('Origin',(-2.69,-0.637574369836838,0.73));
#5900=CARTESIAN_POINT('',(-2.69,-0.637574369836838,0.73));
#5901=CARTESIAN_POINT('',(-2.69,-0.637574369836838,0.73));
#5902=CARTESIAN_POINT('',(-2.69,-0.637574369836838,0.731));
#5903=CARTESIAN_POINT('',(-2.69,-0.637574369836838,0.731));
#5904=CARTESIAN_POINT('',(-2.69,-0.637574369836838,0.73));
#5905=CARTESIAN_POINT('Origin',(-2.69,-0.557252195836835,0.73));
#5906=CARTESIAN_POINT('',(-2.69,-0.557252195836835,0.73));
#5907=CARTESIAN_POINT('',(-2.69,-0.557252195836835,0.73));
#5908=CARTESIAN_POINT('',(-2.69,-0.557252195836835,0.731));
#5909=CARTESIAN_POINT('',(-2.69,-0.557252195836835,0.731));
#5910=CARTESIAN_POINT('',(-2.69,-0.557252195836835,0.73));
#5911=CARTESIAN_POINT('Origin',(-2.37333718403219,-0.557252195790561,0.73));
#5912=CARTESIAN_POINT('',(-2.37333718403219,-0.557252195790561,0.73));
#5913=CARTESIAN_POINT('',(-2.37333718403219,-0.557252195790561,0.73));
#5914=CARTESIAN_POINT('',(-2.37333718403219,-0.557252195790561,0.731));
#5915=CARTESIAN_POINT('',(-2.37333718403219,-0.557252195790561,0.731));
#5916=CARTESIAN_POINT('',(-2.37333718403219,-0.557252195790561,0.73));
#5917=CARTESIAN_POINT('Ctrl Pts',(-2.3698608255,-0.453669110436835,0.73));
#5918=CARTESIAN_POINT('Ctrl Pts',(-2.3698608255,-0.453669110436835,0.731));
#5919=CARTESIAN_POINT('Ctrl Pts',(-2.31120052938642,-0.455102572880705,
0.73));
#5920=CARTESIAN_POINT('Ctrl Pts',(-2.31120052938642,-0.455102572880705,
0.731));
#5921=CARTESIAN_POINT('Ctrl Pts',(-2.30871853510705,-0.558295874629153,
0.73));
#5922=CARTESIAN_POINT('Ctrl Pts',(-2.30871853510705,-0.558295874629153,
0.731));
#5923=CARTESIAN_POINT('Ctrl Pts',(-2.37333718403219,-0.557252195790561,
0.73));
#5924=CARTESIAN_POINT('Ctrl Pts',(-2.37333718403219,-0.557252195790561,
0.731));
#5925=CARTESIAN_POINT('',(-2.3698608255,-0.453669110436835,0.73));
#5926=CARTESIAN_POINT('Ctrl Pts',(-2.3698608255,-0.453669110436835,0.73));
#5927=CARTESIAN_POINT('Ctrl Pts',(-2.31120052938642,-0.455102572880705,
0.73));
#5928=CARTESIAN_POINT('Ctrl Pts',(-2.30871853510705,-0.558295874629153,
0.73));
#5929=CARTESIAN_POINT('Ctrl Pts',(-2.37333718403219,-0.557252195790561,
0.73));
#5930=CARTESIAN_POINT('',(-2.3698608255,-0.453669110436835,0.731));
#5931=CARTESIAN_POINT('Ctrl Pts',(-2.3698608255,-0.453669110436835,0.731));
#5932=CARTESIAN_POINT('Ctrl Pts',(-2.31120052938642,-0.455102572880705,
0.731));
#5933=CARTESIAN_POINT('Ctrl Pts',(-2.30871853510705,-0.558295874629153,
0.731));
#5934=CARTESIAN_POINT('Ctrl Pts',(-2.37333718403219,-0.557252195790561,
0.731));
#5935=CARTESIAN_POINT('',(-2.3698608255,-0.453669110436835,0.73));
#5936=CARTESIAN_POINT('Origin',(-2.6906050762,-0.453669110436835,0.73));
#5937=CARTESIAN_POINT('',(-2.6906050762,-0.453669110436835,0.73));
#5938=CARTESIAN_POINT('',(-2.6906050762,-0.453669110436835,0.73));
#5939=CARTESIAN_POINT('',(-2.6906050762,-0.453669110436835,0.731));
#5940=CARTESIAN_POINT('',(-2.6906050762,-0.453669110436835,0.731));
#5941=CARTESIAN_POINT('',(-2.6906050762,-0.453669110436835,0.73));
#5942=CARTESIAN_POINT('Origin',(-2.6906050762,-0.371962885036837,0.73));
#5943=CARTESIAN_POINT('',(-2.6906050762,-0.371962885036837,0.73));
#5944=CARTESIAN_POINT('',(-2.6906050762,-0.371962885036837,0.73));
#5945=CARTESIAN_POINT('',(-2.6906050762,-0.371962885036837,0.731));
#5946=CARTESIAN_POINT('',(-2.6906050762,-0.371962885036837,0.731));
#5947=CARTESIAN_POINT('',(-2.6906050762,-0.371962885036837,0.73));
#5948=CARTESIAN_POINT('Origin',(-2.2594817974,-0.371962885036837,0.73));
#5949=CARTESIAN_POINT('',(-2.2594817974,-0.371962885036837,0.73));
#5950=CARTESIAN_POINT('',(-2.2594817974,-0.371962885036837,0.73));
#5951=CARTESIAN_POINT('',(-2.2594817974,-0.371962885036837,0.731));
#5952=CARTESIAN_POINT('',(-2.2594817974,-0.371962885036837,0.731));
#5953=CARTESIAN_POINT('',(-2.2594817974,-0.371962885036837,0.73));
#5954=CARTESIAN_POINT('Origin',(-2.2594817974,-0.453669110436835,0.73));
#5955=CARTESIAN_POINT('',(-2.2594817974,-0.453669110436835,0.73));
#5956=CARTESIAN_POINT('',(-2.2594817974,-0.453669110436835,0.731));
#5957=CARTESIAN_POINT('Origin',(-2.47045042523266,-0.501711089816256,0.731));
#5958=CARTESIAN_POINT('Origin',(-2.47045042523266,-0.501711089816256,0.73));
#5959=CARTESIAN_POINT('Origin',(-2.2600868736,-0.191937456336836,0.73));
#5960=CARTESIAN_POINT('',(-2.2600868736,-0.191937456336836,0.73));
#5961=CARTESIAN_POINT('',(-2.6906050762,-0.191937456336836,0.73));
#5962=CARTESIAN_POINT('',(-2.2600868736,-0.191937456336836,0.73));
#5963=CARTESIAN_POINT('',(-2.6906050762,-0.191937456336836,0.731));
#5964=CARTESIAN_POINT('',(-2.6906050762,-0.191937456336836,0.73));
#5965=CARTESIAN_POINT('',(-2.2600868736,-0.191937456336836,0.731));
#5966=CARTESIAN_POINT('',(-2.2600868736,-0.191937456336836,0.731));
#5967=CARTESIAN_POINT('',(-2.2600868736,-0.191937456336836,0.73));
#5968=CARTESIAN_POINT('Origin',(-2.2600868736,-0.272972578336838,0.73));
#5969=CARTESIAN_POINT('',(-2.2600868736,-0.272972578336838,0.73));
#5970=CARTESIAN_POINT('',(-2.2600868736,-0.272972578336838,0.73));
#5971=CARTESIAN_POINT('',(-2.2600868736,-0.272972578336838,0.731));
#5972=CARTESIAN_POINT('',(-2.2600868736,-0.272972578336838,0.731));
#5973=CARTESIAN_POINT('',(-2.2600868736,-0.272972578336838,0.73));
#5974=CARTESIAN_POINT('Origin',(-2.6906050762,-0.272972578336838,0.73));
#5975=CARTESIAN_POINT('',(-2.6906050762,-0.272972578336838,0.73));
#5976=CARTESIAN_POINT('',(-2.6906050762,-0.272972578336838,0.73));
#5977=CARTESIAN_POINT('',(-2.6906050762,-0.272972578336838,0.731));
#5978=CARTESIAN_POINT('',(-2.6906050762,-0.272972578336838,0.731));
#5979=CARTESIAN_POINT('',(-2.6906050762,-0.272972578336838,0.73));
#5980=CARTESIAN_POINT('Origin',(-2.6906050762,-0.191937456336836,0.73));
#5981=CARTESIAN_POINT('',(-2.6906050762,-0.191937456336836,0.73));
#5982=CARTESIAN_POINT('',(-2.6906050762,-0.191937456336836,0.731));
#5983=CARTESIAN_POINT('Origin',(-2.4753459749,-0.232455017336837,0.731));
#5984=CARTESIAN_POINT('Origin',(-2.4753459749,-0.232455017336837,0.73));
#5985=CARTESIAN_POINT('Origin',(-2.2600868736,0.286946838363164,0.73));
#5986=CARTESIAN_POINT('',(-2.2600868736,0.286946838363164,0.73));
#5987=CARTESIAN_POINT('',(-2.2600868736,0.368653063663163,0.73));
#5988=CARTESIAN_POINT('',(-2.2600868736,0.286946838363164,0.73));
#5989=CARTESIAN_POINT('',(-2.2600868736,0.368653063663163,0.731));
#5990=CARTESIAN_POINT('',(-2.2600868736,0.368653063663163,0.73));
#5991=CARTESIAN_POINT('',(-2.2600868736,0.286946838363164,0.731));
#5992=CARTESIAN_POINT('',(-2.2600868736,0.286946838363164,0.731));
#5993=CARTESIAN_POINT('',(-2.2600868736,0.286946838363164,0.73));
#5994=CARTESIAN_POINT('Origin',(-2.29607938751176,0.286946838387577,0.73));
#5995=CARTESIAN_POINT('',(-2.29607938751176,0.286946838387577,0.73));
#5996=CARTESIAN_POINT('',(-2.29607938751176,0.286946838387577,0.73));
#5997=CARTESIAN_POINT('',(-2.29607938751176,0.286946838387577,0.731));
#5998=CARTESIAN_POINT('',(-2.29607938751176,0.286946838387577,0.731));
#5999=CARTESIAN_POINT('',(-2.29607938751176,0.286946838387577,0.73));
#6000=CARTESIAN_POINT('Ctrl Pts',(-2.32970598970001,0.103041578963164,0.73));
#6001=CARTESIAN_POINT('Ctrl Pts',(-2.32970598970001,0.103041578963164,0.731));
#6002=CARTESIAN_POINT('Ctrl Pts',(-2.29016953035341,0.107343690569804,0.73));
#6003=CARTESIAN_POINT('Ctrl Pts',(-2.29016953035341,0.107343690569804,0.731));
#6004=CARTESIAN_POINT('Ctrl Pts',(-2.22628985288383,0.180772087990954,0.73));
#6005=CARTESIAN_POINT('Ctrl Pts',(-2.22628985288383,0.180772087990954,0.731));
#6006=CARTESIAN_POINT('Ctrl Pts',(-2.27068375952323,0.260654393218168,0.73));
#6007=CARTESIAN_POINT('Ctrl Pts',(-2.27068375952323,0.260654393218168,0.731));
#6008=CARTESIAN_POINT('Ctrl Pts',(-2.29607938751176,0.286946838387577,0.73));
#6009=CARTESIAN_POINT('Ctrl Pts',(-2.29607938751176,0.286946838387577,0.731));
#6010=CARTESIAN_POINT('',(-2.32970598970001,0.103041578963164,0.73));
#6011=CARTESIAN_POINT('Ctrl Pts',(-2.32970598970001,0.103041578963164,0.73));
#6012=CARTESIAN_POINT('Ctrl Pts',(-2.29016953035341,0.107343690569804,0.73));
#6013=CARTESIAN_POINT('Ctrl Pts',(-2.22628985288383,0.180772087990954,0.73));
#6014=CARTESIAN_POINT('Ctrl Pts',(-2.27068375952323,0.260654393218168,0.73));
#6015=CARTESIAN_POINT('Ctrl Pts',(-2.29607938751176,0.286946838387577,0.73));
#6016=CARTESIAN_POINT('',(-2.32970598970001,0.103041578963164,0.731));
#6017=CARTESIAN_POINT('Ctrl Pts',(-2.32970598970001,0.103041578963164,0.731));
#6018=CARTESIAN_POINT('Ctrl Pts',(-2.29016953035341,0.107343690569804,0.731));
#6019=CARTESIAN_POINT('Ctrl Pts',(-2.22628985288383,0.180772087990954,0.731));
#6020=CARTESIAN_POINT('Ctrl Pts',(-2.27068375952323,0.260654393218168,0.731));
#6021=CARTESIAN_POINT('Ctrl Pts',(-2.29607938751176,0.286946838387577,0.731));
#6022=CARTESIAN_POINT('',(-2.32970598970001,0.103041578963164,0.73));
#6023=CARTESIAN_POINT('Origin',(-2.6906050762,0.103041578963165,0.73));
#6024=CARTESIAN_POINT('',(-2.6906050762,0.103041578963165,0.73));
#6025=CARTESIAN_POINT('',(-2.6906050762,0.103041578963165,0.73));
#6026=CARTESIAN_POINT('',(-2.6906050762,0.103041578963165,0.731));
#6027=CARTESIAN_POINT('',(-2.6906050762,0.103041578963165,0.731));
#6028=CARTESIAN_POINT('',(-2.6906050762,0.103041578963165,0.73));
#6029=CARTESIAN_POINT('Origin',(-2.6906050762,0.183363752963165,0.73));
#6030=CARTESIAN_POINT('',(-2.6906050762,0.183363752963165,0.73));
#6031=CARTESIAN_POINT('',(-2.6906050762,0.183363752963165,0.73));
#6032=CARTESIAN_POINT('',(-2.6906050762,0.183363752963165,0.731));
#6033=CARTESIAN_POINT('',(-2.6906050762,0.183363752963165,0.731));
#6034=CARTESIAN_POINT('',(-2.6906050762,0.183363752963165,0.73));
#6035=CARTESIAN_POINT('Origin',(-2.37394226017663,0.183363752992274,0.73));
#6036=CARTESIAN_POINT('',(-2.37394226017663,0.183363752992274,0.73));
#6037=CARTESIAN_POINT('',(-2.37394226017663,0.183363752992274,0.73));
#6038=CARTESIAN_POINT('',(-2.37394226017663,0.183363752992274,0.731));
#6039=CARTESIAN_POINT('',(-2.37394226017663,0.183363752992274,0.731));
#6040=CARTESIAN_POINT('',(-2.37394226017663,0.183363752992274,0.73));
#6041=CARTESIAN_POINT('Ctrl Pts',(-2.3704659016,0.286946838363164,0.73));
#6042=CARTESIAN_POINT('Ctrl Pts',(-2.3704659016,0.286946838363164,0.731));
#6043=CARTESIAN_POINT('Ctrl Pts',(-2.31180560553087,0.285513375902129,0.73));
#6044=CARTESIAN_POINT('Ctrl Pts',(-2.31180560553087,0.285513375902129,0.731));
#6045=CARTESIAN_POINT('Ctrl Pts',(-2.30932361125149,0.182320074153681,0.73));
#6046=CARTESIAN_POINT('Ctrl Pts',(-2.30932361125149,0.182320074153681,0.731));
#6047=CARTESIAN_POINT('Ctrl Pts',(-2.37394226017663,0.183363752992274,0.73));
#6048=CARTESIAN_POINT('Ctrl Pts',(-2.37394226017663,0.183363752992274,0.731));
#6049=CARTESIAN_POINT('',(-2.3704659016,0.286946838363164,0.73));
#6050=CARTESIAN_POINT('Ctrl Pts',(-2.3704659016,0.286946838363164,0.73));
#6051=CARTESIAN_POINT('Ctrl Pts',(-2.31180560553087,0.285513375902129,0.73));
#6052=CARTESIAN_POINT('Ctrl Pts',(-2.30932361125149,0.182320074153681,0.73));
#6053=CARTESIAN_POINT('Ctrl Pts',(-2.37394226017663,0.183363752992274,0.73));
#6054=CARTESIAN_POINT('',(-2.3704659016,0.286946838363164,0.731));
#6055=CARTESIAN_POINT('Ctrl Pts',(-2.3704659016,0.286946838363164,0.731));
#6056=CARTESIAN_POINT('Ctrl Pts',(-2.31180560553087,0.285513375902129,0.731));
#6057=CARTESIAN_POINT('Ctrl Pts',(-2.30932361125149,0.182320074153681,0.731));
#6058=CARTESIAN_POINT('Ctrl Pts',(-2.37394226017663,0.183363752992274,0.731));
#6059=CARTESIAN_POINT('',(-2.3704659016,0.286946838363164,0.73));
#6060=CARTESIAN_POINT('Origin',(-2.6912101523,0.286946838363164,0.73));
#6061=CARTESIAN_POINT('',(-2.6912101523,0.286946838363164,0.73));
#6062=CARTESIAN_POINT('',(-2.6912101523,0.286946838363164,0.73));
#6063=CARTESIAN_POINT('',(-2.6912101523,0.286946838363164,0.731));
#6064=CARTESIAN_POINT('',(-2.6912101523,0.286946838363164,0.731));
#6065=CARTESIAN_POINT('',(-2.6912101523,0.286946838363164,0.73));
#6066=CARTESIAN_POINT('Origin',(-2.6912101523,0.368653063663164,0.73));
#6067=CARTESIAN_POINT('',(-2.6912101523,0.368653063663164,0.73));
#6068=CARTESIAN_POINT('',(-2.6912101523,0.368653063663164,0.73));
#6069=CARTESIAN_POINT('',(-2.6912101523,0.368653063663164,0.731));
#6070=CARTESIAN_POINT('',(-2.6912101523,0.368653063663164,0.731));
#6071=CARTESIAN_POINT('',(-2.6912101523,0.368653063663164,0.73));
#6072=CARTESIAN_POINT('Origin',(-2.2600868736,0.368653063663163,0.73));
#6073=CARTESIAN_POINT('',(-2.2600868736,0.368653063663163,0.73));
#6074=CARTESIAN_POINT('',(-2.2600868736,0.368653063663163,0.731));
#6075=CARTESIAN_POINT('Origin',(-2.4710555013919,0.238904858935694,0.731));
#6076=CARTESIAN_POINT('Origin',(-2.4710555013919,0.238904858935694,0.73));
#6077=CARTESIAN_POINT('Origin',(-2.3233653898,-0.143691536836837,0.73));
#6078=CARTESIAN_POINT('',(-2.3233653898,-0.143691536836837,0.73));
#6079=CARTESIAN_POINT('',(-2.2600868736,-0.143691536836837,0.73));
#6080=CARTESIAN_POINT('',(-2.3233653898,-0.143691536836837,0.73));
#6081=CARTESIAN_POINT('',(-2.2600868736,-0.143691536836837,0.731));
#6082=CARTESIAN_POINT('',(-2.2600868736,-0.143691536836837,0.73));
#6083=CARTESIAN_POINT('',(-2.3233653898,-0.143691536836837,0.731));
#6084=CARTESIAN_POINT('',(-2.3233653898,-0.143691536836837,0.731));
#6085=CARTESIAN_POINT('',(-2.3233653898,-0.143691536836837,0.73));
#6086=CARTESIAN_POINT('Origin',(-2.3233653898,-0.0803739780368357,0.73));
#6087=CARTESIAN_POINT('',(-2.3233653898,-0.0803739780368357,0.73));
#6088=CARTESIAN_POINT('',(-2.3233653898,-0.0803739780368357,0.73));
#6089=CARTESIAN_POINT('',(-2.3233653898,-0.0803739780368357,0.731));
#6090=CARTESIAN_POINT('',(-2.3233653898,-0.0803739780368357,0.731));
#6091=CARTESIAN_POINT('',(-2.3233653898,-0.0803739780368357,0.73));
#6092=CARTESIAN_POINT('Origin',(-2.6906050762,-0.0803739780368358,0.73));
#6093=CARTESIAN_POINT('',(-2.6906050762,-0.0803739780368358,0.73));
#6094=CARTESIAN_POINT('',(-2.6906050762,-0.0803739780368358,0.73));
#6095=CARTESIAN_POINT('',(-2.6906050762,-0.0803739780368358,0.731));
#6096=CARTESIAN_POINT('',(-2.6906050762,-0.0803739780368358,0.731));
#6097=CARTESIAN_POINT('',(-2.6906050762,-0.0803739780368358,0.73));
#6098=CARTESIAN_POINT('Origin',(-2.6906050762,0.00162496776316501,0.73));
#6099=CARTESIAN_POINT('',(-2.6906050762,0.00162496776316501,0.73));
#6100=CARTESIAN_POINT('',(-2.6906050762,0.00162496776316501,0.73));
#6101=CARTESIAN_POINT('',(-2.6906050762,0.00162496776316501,0.731));
#6102=CARTESIAN_POINT('',(-2.6906050762,0.00162496776316501,0.731));
#6103=CARTESIAN_POINT('',(-2.6906050762,0.00162496776316501,0.73));
#6104=CARTESIAN_POINT('Origin',(-2.3233653898,0.00162496776316512,0.73));
#6105=CARTESIAN_POINT('',(-2.3233653898,0.00162496776316512,0.73));
#6106=CARTESIAN_POINT('',(-2.3233653898,0.00162496776316512,0.73));
#6107=CARTESIAN_POINT('',(-2.3233653898,0.00162496776316512,0.731));
#6108=CARTESIAN_POINT('',(-2.3233653898,0.00162496776316512,0.731));
#6109=CARTESIAN_POINT('',(-2.3233653898,0.00162496776316512,0.73));
#6110=CARTESIAN_POINT('Origin',(-2.3233653898,0.0448113991631637,0.73));
#6111=CARTESIAN_POINT('',(-2.3233653898,0.0448113991631637,0.73));
#6112=CARTESIAN_POINT('',(-2.3233653898,0.0448113991631637,0.73));
#6113=CARTESIAN_POINT('',(-2.3233653898,0.0448113991631637,0.731));
#6114=CARTESIAN_POINT('',(-2.3233653898,0.0448113991631637,0.731));
#6115=CARTESIAN_POINT('',(-2.3233653898,0.0448113991631637,0.73));
#6116=CARTESIAN_POINT('Origin',(-2.2600868736,0.0448113991631635,0.73));
#6117=CARTESIAN_POINT('',(-2.2600868736,0.0448113991631635,0.73));
#6118=CARTESIAN_POINT('',(-2.2600868736,0.0448113991631635,0.73));
#6119=CARTESIAN_POINT('',(-2.2600868736,0.0448113991631635,0.731));
#6120=CARTESIAN_POINT('',(-2.2600868736,0.0448113991631635,0.731));
#6121=CARTESIAN_POINT('',(-2.2600868736,0.0448113991631635,0.73));
#6122=CARTESIAN_POINT('Origin',(-2.26008687360001,0.0016249677631649,0.73));
#6123=CARTESIAN_POINT('',(-2.26008687360001,0.0016249677631649,0.73));
#6124=CARTESIAN_POINT('',(-2.26008687360001,0.0016249677631649,0.73));
#6125=CARTESIAN_POINT('',(-2.26008687360001,0.0016249677631649,0.731));
#6126=CARTESIAN_POINT('',(-2.26008687360001,0.0016249677631649,0.731));
#6127=CARTESIAN_POINT('',(-2.26008687360001,0.0016249677631649,0.73));
#6128=CARTESIAN_POINT('Origin',(-2.08610123944164,0.00162496772789522,0.73));
#6129=CARTESIAN_POINT('',(-2.08610123944164,0.00162496772789522,0.73));
#6130=CARTESIAN_POINT('',(-2.08610123944164,0.00162496772789522,0.73));
#6131=CARTESIAN_POINT('',(-2.08610123944164,0.00162496772789522,0.731));
#6132=CARTESIAN_POINT('',(-2.08610123944164,0.00162496772789522,0.731));
#6133=CARTESIAN_POINT('',(-2.08610123944164,0.00162496772789522,0.73));
#6134=CARTESIAN_POINT('Ctrl Pts',(-2.0080342357,-0.146727809336835,0.73));
#6135=CARTESIAN_POINT('Ctrl Pts',(-2.0080342357,-0.146727809336835,0.731));
#6136=CARTESIAN_POINT('Ctrl Pts',(-1.97194629341648,-0.0861295732795306,
0.73));
#6137=CARTESIAN_POINT('Ctrl Pts',(-1.97194629341648,-0.0861295732795306,
0.731));
#6138=CARTESIAN_POINT('Ctrl Pts',(-2.02097942895611,-0.00480928574601736,
0.73));
#6139=CARTESIAN_POINT('Ctrl Pts',(-2.02097942895611,-0.00480928574601736,
0.731));
#6140=CARTESIAN_POINT('Ctrl Pts',(-2.08610123944164,0.00162496772789522,
0.73));
#6141=CARTESIAN_POINT('Ctrl Pts',(-2.08610123944164,0.00162496772789522,
0.731));
#6142=CARTESIAN_POINT('',(-2.0080342357,-0.146727809336835,0.73));
#6143=CARTESIAN_POINT('Ctrl Pts',(-2.0080342357,-0.146727809336835,0.73));
#6144=CARTESIAN_POINT('Ctrl Pts',(-1.97194629341648,-0.0861295732795306,
0.73));
#6145=CARTESIAN_POINT('Ctrl Pts',(-2.02097942895611,-0.00480928574601736,
0.73));
#6146=CARTESIAN_POINT('Ctrl Pts',(-2.08610123944164,0.00162496772789522,
0.73));
#6147=CARTESIAN_POINT('',(-2.0080342357,-0.146727809336835,0.731));
#6148=CARTESIAN_POINT('Ctrl Pts',(-2.0080342357,-0.146727809336835,0.731));
#6149=CARTESIAN_POINT('Ctrl Pts',(-1.97194629341648,-0.0861295732795306,
0.731));
#6150=CARTESIAN_POINT('Ctrl Pts',(-2.02097942895611,-0.00480928574601736,
0.731));
#6151=CARTESIAN_POINT('Ctrl Pts',(-2.08610123944164,0.00162496772789522,
0.731));
#6152=CARTESIAN_POINT('',(-2.0080342357,-0.146727809336835,0.73));
#6153=CARTESIAN_POINT('Origin',(-2.07671826098174,-0.146727809299453,0.73));
#6154=CARTESIAN_POINT('',(-2.07671826098174,-0.146727809299453,0.73));
#6155=CARTESIAN_POINT('',(-2.07671826098174,-0.146727809299453,0.73));
#6156=CARTESIAN_POINT('',(-2.07671826098174,-0.146727809299453,0.731));
#6157=CARTESIAN_POINT('',(-2.07671826098174,-0.146727809299453,0.731));
#6158=CARTESIAN_POINT('',(-2.07671826098174,-0.146727809299453,0.73));
#6159=CARTESIAN_POINT('Ctrl Pts',(-2.1058626336,-0.0803739780368358,0.73));
#6160=CARTESIAN_POINT('Ctrl Pts',(-2.1058626336,-0.0803739780368358,0.731));
#6161=CARTESIAN_POINT('Ctrl Pts',(-2.07762068496051,-0.0886042475817956,
0.73));
#6162=CARTESIAN_POINT('Ctrl Pts',(-2.07762068496051,-0.0886042475817956,
0.731));
#6163=CARTESIAN_POINT('Ctrl Pts',(-2.07358905745967,-0.122308052801041,
0.73));
#6164=CARTESIAN_POINT('Ctrl Pts',(-2.07358905745967,-0.122308052801041,
0.731));
#6165=CARTESIAN_POINT('Ctrl Pts',(-2.07671826098174,-0.146727809299453,
0.73));
#6166=CARTESIAN_POINT('Ctrl Pts',(-2.07671826098174,-0.146727809299453,
0.731));
#6167=CARTESIAN_POINT('',(-2.1058626336,-0.0803739780368358,0.73));
#6168=CARTESIAN_POINT('Ctrl Pts',(-2.1058626336,-0.0803739780368358,0.73));
#6169=CARTESIAN_POINT('Ctrl Pts',(-2.07762068496051,-0.0886042475817956,
0.73));
#6170=CARTESIAN_POINT('Ctrl Pts',(-2.07358905745967,-0.122308052801041,
0.73));
#6171=CARTESIAN_POINT('Ctrl Pts',(-2.07671826098174,-0.146727809299453,
0.73));
#6172=CARTESIAN_POINT('',(-2.1058626336,-0.0803739780368358,0.731));
#6173=CARTESIAN_POINT('Ctrl Pts',(-2.1058626336,-0.0803739780368358,0.731));
#6174=CARTESIAN_POINT('Ctrl Pts',(-2.07762068496051,-0.0886042475817956,
0.731));
#6175=CARTESIAN_POINT('Ctrl Pts',(-2.07358905745967,-0.122308052801041,
0.731));
#6176=CARTESIAN_POINT('Ctrl Pts',(-2.07671826098174,-0.146727809299453,
0.731));
#6177=CARTESIAN_POINT('',(-2.1058626336,-0.0803739780368358,0.73));
#6178=CARTESIAN_POINT('Origin',(-2.2600868736,-0.0803739780368359,0.73));
#6179=CARTESIAN_POINT('',(-2.2600868736,-0.0803739780368359,0.73));
#6180=CARTESIAN_POINT('',(-2.2600868736,-0.0803739780368359,0.73));
#6181=CARTESIAN_POINT('',(-2.2600868736,-0.0803739780368359,0.731));
#6182=CARTESIAN_POINT('',(-2.2600868736,-0.0803739780368359,0.731));
#6183=CARTESIAN_POINT('',(-2.2600868736,-0.0803739780368359,0.73));
#6184=CARTESIAN_POINT('Origin',(-2.2600868736,-0.143691536836837,0.73));
#6185=CARTESIAN_POINT('',(-2.2600868736,-0.143691536836837,0.73));
#6186=CARTESIAN_POINT('',(-2.2600868736,-0.143691536836837,0.731));
#6187=CARTESIAN_POINT('Origin',(-2.32819130817236,-0.050930865058454,0.731));
#6188=CARTESIAN_POINT('Origin',(-2.32819130817236,-0.050930865058454,0.73));
#6189=CARTESIAN_POINT('Origin',(-2.1310826783,-0.233590273436836,0.73));
#6190=CARTESIAN_POINT('',(-2.07781022860179,-0.233590273436836,0.731));
#6191=CARTESIAN_POINT('Origin',(-2.1310826783,-0.233590273436836,0.731));
#6192=CARTESIAN_POINT('',(-2.07781022860179,-0.233590273436836,0.73));
#6193=CARTESIAN_POINT('Origin',(-2.1310826783,-0.233590273436836,0.73));
#6194=CARTESIAN_POINT('Origin',(-2.1310826783,-0.233590273436836,0.731));
#6195=CARTESIAN_POINT('Origin',(-2.1310826783,-0.233590273436836,0.73));
#6196=CARTESIAN_POINT('Origin',(-2.0463472336,0.562410570063163,0.73));
#6197=CARTESIAN_POINT('',(-2.0463472336,0.562410570063163,0.73));
#6198=CARTESIAN_POINT('',(-2.6912101523,0.562410570063163,0.73));
#6199=CARTESIAN_POINT('',(-2.0463472336,0.562410570063163,0.73));
#6200=CARTESIAN_POINT('',(-2.6912101523,0.562410570063163,0.731));
#6201=CARTESIAN_POINT('',(-2.6912101523,0.562410570063163,0.73));
#6202=CARTESIAN_POINT('',(-2.0463472336,0.562410570063163,0.731));
#6203=CARTESIAN_POINT('',(-2.0463472336,0.562410570063163,0.731));
#6204=CARTESIAN_POINT('',(-2.0463472336,0.562410570063163,0.73));
#6205=CARTESIAN_POINT('Origin',(-2.0463472336,0.474470580163164,0.73));
#6206=CARTESIAN_POINT('',(-2.0463472336,0.474470580163164,0.73));
#6207=CARTESIAN_POINT('',(-2.0463472336,0.474470580163164,0.73));
#6208=CARTESIAN_POINT('',(-2.0463472336,0.474470580163164,0.731));
#6209=CARTESIAN_POINT('',(-2.0463472336,0.474470580163164,0.731));
#6210=CARTESIAN_POINT('',(-2.0463472336,0.474470580163164,0.73));
#6211=CARTESIAN_POINT('Origin',(-2.6912101523,0.474470580163165,0.73));
#6212=CARTESIAN_POINT('',(-2.6912101523,0.474470580163165,0.73));
#6213=CARTESIAN_POINT('',(-2.6912101523,0.474470580163165,0.73));
#6214=CARTESIAN_POINT('',(-2.6912101523,0.474470580163165,0.731));
#6215=CARTESIAN_POINT('',(-2.6912101523,0.474470580163165,0.731));
#6216=CARTESIAN_POINT('',(-2.6912101523,0.474470580163165,0.73));
#6217=CARTESIAN_POINT('Origin',(-2.6912101523,0.562410570063163,0.73));
#6218=CARTESIAN_POINT('',(-2.6912101523,0.562410570063163,0.73));
#6219=CARTESIAN_POINT('',(-2.6912101523,0.562410570063163,0.731));
#6220=CARTESIAN_POINT('Origin',(-2.36877869295,0.518440575113164,0.731));
#6221=CARTESIAN_POINT('Origin',(-2.36877869295,0.518440575113164,0.73));
#6222=CARTESIAN_POINT('Origin',(-2.06025359341168,1.09469599822302,0.73));
#6223=CARTESIAN_POINT('',(-2.06025359341168,1.09469599822302,0.73));
#6224=CARTESIAN_POINT('',(-2.0510337614,1.21982282986316,0.73));
#6225=CARTESIAN_POINT('',(-2.06025359341168,1.09469599822302,0.73));
#6226=CARTESIAN_POINT('',(-2.0510337614,1.21982282986316,0.731));
#6227=CARTESIAN_POINT('',(-2.0510337614,1.21982282986316,0.73));
#6228=CARTESIAN_POINT('',(-2.06025359341168,1.09469599822302,0.731));
#6229=CARTESIAN_POINT('',(-2.06025359341168,1.09469599822302,0.731));
#6230=CARTESIAN_POINT('',(-2.06025359341168,1.09469599822302,0.73));
#6231=CARTESIAN_POINT('Origin',(-2.1058626335487,1.09805664983815,0.73));
#6232=CARTESIAN_POINT('',(-2.0922065521,1.05441045916316,0.73));
#6233=CARTESIAN_POINT('Origin',(-2.10586263355484,1.09805664984957,0.73));
#6234=CARTESIAN_POINT('',(-2.0922065521,1.05441045916316,0.731));
#6235=CARTESIAN_POINT('Origin',(-2.10586263355484,1.09805664984957,0.731));
#6236=CARTESIAN_POINT('',(-2.0922065521,1.05441045916316,0.73));
#6237=CARTESIAN_POINT('Origin',(-2.61684896966669,0.936573349157187,0.73));
#6238=CARTESIAN_POINT('',(-2.61684896966669,0.936573349157187,0.73));
#6239=CARTESIAN_POINT('',(-2.61684896966669,0.936573349157187,0.73));
#6240=CARTESIAN_POINT('',(-2.61684896966669,0.936573349157187,0.731));
#6241=CARTESIAN_POINT('',(-2.61684896966669,0.936573349157187,0.731));
#6242=CARTESIAN_POINT('',(-2.61684896966669,0.936573349157187,0.73));
#6243=CARTESIAN_POINT('Ctrl Pts',(-2.1269255705,1.52503443466316,0.73));
#6244=CARTESIAN_POINT('Ctrl Pts',(-2.1269255705,1.52503443466316,0.731));
#6245=CARTESIAN_POINT('Ctrl Pts',(-2.16400201649665,1.5958814415401,0.73));
#6246=CARTESIAN_POINT('Ctrl Pts',(-2.16400201649665,1.5958814415401,0.731));
#6247=CARTESIAN_POINT('Ctrl Pts',(-2.28376931854256,1.73632837352325,0.73));
#6248=CARTESIAN_POINT('Ctrl Pts',(-2.28376931854256,1.73632837352325,0.731));
#6249=CARTESIAN_POINT('Ctrl Pts',(-2.51403233875291,1.6814852440849,0.73));
#6250=CARTESIAN_POINT('Ctrl Pts',(-2.51403233875291,1.6814852440849,0.731));
#6251=CARTESIAN_POINT('Ctrl Pts',(-2.61224678604439,1.54998116292786,0.73));
#6252=CARTESIAN_POINT('Ctrl Pts',(-2.61224678604439,1.54998116292786,0.731));
#6253=CARTESIAN_POINT('Ctrl Pts',(-2.68588455869832,1.40582158923357,0.73));
#6254=CARTESIAN_POINT('Ctrl Pts',(-2.68588455869832,1.40582158923357,0.731));
#6255=CARTESIAN_POINT('Ctrl Pts',(-2.70943524221365,1.18463654025437,0.73));
#6256=CARTESIAN_POINT('Ctrl Pts',(-2.70943524221365,1.18463654025437,0.731));
#6257=CARTESIAN_POINT('Ctrl Pts',(-2.67457815510306,1.01448690419173,0.73));
#6258=CARTESIAN_POINT('Ctrl Pts',(-2.67457815510306,1.01448690419173,0.731));
#6259=CARTESIAN_POINT('Ctrl Pts',(-2.61684896966669,0.936573349157187,0.73));
#6260=CARTESIAN_POINT('Ctrl Pts',(-2.61684896966669,0.936573349157187,0.731));
#6261=CARTESIAN_POINT('',(-2.1269255705,1.52503443466316,0.73));
#6262=CARTESIAN_POINT('Ctrl Pts',(-2.1269255705,1.52503443466316,0.73));
#6263=CARTESIAN_POINT('Ctrl Pts',(-2.16400201649665,1.5958814415401,0.73));
#6264=CARTESIAN_POINT('Ctrl Pts',(-2.28376931854256,1.73632837352325,0.73));
#6265=CARTESIAN_POINT('Ctrl Pts',(-2.51403233875291,1.6814852440849,0.73));
#6266=CARTESIAN_POINT('Ctrl Pts',(-2.61224678604439,1.54998116292786,0.73));
#6267=CARTESIAN_POINT('Ctrl Pts',(-2.68588455869832,1.40582158923357,0.73));
#6268=CARTESIAN_POINT('Ctrl Pts',(-2.70943524221365,1.18463654025437,0.73));
#6269=CARTESIAN_POINT('Ctrl Pts',(-2.67457815510306,1.01448690419173,0.73));
#6270=CARTESIAN_POINT('Ctrl Pts',(-2.61684896966669,0.936573349157187,0.73));
#6271=CARTESIAN_POINT('',(-2.1269255705,1.52503443466316,0.731));
#6272=CARTESIAN_POINT('Ctrl Pts',(-2.1269255705,1.52503443466316,0.731));
#6273=CARTESIAN_POINT('Ctrl Pts',(-2.16400201649665,1.5958814415401,0.731));
#6274=CARTESIAN_POINT('Ctrl Pts',(-2.28376931854256,1.73632837352325,0.731));
#6275=CARTESIAN_POINT('Ctrl Pts',(-2.51403233875291,1.6814852440849,0.731));
#6276=CARTESIAN_POINT('Ctrl Pts',(-2.61224678604439,1.54998116292786,0.731));
#6277=CARTESIAN_POINT('Ctrl Pts',(-2.68588455869832,1.40582158923357,0.731));
#6278=CARTESIAN_POINT('Ctrl Pts',(-2.70943524221365,1.18463654025437,0.731));
#6279=CARTESIAN_POINT('Ctrl Pts',(-2.67457815510306,1.01448690419173,0.731));
#6280=CARTESIAN_POINT('Ctrl Pts',(-2.61684896966669,0.936573349157187,0.731));
#6281=CARTESIAN_POINT('',(-2.1269255705,1.52503443466316,0.73));
#6282=CARTESIAN_POINT('Origin',(-2.18041010389801,1.49923601261644,0.73));
#6283=CARTESIAN_POINT('',(-2.18041010389801,1.49923601261644,0.73));
#6284=CARTESIAN_POINT('',(-2.18041010389801,1.49923601261644,0.73));
#6285=CARTESIAN_POINT('',(-2.18041010389801,1.49923601261644,0.731));
#6286=CARTESIAN_POINT('',(-2.18041010389801,1.49923601261644,0.731));
#6287=CARTESIAN_POINT('',(-2.18041010389801,1.49923601261644,0.73));
#6288=CARTESIAN_POINT('Ctrl Pts',(-2.6168489697,0.988144159263164,0.73));
#6289=CARTESIAN_POINT('Ctrl Pts',(-2.6168489697,0.988144159263164,0.731));
#6290=CARTESIAN_POINT('Ctrl Pts',(-2.67264526901445,1.10356742022395,0.73));
#6291=CARTESIAN_POINT('Ctrl Pts',(-2.67264526901445,1.10356742022395,0.731));
#6292=CARTESIAN_POINT('Ctrl Pts',(-2.67431589637622,1.2912708253974,0.73));
#6293=CARTESIAN_POINT('Ctrl Pts',(-2.67431589637622,1.2912708253974,0.731));
#6294=CARTESIAN_POINT('Ctrl Pts',(-2.56586651527025,1.52273493687573,0.73));
#6295=CARTESIAN_POINT('Ctrl Pts',(-2.56586651527025,1.52273493687573,0.731));
#6296=CARTESIAN_POINT('Ctrl Pts',(-2.36792804469251,1.62884118351494,0.73));
#6297=CARTESIAN_POINT('Ctrl Pts',(-2.36792804469251,1.62884118351494,0.731));
#6298=CARTESIAN_POINT('Ctrl Pts',(-2.22060057221066,1.55824779889545,0.73));
#6299=CARTESIAN_POINT('Ctrl Pts',(-2.22060057221066,1.55824779889545,0.731));
#6300=CARTESIAN_POINT('Ctrl Pts',(-2.18041010389801,1.49923601261644,0.73));
#6301=CARTESIAN_POINT('Ctrl Pts',(-2.18041010389801,1.49923601261644,0.731));
#6302=CARTESIAN_POINT('',(-2.6168489697,0.988144159263164,0.73));
#6303=CARTESIAN_POINT('Ctrl Pts',(-2.6168489697,0.988144159263164,0.73));
#6304=CARTESIAN_POINT('Ctrl Pts',(-2.67264526901445,1.10356742022395,0.73));
#6305=CARTESIAN_POINT('Ctrl Pts',(-2.67431589637622,1.2912708253974,0.73));
#6306=CARTESIAN_POINT('Ctrl Pts',(-2.56586651527025,1.52273493687573,0.73));
#6307=CARTESIAN_POINT('Ctrl Pts',(-2.36792804469251,1.62884118351494,0.73));
#6308=CARTESIAN_POINT('Ctrl Pts',(-2.22060057221066,1.55824779889545,0.73));
#6309=CARTESIAN_POINT('Ctrl Pts',(-2.18041010389801,1.49923601261644,0.73));
#6310=CARTESIAN_POINT('',(-2.6168489697,0.988144159263164,0.731));
#6311=CARTESIAN_POINT('Ctrl Pts',(-2.6168489697,0.988144159263164,0.731));
#6312=CARTESIAN_POINT('Ctrl Pts',(-2.67264526901445,1.10356742022395,0.731));
#6313=CARTESIAN_POINT('Ctrl Pts',(-2.67431589637622,1.2912708253974,0.731));
#6314=CARTESIAN_POINT('Ctrl Pts',(-2.56586651527025,1.52273493687573,0.731));
#6315=CARTESIAN_POINT('Ctrl Pts',(-2.36792804469251,1.62884118351494,0.731));
#6316=CARTESIAN_POINT('Ctrl Pts',(-2.22060057221066,1.55824779889545,0.731));
#6317=CARTESIAN_POINT('Ctrl Pts',(-2.18041010389801,1.49923601261644,0.731));
#6318=CARTESIAN_POINT('',(-2.6168489697,0.988144159263164,0.73));
#6319=CARTESIAN_POINT('Origin',(-2.1023586503107,1.10636378952235,0.73));
#6320=CARTESIAN_POINT('',(-2.1023586503107,1.10636378952235,0.73));
#6321=CARTESIAN_POINT('',(-2.1023586503107,1.10636378952235,0.73));
#6322=CARTESIAN_POINT('',(-2.1023586503107,1.10636378952235,0.731));
#6323=CARTESIAN_POINT('',(-2.1023586503107,1.10636378952235,0.731));
#6324=CARTESIAN_POINT('',(-2.1023586503107,1.10636378952235,0.73));
#6325=CARTESIAN_POINT('Origin',(-2.10075912918705,1.1209375851582,0.73));
#6326=CARTESIAN_POINT('',(-2.0861012394,1.12125421856316,0.73));
#6327=CARTESIAN_POINT('Origin',(-2.10075912914547,1.12093758520219,0.73));
#6328=CARTESIAN_POINT('',(-2.0861012394,1.12125421856316,0.731));
#6329=CARTESIAN_POINT('Origin',(-2.10075912914547,1.12093758520219,0.731));
#6330=CARTESIAN_POINT('',(-2.0861012394,1.12125421856316,0.73));
#6331=CARTESIAN_POINT('Origin',(-2.0882304767,1.21982282986316,0.73));
#6332=CARTESIAN_POINT('',(-2.0882304767,1.21982282986316,0.73));
#6333=CARTESIAN_POINT('',(-2.0882304767,1.21982282986316,0.73));
#6334=CARTESIAN_POINT('',(-2.0882304767,1.21982282986316,0.731));
#6335=CARTESIAN_POINT('',(-2.0882304767,1.21982282986316,0.731));
#6336=CARTESIAN_POINT('',(-2.0882304767,1.21982282986316,0.73));
#6337=CARTESIAN_POINT('Origin',(-2.0510337614,1.21982282986316,0.73));
#6338=CARTESIAN_POINT('',(-2.0510337614,1.21982282986316,0.73));
#6339=CARTESIAN_POINT('',(-2.0510337614,1.21982282986316,0.731));
#6340=CARTESIAN_POINT('Origin',(-2.42523572383222,1.27896923157989,0.731));
#6341=CARTESIAN_POINT('Origin',(-2.42523572383222,1.27896923157989,0.73));
#6342=CARTESIAN_POINT('Origin',(-2.2600868736,1.43535091356316,0.73));
#6343=CARTESIAN_POINT('',(-2.2600868736,1.43535091356316,0.73));
#6344=CARTESIAN_POINT('',(-2.5922531758,1.35748403556316,0.73));
#6345=CARTESIAN_POINT('',(-2.2600868736,1.43535091356316,0.73));
#6346=CARTESIAN_POINT('',(-2.5922531758,1.35748403556316,0.731));
#6347=CARTESIAN_POINT('',(-2.5922531758,1.35748403556316,0.73));
#6348=CARTESIAN_POINT('',(-2.2600868736,1.43535091356316,0.731));
#6349=CARTESIAN_POINT('',(-2.2600868736,1.43535091356316,0.731));
#6350=CARTESIAN_POINT('',(-2.2600868736,1.43535091356316,0.73));
#6351=CARTESIAN_POINT('Origin',(-2.2600868736,1.23033432346316,0.73));
#6352=CARTESIAN_POINT('',(-2.2600868736,1.23033432346316,0.73));
#6353=CARTESIAN_POINT('',(-2.2600868736,1.23033432346316,0.73));
#6354=CARTESIAN_POINT('',(-2.2600868736,1.23033432346316,0.731));
#6355=CARTESIAN_POINT('',(-2.2600868736,1.23033432346316,0.731));
#6356=CARTESIAN_POINT('',(-2.2600868736,1.23033432346316,0.73));
#6357=CARTESIAN_POINT('Origin',(-2.5922531758,1.15246744546316,0.73));
#6358=CARTESIAN_POINT('',(-2.5922531758,1.15246744546316,0.73));
#6359=CARTESIAN_POINT('',(-2.5922531758,1.15246744546316,0.73));
#6360=CARTESIAN_POINT('',(-2.5922531758,1.15246744546316,0.731));
#6361=CARTESIAN_POINT('',(-2.5922531758,1.15246744546316,0.731));
#6362=CARTESIAN_POINT('',(-2.5922531758,1.15246744546316,0.73));
#6363=CARTESIAN_POINT('Origin',(-2.5922531758,1.35748403556316,0.73));
#6364=CARTESIAN_POINT('',(-2.5922531758,1.35748403556316,0.73));
#6365=CARTESIAN_POINT('',(-2.5922531758,1.35748403556316,0.731));
#6366=CARTESIAN_POINT('Origin',(-2.4261700247,1.29390917951316,0.731));
#6367=CARTESIAN_POINT('Origin',(-2.4261700247,1.29390917951316,0.73));
#6368=CARTESIAN_POINT('Origin',(-2.0973137569,1.36986940796316,0.73));
#6369=CARTESIAN_POINT('',(-1.98771141051065,1.36986940796316,0.731));
#6370=CARTESIAN_POINT('Origin',(-2.0973137569,1.36986940796316,0.731));
#6371=CARTESIAN_POINT('',(-1.98771141051065,1.36986940796316,0.73));
#6372=CARTESIAN_POINT('Origin',(-2.0973137569,1.36986940796316,0.73));
#6373=CARTESIAN_POINT('Origin',(-2.0973137569,1.36986940796316,0.731));
#6374=CARTESIAN_POINT('Origin',(-2.0973137569,1.36986940796316,0.73));
#6375=UNCERTAINTY_MEASURE_WITH_UNIT(LENGTH_MEASURE(0.01),#6379,
'DISTANCE_ACCURACY_VALUE',
'Maximum model space distance between geometric entities at asserted c
onnectivities');
#6376=UNCERTAINTY_MEASURE_WITH_UNIT(LENGTH_MEASURE(0.01),#6379,
'DISTANCE_ACCURACY_VALUE',
'Maximum model space distance between geometric entities at asserted c
onnectivities');
#6377=(
GEOMETRIC_REPRESENTATION_CONTEXT(3)
GLOBAL_UNCERTAINTY_ASSIGNED_CONTEXT((#6375))
GLOBAL_UNIT_ASSIGNED_CONTEXT((#6379,#6381,#6380))
REPRESENTATION_CONTEXT('','3D')
);
#6378=(
GEOMETRIC_REPRESENTATION_CONTEXT(3)
GLOBAL_UNCERTAINTY_ASSIGNED_CONTEXT((#6376))
GLOBAL_UNIT_ASSIGNED_CONTEXT((#6379,#6381,#6380))
REPRESENTATION_CONTEXT('','3D')
);
#6379=(
LENGTH_UNIT()
NAMED_UNIT(*)
SI_UNIT(.MILLI.,.METRE.)
);
#6380=(
NAMED_UNIT(*)
SI_UNIT($,.STERADIAN.)
SOLID_ANGLE_UNIT()
);
#6381=(
NAMED_UNIT(*)
PLANE_ANGLE_UNIT()
SI_UNIT($,.RADIAN.)
);
#6382=SHAPE_DEFINITION_REPRESENTATION(#6383,#6384);
#6383=PRODUCT_DEFINITION_SHAPE('',$,#6386);
#6384=SHAPE_REPRESENTATION('',(#3831),#6377);
#6385=PRODUCT_DEFINITION_CONTEXT('part definition',#6390,'design');
#6386=PRODUCT_DEFINITION('Product','Product',#6387,#6385);
#6387=PRODUCT_DEFINITION_FORMATION('',$,#6392);
#6388=PRODUCT_RELATED_PRODUCT_CATEGORY('Product','Product',(#6392));
#6389=APPLICATION_PROTOCOL_DEFINITION('international standard',
'automotive_design',2009,#6390);
#6390=APPLICATION_CONTEXT(
'Core Data for Automotive Mechanical Design Process');
#6391=PRODUCT_CONTEXT('part definition',#6390,'mechanical');
#6392=PRODUCT('Product','Product',$,(#6391));
#6393=PRESENTATION_STYLE_ASSIGNMENT((#6398));
#6394=PRESENTATION_STYLE_ASSIGNMENT((#6399));
#6395=PRESENTATION_STYLE_ASSIGNMENT((#6400));
#6396=PRESENTATION_STYLE_ASSIGNMENT((#6401));
#6397=PRESENTATION_STYLE_ASSIGNMENT((#6402));
#6398=SURFACE_STYLE_USAGE(.BOTH.,#6403);
#6399=SURFACE_STYLE_USAGE(.BOTH.,#6404);
#6400=SURFACE_STYLE_USAGE(.BOTH.,#6405);
#6401=SURFACE_STYLE_USAGE(.BOTH.,#6406);
#6402=SURFACE_STYLE_USAGE(.BOTH.,#6407);
#6403=SURFACE_SIDE_STYLE('',(#6408));
#6404=SURFACE_SIDE_STYLE('',(#6409));
#6405=SURFACE_SIDE_STYLE('',(#6410));
#6406=SURFACE_SIDE_STYLE('',(#6411));
#6407=SURFACE_SIDE_STYLE('',(#6412));
#6408=SURFACE_STYLE_FILL_AREA(#6413);
#6409=SURFACE_STYLE_FILL_AREA(#6414);
#6410=SURFACE_STYLE_FILL_AREA(#6415);
#6411=SURFACE_STYLE_FILL_AREA(#6416);
#6412=SURFACE_STYLE_FILL_AREA(#6417);
#6413=FILL_AREA_STYLE('',(#6418));
#6414=FILL_AREA_STYLE('',(#6419));
#6415=FILL_AREA_STYLE('',(#6420));
#6416=FILL_AREA_STYLE('',(#6421));
#6417=FILL_AREA_STYLE('',(#6422));
#6418=FILL_AREA_STYLE_COLOUR('',#6423);
#6419=FILL_AREA_STYLE_COLOUR('',#6424);
#6420=FILL_AREA_STYLE_COLOUR('',#6425);
#6421=FILL_AREA_STYLE_COLOUR('',#6426);
#6422=FILL_AREA_STYLE_COLOUR('',#6427);
#6423=COLOUR_RGB('',0.329411764705882,0.329411764705882,0.329411764705882);
#6424=COLOUR_RGB('',0.866666666666667,0.866666666666667,0.866666666666667);
#6425=COLOUR_RGB('',1.,1.,1.);
#6426=COLOUR_RGB('',0.749019607843137,0.749019607843137,0.749019607843137);
#6427=COLOUR_RGB('',1.,1.,1.);
ENDSEC;
END-ISO-10303-21;
